view_id,user_id,show_id,duration_watched,watch_date,completion_percentage
V000001,U01725,S0589,192.0,2024-01-02,62.0
V000002,U01956,S0161,500.0,2024-07-11,31.0
V000003,U00491,S0379,500.0,2025-12-06,28.0
V000004,U01384,S0710,161.0,2024-03-08,15.0
V000005,U01257,S0920,25.0,2024-03-14,30.0
V000006,U01598,S0559,143.0,2024-01-09,24.0
V000007,U00999,S0388,201.0,2024-07-14,22.0
V000008,U00059,S0786,183.0,2024-05-06,79.0
V000009,U01802,S0578,500.0,2024-03-02,56.0
V000010,U01737,S0158,163.0,2024-01-02,41.0
V000011,U01491,S0580,124.0,2024-03-12,85.0
V000012,U01267,S0962,500.0,2025-01-25,56.0
V000013,U00056,S0758,500.0,2024-06-07,54.0
V000014,U00734,S0440,500.0,2024-03-10,65.0
V000015,U01483,S0732,31.0,2024-12-18,46.0
V000016,U01779,S0250,500.0,2025-01-10,45.0
V000017,U01928,S0620,184.0,2024-03-27,59.0
V000018,U00829,S0882,68.0,2025-04-05,30.0
V000019,U00750,S0380,163.0,2024-08-02,97.0
V000020,U01108,S0724,134.0,2024-04-22,24.0
V000021,U00207,S0561,500.0,2025-04-30,50.0
V000022,U00997,S0751,115.0,2025-01-20,69.0
V000023,U00220,S0344,30.0,2024-01-28,47.0
V000024,U01619,S0484,500.0,2024-06-10,48.0
V000025,U00175,S0473,500.0,2024-07-28,24.0
V000026,U00006,S0520,219.0,2024-03-12,98.0
V000027,U00987,S0651,19.0,2025-05-21,41.0
V000028,U01666,S0460,500.0,2024-06-08,55.0
V000029,U00448,S0683,500.0,2024-06-02,75.0
V000030,U00112,S0164,33.0,2024-05-20,62.0
V000031,U00194,S0809,19.0,2024-12-10,56.0
V000032,U00528,S0736,153.0,2025-06-02,96.0
V000033,U01864,S0699,16.0,2024-08-28,56.0
V000034,U01154,S0278,500.0,2025-01-30,92.0
V000035,U01860,S0122,500.0,2024-06-26,35.0
V000036,U01895,S0187,119.0,2024-08-26,54.0
V000037,U00538,S0028,197.0,2024-06-12,59.0
V000038,U01979,S0505,500.0,2024-02-16,93.0
V000039,U00377,S0816,60.0,2024-04-02,73.0
V000040,U01499,S0406,188.0,2024-05-25,80.0
V000041,U01622,S0010,40.0,2025-03-26,89.0
V000042,U00331,S0581,500.0,2024-05-01,93.0
V000043,U01853,S0983,124.0,2024-05-06,44.0
V000044,U01920,S0300,500.0,2025-04-14,55.0
V000045,U00840,S0667,500.0,2024-04-27,97.0
V000046,U00276,S0195,92.0,2024-12-05,12.0
V000047,U00711,S0329,81.0,2024-06-01,68.0
V000048,U00609,S0079,500.0,2024-03-31,28.0
V000049,U01103,S0281,155.0,2025-06-14,75.0
V000050,U00782,S0162,500.0,2025-07-04,97.0
V000051,U01838,S0991,12.0,2025-05-26,14.0
V000052,U01896,S0845,500.0,2025-07-03,82.0
V000053,U00775,S0842,15.0,2024-11-21,12.0
V000054,U01542,S0428,500.0,2024-07-31,30.0
V000055,U01748,S0199,500.0,2025-02-18,46.0
V000056,U00427,S0589,106.0,2024-06-10,74.0
V000057,U01463,S0735,500.0,2025-05-03,17.0
V000058,U01252,S0665,48.0,2024-02-24,73.0
V000059,U00019,S0597,181.0,2024-09-13,15.0
V000060,U01971,S0105,219.0,2024-04-30,82.0
V000061,U01519,S0170,210.0,2024-01-30,69.0
V000062,U00279,S0389,500.0,2025-05-01,15.0
V000063,U01270,S0537,500.0,2024-04-30,89.0
V000064,U01487,S0739,38.0,2025-04-13,90.0
V000065,U01633,S0672,68.0,2024-01-22,75.0
V000066,U01810,S0089,77.0,2024-09-14,97.0
V000067,U00662,S0851,500.0,2024-12-22,87.0
V000068,U00835,S0466,500.0,2024-02-16,56.0
V000069,U00061,S0089,120.0,2025-03-24,44.0
V000070,U01813,S0066,10.0,2025-05-03,50.0
V000071,U01663,S0263,104.0,2024-05-31,79.0
V000072,U00274,S0663,107.0,2025-04-29,17.0
V000073,U00958,S0063,96.0,2025-09-05,54.0
V000074,U01733,S0761,32.0,2024-03-14,70.0
V000075,U00533,S0967,500.0,2024-07-14,89.0
V000076,U01050,S0118,500.0,2024-11-25,96.0
V000077,U00730,S0381,65.0,2024-08-27,33.0
V000078,U01896,S0519,219.0,2024-11-01,70.0
V000079,U01222,S0092,85.0,2024-04-20,62.0
V000080,U01246,S0430,500.0,2024-06-07,66.0
V000081,U02000,S0626,56.0,2025-05-14,30.0
V000082,U01750,S0330,500.0,2024-06-23,10.0
V000083,U01482,S0334,71.0,2025-06-03,42.0
V000084,U00559,S0075,500.0,2024-12-18,93.0
V000085,U00087,S0172,500.0,2024-10-22,44.0
V000086,U01649,S0838,57.0,2024-07-30,69.0
V000087,U01648,S0007,500.0,2024-08-20,16.0
V000088,U01273,S0888,500.0,2025-05-13,20.0
V000089,U00051,S0242,500.0,2025-10-03,23.0
V000090,U01324,S0743,121.0,2024-10-10,89.0
V000091,U01781,S0737,219.0,2024-03-11,58.0
V000092,U01344,S0927,195.0,2024-05-18,98.0
V000093,U00374,S0454,500.0,2024-04-04,86.0
V000094,U00528,S0107,54.0,2024-11-05,62.0
V000095,U00610,S0809,219.0,2025-04-15,46.0
V000096,U00307,S0576,201.0,2024-11-10,27.0
V000097,U01495,S0027,500.0,2024-03-04,15.0
V000098,U00896,S0383,500.0,2024-02-02,49.0
V000099,U01151,S0979,500.0,2025-01-03,30.0
V000100,U00317,S0876,35.0,2025-03-14,20.0
V000101,U00416,S0981,500.0,2024-08-02,76.0
V000102,U00007,S0650,500.0,2024-11-06,90.0
V000103,U01683,S0433,500.0,2024-05-19,56.0
V000104,U01904,S0706,109.0,2024-09-27,85.0
V000105,U01459,S0357,500.0,2024-03-05,14.0
V000106,U00256,S0272,500.0,2024-04-14,15.0
V000107,U01558,S0261,146.0,2025-05-15,73.0
V000108,U01244,S0410,125.0,2024-09-04,85.0
V000109,U01751,S0633,22.0,2024-04-04,48.0
V000110,U00694,S0062,500.0,2025-02-04,26.0
V000111,U00886,S0141,500.0,2025-03-16,66.0
V000112,U00699,S0708,500.0,2025-03-28,90.0
V000113,U00724,S0236,500.0,2024-05-07,90.0
V000114,U01801,S0002,500.0,2025-01-02,36.0
V000115,U00998,S0968,219.0,2024-07-30,86.0
V000116,U01964,S0680,500.0,2024-10-27,58.0
V000117,U01255,S0039,47.0,2024-02-08,87.0
V000118,U00741,S0402,500.0,2025-04-18,53.0
V000119,U01721,S0298,213.0,2024-04-16,96.0
V000120,U01359,S0987,500.0,2024-02-04,75.0
V000121,U01495,S0466,500.0,2024-11-13,84.0
V000122,U01328,S0453,500.0,2025-03-27,56.0
V000123,U01921,S0427,500.0,2025-02-24,70.0
V000124,U00835,S0008,500.0,2024-09-24,91.0
V000125,U01842,S0885,111.0,2024-01-10,35.0
V000126,U01255,S0687,173.0,2024-03-17,59.0
V000127,U00120,S0922,153.0,2025-05-13,52.0
V000128,U01478,S0808,500.0,2024-03-08,88.0
V000129,U01466,S0446,51.0,2025-03-03,69.0
V000130,U01065,S0207,500.0,2024-12-08,86.0
V000131,U00469,S0885,500.0,2024-09-12,49.0
V000132,U00376,S0043,500.0,2025-03-24,39.0
V000133,U00722,S0110,65.0,2025-10-01,43.0
V000134,U01287,S0336,148.0,2025-04-21,19.0
V000135,U01504,S0259,500.0,2025-05-22,25.0
V000136,U00364,S0005,109.0,2024-03-13,50.0
V000137,U01007,S0647,500.0,2025-05-21,10.0
V000138,U00673,S0323,500.0,2024-01-08,27.0
V000139,U01991,S0088,129.0,2025-03-19,26.0
V000140,U00784,S0927,500.0,2025-02-23,46.0
V000141,U01477,S0030,500.0,2024-03-11,26.0
V000142,U01253,S0777,134.0,2025-05-30,26.0
V000143,U01163,S0409,120.0,2024-08-30,37.0
V000144,U00153,S0659,500.0,2024-09-17,23.0
V000145,U01947,S0629,500.0,2024-08-14,71.0
V000146,U01080,S0208,500.0,2024-10-11,36.0
V000147,U01362,S0187,500.0,2024-11-02,68.0
V000148,U00826,S0335,14.0,2024-06-19,64.0
V000149,U00858,S0551,500.0,2025-03-01,100.0
V000150,U01256,S0765,199.0,2024-06-01,16.0
V000151,U00258,S0085,141.0,2024-05-12,40.0
V000152,U00400,S0883,55.0,2024-12-13,82.0
V000153,U01576,S0394,500.0,2025-06-12,10.0
V000154,U01339,S0338,500.0,2024-12-25,73.0
V000155,U01177,S0522,500.0,2024-01-19,90.0
V000156,U00079,S0596,161.0,2024-07-24,75.0
V000157,U00053,S0113,146.0,2024-12-18,92.0
V000158,U01241,S0459,500.0,2024-12-31,61.0
V000159,U01094,S0113,500.0,2024-10-30,40.0
V000160,U01675,S0313,219.0,2024-09-28,11.0
V000161,U01748,S0681,72.0,2024-07-28,85.0
V000162,U00906,S0400,500.0,2024-05-05,61.0
V000163,U00161,S0428,500.0,2024-12-29,26.0
V000164,U00098,S0791,500.0,2025-05-05,18.0
V000165,U01911,S0323,500.0,2024-05-01,13.0
V000166,U00620,S0047,115.0,2025-02-14,69.0
V000167,U01327,S0046,157.0,2024-12-27,13.0
V000168,U01556,S0163,500.0,2024-06-14,27.0
V000169,U01392,S0138,50.0,2024-07-09,73.0
V000170,U00219,S1000,16.0,2024-12-29,61.0
V000171,U00542,S0946,500.0,2025-06-18,78.0
V000172,U01600,S0953,149.0,2024-10-29,50.0
V000173,U01354,S0884,500.0,2025-01-26,90.0
V000174,U00218,S0094,114.0,2024-12-15,62.0
V000175,U01596,S0905,500.0,2025-05-26,62.0
V000176,U00792,S0873,10.0,2024-02-17,17.0
V000177,U01327,S0147,52.0,2025-10-03,82.0
V000178,U01147,S0259,500.0,2024-04-01,72.0
V000179,U01584,S0745,500.0,2024-06-14,46.0
V000180,U00160,S0572,500.0,2025-06-01,72.0
V000181,U01092,S0552,132.0,2024-01-10,71.0
V000182,U00256,S0449,139.0,2025-03-18,51.0
V000183,U01043,S0397,500.0,2025-06-01,63.0
V000184,U00915,S0119,500.0,2024-07-30,100.0
V000185,U01326,S0910,213.0,2024-05-10,23.0
V000186,U00736,S0630,71.0,2024-01-31,89.0
V000187,U00774,S0893,500.0,2024-01-30,71.0
V000188,U01042,S0922,500.0,2024-05-25,100.0
V000189,U00730,S0747,500.0,2024-07-12,32.0
V000190,U01261,S0881,10.0,2024-01-26,22.0
V000191,U01926,S0123,500.0,2024-11-01,18.0
V000192,U01997,S0835,95.0,2024-05-20,83.0
V000193,U00666,S0865,500.0,2024-12-09,14.0
V000194,U01041,S0614,16.0,2025-05-02,94.0
V000195,U00013,S0978,500.0,2024-01-24,46.0
V000196,U01386,S0213,116.0,2025-01-19,74.0
V000197,U01917,S0551,8.0,2024-07-27,81.0
V000198,U00544,S0553,43.0,2025-02-19,21.0
V000199,U01483,S0818,167.0,2024-02-23,24.0
V000200,U00929,S0894,219.0,2025-06-21,16.0
V000201,U01191,S0369,124.0,2025-05-18,42.0
V000202,U00888,S0741,500.0,2024-09-17,89.0
V000203,U00167,S0258,500.0,2025-04-09,54.0
V000204,U01803,S0333,161.0,2024-03-18,80.0
V000205,U01659,S0358,45.0,2024-08-30,24.0
V000206,U01312,S0300,22.0,2024-11-08,48.0
V000207,U01853,S0157,500.0,2025-02-17,87.0
V000208,U00805,S0143,22.0,2024-02-17,30.0
V000209,U00487,S0678,81.0,2024-08-21,45.0
V000210,U01827,S0818,171.0,2024-09-29,80.0
V000211,U00306,S0335,500.0,2024-01-13,99.0
V000212,U01592,S0746,500.0,2024-11-21,56.0
V000213,U01933,S0385,170.0,2024-12-16,83.0
V000214,U00220,S0103,500.0,2024-12-16,60.0
V000215,U00478,S0555,66.0,2024-04-18,37.0
V000216,U01551,S0085,209.0,2024-07-13,97.0
V000217,U00439,S0560,500.0,2024-02-24,99.0
V000218,U01725,S0690,203.0,2024-03-09,49.0
V000219,U00688,S0718,219.0,2025-01-22,32.0
V000220,U00976,S0050,500.0,2024-03-01,83.0
V000221,U01424,S0978,500.0,2024-01-21,42.0
V000222,U01061,S0304,116.0,2025-06-02,45.0
V000223,U00210,S0742,162.0,2024-11-03,90.0
V000224,U01136,S0761,149.0,2025-06-21,29.0
V000225,U01208,S0155,500.0,2024-01-30,41.0
V000226,U00374,S0377,198.0,2024-08-14,76.0
V000227,U01112,S0499,154.0,2024-03-14,56.0
V000228,U00460,S0293,153.0,2024-07-16,95.0
V000229,U00675,S0328,68.0,2024-04-01,62.0
V000230,U01135,S0731,192.0,2024-09-29,81.0
V000231,U01587,S0403,500.0,2025-04-22,20.0
V000232,U01132,S0944,44.0,2025-05-10,42.0
V000233,U01143,S0061,500.0,2024-07-13,27.0
V000234,U00733,S0889,14.0,2024-12-13,31.0
V000235,U01238,S0250,26.0,2024-10-13,71.0
V000236,U00947,S0968,147.0,2024-04-05,50.0
V000237,U00358,S0319,500.0,2025-02-22,93.0
V000238,U01431,S0158,45.0,2025-03-05,15.0
V000239,U00659,S0445,200.0,2024-08-26,13.0
V000240,U00494,S0614,27.0,2025-01-26,40.0
V000241,U01492,S0187,101.0,2024-09-01,72.0
V000242,U00254,S0446,500.0,2024-11-11,47.0
V000243,U00880,S0296,129.0,2024-02-27,62.0
V000244,U01659,S0577,219.0,2025-02-24,64.0
V000245,U00408,S0460,6.0,2024-12-27,32.0
V000246,U00012,S0489,500.0,2025-02-24,16.0
V000247,U00327,S0593,500.0,2025-02-01,39.0
V000248,U01420,S0429,500.0,2025-01-02,56.0
V000249,U01247,S0835,500.0,2024-02-23,60.0
V000250,U01850,S0911,500.0,2024-10-25,56.0
V000251,U00272,S0108,500.0,2024-07-27,72.0
V000252,U00448,S0269,68.0,2024-01-05,28.0
V000253,U00469,S0040,219.0,2024-04-23,83.0
V000254,U00136,S0465,213.0,2024-12-13,67.0
V000255,U00114,S0140,198.0,2024-02-12,41.0
V000256,U00608,S0129,500.0,2025-04-13,83.0
V000257,U00086,S0795,500.0,2024-02-21,60.0
V000258,U00187,S0221,500.0,2024-02-19,51.0
V000259,U00313,S0580,219.0,2024-01-07,30.0
V000260,U01745,S0613,216.0,2024-03-13,99.0
V000261,U00024,S0145,500.0,2025-06-10,62.0
V000262,U00410,S0719,500.0,2025-03-30,56.0
V000263,U00566,S0061,92.0,2024-03-09,74.0
V000264,U00319,S0062,500.0,2025-03-06,40.0
V000265,U01332,S0098,500.0,2024-04-28,86.0
V000266,U01252,S0711,79.0,2025-04-16,49.0
V000267,U01681,S0908,44.0,2024-05-02,23.0
V000268,U00341,S0431,500.0,2024-09-15,56.0
V000269,U00891,S0802,500.0,2024-11-12,37.0
V000270,U00927,S0661,500.0,2024-10-30,84.0
V000271,U01163,S0830,500.0,2025-03-26,82.0
V000272,U01642,S0682,37.0,2024-07-15,79.0
V000273,U01859,S0053,214.0,2024-11-09,18.0
V000274,U01087,S0318,110.0,2024-12-18,40.0
V000275,U01842,S0496,165.0,2025-03-14,78.0
V000276,U01395,S0754,33.0,2025-06-16,48.0
V000277,U01258,S0509,7.0,2025-10-03,89.0
V000278,U00099,S0088,500.0,2024-06-30,24.0
V000279,U01659,S0578,115.0,2024-03-08,71.0
V000280,U01593,S0634,500.0,2025-02-10,67.0
V000281,U00934,S0820,500.0,2024-02-15,88.0
V000282,U01255,S0588,500.0,2025-02-26,40.0
V000283,U00620,S0751,500.0,2025-01-25,71.0
V000284,U00867,S0740,500.0,2024-11-19,87.0
V000285,U00385,S0085,199.0,2025-02-12,75.0
V000286,U00024,S0500,108.0,2024-11-27,36.0
V000287,U00730,S0110,65.0,2024-06-09,41.0
V000288,U00637,S0635,500.0,2024-05-15,69.0
V000289,U01913,S0598,500.0,2024-08-07,81.0
V000290,U01006,S0303,116.0,2024-02-29,60.0
V000291,U01978,S0654,500.0,2024-03-20,15.0
V000292,U01478,S0550,175.0,2024-07-31,42.0
V000293,U00263,S0549,48.0,2024-08-04,71.0
V000294,U01566,S0624,500.0,2024-01-20,57.0
V000295,U01413,S0482,177.0,2024-12-22,23.0
V000296,U00103,S0353,165.0,2024-02-15,99.0
V000297,U00713,S0032,500.0,2024-08-11,37.0
V000298,U00298,S0269,72.0,2025-06-01,63.0
V000299,U01606,S0132,500.0,2024-06-08,93.0
V000300,U01512,S0963,500.0,2024-08-04,22.0
V000301,U01564,S0726,109.0,2025-10-02,69.0
V000302,U00486,S0882,500.0,2024-07-27,85.0
V000303,U00190,S0644,500.0,2024-10-08,16.0
V000304,U01996,S0797,500.0,2025-01-08,56.0
V000305,U01647,S0423,500.0,2024-09-26,76.0
V000306,U00459,S0335,500.0,2024-02-20,65.0
V000307,U01255,S0644,210.0,2024-05-02,82.0
V000308,U00202,S0300,44.0,2024-08-26,95.0
V000309,U01242,S0731,500.0,2025-02-16,70.0
V000310,U00563,S0468,216.0,2025-04-28,55.0
V000311,U00753,S0559,500.0,2024-11-17,36.0
V000312,U00820,S0433,500.0,2024-07-19,99.0
V000313,U00239,S0114,500.0,2024-07-01,41.0
V000314,U01058,S0666,500.0,2024-11-17,86.0
V000315,U00534,S0552,500.0,2025-01-30,88.0
V000316,U00336,S0484,79.0,2024-02-26,79.0
V000317,U01092,S0776,500.0,2025-11-05,69.0
V000318,U00425,S0997,500.0,2024-06-27,53.0
V000319,U00842,S0479,500.0,2024-07-16,11.0
V000320,U01871,S0703,125.0,2025-04-11,26.0
V000321,U00419,S0223,500.0,2024-07-10,83.0
V000322,U00834,S0462,500.0,2024-07-09,56.0
V000323,U00093,S0815,215.0,2024-12-31,25.0
V000324,U01082,S0841,500.0,2025-12-05,49.0
V000325,U01106,S0229,500.0,2024-09-09,19.0
V000326,U01200,S0982,110.0,2025-02-06,67.0
V000327,U00921,S0192,500.0,2024-03-17,12.0
V000328,U01756,S0969,171.0,2024-12-01,75.0
V000329,U00783,S0521,500.0,2025-03-27,61.0
V000330,U01592,S0316,500.0,2025-01-06,26.0
V000331,U00057,S0750,166.0,2025-09-01,70.0
V000332,U01258,S0832,204.0,2024-04-22,10.0
V000333,U00518,S0567,500.0,2024-09-19,96.0
V000334,U00737,S0034,500.0,2024-05-12,94.0
V000335,U01892,S0665,500.0,2024-08-01,39.0
V000336,U01825,S0965,500.0,2025-06-07,56.0
V000337,U00464,S0412,210.0,2024-06-01,46.0
V000338,U01540,S0023,119.0,2025-06-11,59.0
V000339,U01512,S0503,168.0,2025-03-15,64.0
V000340,U00297,S0599,219.0,2025-01-08,21.0
V000341,U00488,S0370,500.0,2024-04-28,92.0
V000342,U01655,S0499,30.0,2025-10-02,10.0
V000343,U00983,S0435,96.0,2024-09-12,30.0
V000344,U01278,S0849,58.0,2025-03-22,56.0
V000345,U00841,S0033,129.0,2024-09-16,37.0
V000346,U00503,S0910,167.0,2024-10-06,63.0
V000347,U01045,S0978,500.0,2024-02-22,80.0
V000348,U00226,S0223,500.0,2024-03-20,85.0
V000349,U00818,S0661,500.0,2024-09-04,79.0
V000350,U01438,S0032,500.0,2024-09-21,12.0
V000351,U01779,S0172,500.0,2024-08-16,15.0
V000352,U01352,S0217,500.0,2024-08-20,35.0
V000353,U01841,S0925,500.0,2024-09-04,87.0
V000354,U01355,S0567,219.0,2025-05-01,45.0
V000355,U01353,S0279,500.0,2024-01-28,82.0
V000356,U00730,S0780,191.0,2025-01-19,62.0
V000357,U00245,S0414,60.0,2024-10-14,66.0
V000358,U00858,S0177,112.0,2024-11-15,54.0
V000359,U00203,S0742,500.0,2025-01-23,89.0
V000360,U01339,S0917,78.0,2025-10-03,40.0
V000361,U00649,S0973,186.0,2024-08-23,76.0
V000362,U00866,S0124,500.0,2025-03-01,62.0
V000363,U01369,S0228,89.0,2024-05-31,63.0
V000364,U00013,S0355,500.0,2025-10-06,35.0
V000365,U00581,S0792,500.0,2024-01-20,49.0
V000366,U01905,S0277,179.0,2024-03-12,91.0
V000367,U01888,S0279,500.0,2024-10-22,32.0
V000368,U01798,S0450,500.0,2024-12-03,38.0
V000369,U00011,S0408,64.0,2024-01-26,84.0
V000370,U00975,S0041,500.0,2024-10-11,69.0
V000371,U00106,S0109,500.0,2024-02-27,33.0
V000372,U01161,S0225,500.0,2024-01-04,56.0
V000373,U00775,S0460,500.0,2025-01-14,25.0
V000374,U00034,S0018,142.0,2024-06-01,33.0
V000375,U00672,S0705,500.0,2024-11-15,89.0
V000376,U01135,S0242,215.0,2025-05-02,98.0
V000377,U01454,S0669,500.0,2024-10-03,56.0
V000378,U01097,S0251,186.0,2024-11-07,61.0
V000379,U00779,S0816,500.0,2024-04-27,61.0
V000380,U00348,S0242,500.0,2024-05-19,47.0
V000381,U01532,S0849,44.0,2025-02-22,38.0
V000382,U01846,S0405,35.0,2025-05-03,23.0
V000383,U01152,S0309,53.0,2024-11-01,68.0
V000384,U01552,S0458,69.0,2024-09-25,86.0
V000385,U00041,S0544,178.0,2024-11-07,30.0
V000386,U01153,S0550,500.0,2024-06-09,29.0
V000387,U00324,S0444,500.0,2024-04-03,58.0
V000388,U01575,S0783,500.0,2024-02-24,33.0
V000389,U01814,S0860,500.0,2025-05-13,99.0
V000390,U00228,S0421,86.0,2024-09-20,90.0
V000391,U00298,S0209,94.0,2025-05-30,76.0
V000392,U01321,S0940,117.0,2024-12-20,73.0
V000393,U01189,S0788,78.0,2024-04-02,76.0
V000394,U01027,S0534,500.0,2024-09-20,69.0
V000395,U01011,S0159,500.0,2025-01-16,35.0
V000396,U00887,S0536,187.0,2024-07-17,13.0
V000397,U01945,S0369,219.0,2024-06-05,66.0
V000398,U00073,S0060,500.0,2024-02-01,40.0
V000399,U01467,S0528,200.0,2024-06-18,44.0
V000400,U00995,S0226,148.0,2025-01-13,56.0
V000401,U00684,S0709,500.0,2025-06-05,97.0
V000402,U01072,S0974,500.0,2024-11-10,17.0
V000403,U01282,S0712,500.0,2024-12-14,41.0
V000404,U00682,S0955,500.0,2024-06-08,87.0
V000405,U01575,S0563,500.0,2024-12-06,70.0
V000406,U00349,S0628,500.0,2024-11-27,23.0
V000407,U01788,S0054,194.0,2024-03-18,44.0
V000408,U01303,S0423,500.0,2024-10-23,88.0
V000409,U01288,S0649,219.0,2024-11-04,48.0
V000410,U01324,S0778,500.0,2024-01-05,68.0
V000411,U00179,S0638,47.0,2024-06-04,78.0
V000412,U00652,S0977,211.0,2024-03-31,56.0
V000413,U00436,S0891,500.0,2025-02-04,43.0
V000414,U01907,S0930,500.0,2024-05-22,48.0
V000415,U01150,S0725,500.0,2025-01-29,47.0
V000416,U01990,S0817,500.0,2024-05-02,55.0
V000417,U00568,S0155,149.0,2024-04-24,39.0
V000418,U00637,S0282,206.0,2024-03-26,49.0
V000419,U01821,S0338,500.0,2025-06-03,31.0
V000420,U00400,S0617,142.0,2025-01-24,11.0
V000421,U00924,S0945,112.0,2024-06-14,78.0
V000422,U00681,S0644,500.0,2025-02-02,31.0
V000423,U01081,S0891,95.0,2024-05-20,20.0
V000424,U01790,S0242,500.0,2024-07-04,76.0
V000425,U01256,S0197,218.0,2025-05-17,14.0
V000426,U01076,S0622,500.0,2025-05-18,86.0
V000427,U01862,S0901,500.0,2024-12-07,48.0
V000428,U00039,S0260,500.0,2024-12-31,35.0
V000429,U00561,S0858,39.0,2024-02-24,90.0
V000430,U00707,S0053,500.0,2024-10-16,30.0
V000431,U01059,S0222,33.0,2025-04-01,23.0
V000432,U01769,S0472,500.0,2024-12-05,13.0
V000433,U00507,S0949,218.0,2024-06-03,29.0
V000434,U00491,S0620,500.0,2024-12-16,33.0
V000435,U00536,S0669,500.0,2025-06-03,81.0
V000436,U01556,S0302,84.0,2024-04-13,42.0
V000437,U01344,S0380,500.0,2024-09-28,97.0
V000438,U00549,S0212,500.0,2024-03-26,73.0
V000439,U00917,S0625,56.0,2025-03-20,37.0
V000440,U01292,S0258,29.0,2024-05-13,56.0
V000441,U01225,S0887,38.0,2024-07-13,11.0
V000442,U00481,S0092,500.0,2025-04-18,82.0
V000443,U00584,S0811,57.0,2024-03-02,85.0
V000444,U00245,S0166,65.0,2024-02-29,15.0
V000445,U00624,S0356,500.0,2024-03-08,31.0
V000446,U00679,S0518,211.0,2025-07-05,14.0
V000447,U00729,S0154,204.0,2024-01-28,33.0
V000448,U00593,S0080,73.0,2025-04-25,38.0
V000449,U01534,S0217,120.0,2025-05-12,41.0
V000450,U00656,S0842,95.0,2024-11-05,64.0
V000451,U00673,S0726,500.0,2024-10-25,24.0
V000452,U01774,S0696,131.0,2024-09-16,72.0
V000453,U00425,S0504,199.0,2024-04-12,32.0
V000454,U00562,S0307,219.0,2025-03-21,11.0
V000455,U00679,S0604,29.0,2024-02-12,91.0
V000456,U01538,S0367,148.0,2025-05-23,87.0
V000457,U01076,S0644,500.0,2025-04-23,71.0
V000458,U01571,S0702,152.0,2025-02-04,22.0
V000459,U01027,S0320,172.0,2024-09-18,96.0
V000460,U01175,S0066,500.0,2024-05-14,74.0
V000461,U01374,S0026,127.0,2024-05-24,86.0
V000462,U01160,S0545,107.0,2024-10-23,32.0
V000463,U01983,S0429,195.0,2024-05-28,24.0
V000464,U00350,S0907,500.0,2024-02-27,69.0
V000465,U01499,S0106,182.0,2024-08-11,46.0
V000466,U00674,S0117,500.0,2024-03-10,78.0
V000467,U00827,S0842,167.0,2025-05-18,35.0
V000468,U00599,S0808,40.0,2025-01-08,30.0
V000469,U00928,S0353,500.0,2024-09-17,96.0
V000470,U00431,S0719,500.0,2024-04-04,75.0
V000471,U01227,S0513,500.0,2024-02-13,13.0
V000472,U01360,S0264,500.0,2024-03-03,34.0
V000473,U01274,S0847,500.0,2025-05-01,97.0
V000474,U00395,S0532,500.0,2025-12-06,47.0
V000475,U01074,S0469,188.0,2024-06-09,96.0
V000476,U00788,S0604,500.0,2024-09-16,11.0
V000477,U01345,S0884,500.0,2024-06-28,80.0
V000478,U01167,S0043,209.0,2025-03-05,99.0
V000479,U01932,S0468,500.0,2024-06-22,68.0
V000480,U01870,S0546,136.0,2024-07-03,53.0
V000481,U00146,S0936,500.0,2024-12-07,100.0
V000482,U01706,S0989,96.0,2025-01-22,45.0
V000483,U00412,S0765,88.0,2024-01-05,17.0
V000484,U00952,S0064,500.0,2025-03-20,28.0
V000485,U00819,S0499,500.0,2024-02-18,71.0
V000486,U00690,S0931,66.0,2025-05-19,44.0
V000487,U00790,S0292,500.0,2024-03-09,80.0
V000488,U00341,S0328,500.0,2025-06-04,35.0
V000489,U01449,S0625,184.0,2024-10-29,44.0
V000490,U00241,S0782,130.0,2025-04-14,19.0
V000491,U01404,S0488,27.0,2024-11-23,39.0
V000492,U00894,S0871,219.0,2024-12-09,45.0
V000493,U00776,S0974,29.0,2024-09-02,76.0
V000494,U00842,S0137,500.0,2025-09-03,60.0
V000495,U00307,S0504,70.0,2025-06-19,75.0
V000496,U01386,S0208,67.0,2024-01-15,97.0
V000497,U00307,S0842,500.0,2025-05-23,54.0
V000498,U00086,S0204,500.0,2024-11-02,56.0
V000499,U00223,S0784,500.0,2024-05-18,22.0
V000500,U01526,S0785,137.0,2024-07-18,71.0
V000501,U00535,S0284,500.0,2024-10-15,35.0
V000502,U00995,S0265,153.0,2024-01-22,56.0
V000503,U01729,S0716,34.0,2024-11-26,19.0
V000504,U00231,S0138,216.0,2024-12-31,90.0
V000505,U00852,S0066,98.0,2024-01-09,78.0
V000506,U01668,S0877,500.0,2024-10-23,34.0
V000507,U00613,S0814,500.0,2024-02-14,36.0
V000508,U01366,S0997,61.0,2024-07-18,97.0
V000509,U01076,S0400,133.0,2024-07-17,88.0
V000510,U00725,S0209,500.0,2025-09-05,70.0
V000511,U01963,S0094,48.0,2024-09-11,95.0
V000512,U01828,S0276,189.0,2024-06-07,20.0
V000513,U00857,S0299,101.0,2024-10-31,26.0
V000514,U00022,S0461,5.0,2025-02-25,96.0
V000515,U00350,S0132,500.0,2024-07-29,75.0
V000516,U00966,S0722,219.0,2024-07-12,80.0
V000517,U00859,S0377,500.0,2025-01-27,79.0
V000518,U00970,S0186,29.0,2025-06-20,84.0
V000519,U01676,S0653,500.0,2024-05-17,15.0
V000520,U01742,S0222,66.0,2024-04-08,54.0
V000521,U01627,S0739,500.0,2024-02-26,57.0
V000522,U01833,S0468,500.0,2024-05-22,56.0
V000523,U00957,S0536,137.0,2025-01-22,81.0
V000524,U01586,S0177,210.0,2024-11-18,72.0
V000525,U00410,S0287,500.0,2024-06-04,46.0
V000526,U00198,S0834,171.0,2024-09-16,26.0
V000527,U01229,S0794,210.0,2024-08-23,76.0
V000528,U01643,S0698,500.0,2024-01-30,18.0
V000529,U01657,S0411,219.0,2025-08-06,27.0
V000530,U02000,S0027,500.0,2024-08-18,37.0
V000531,U00394,S0318,187.0,2025-02-24,93.0
V000532,U00048,S0851,136.0,2024-10-21,32.0
V000533,U01147,S0472,109.0,2025-03-03,97.0
V000534,U01925,S0635,500.0,2024-09-26,77.0
V000535,U00178,S0592,118.0,2025-04-19,42.0
V000536,U01220,S0120,500.0,2024-06-29,79.0
V000537,U00339,S0313,500.0,2024-04-18,26.0
V000538,U00341,S0505,500.0,2025-06-20,12.0
V000539,U00084,S0496,118.0,2025-04-15,56.0
V000540,U00806,S0008,500.0,2024-03-31,55.0
V000541,U00771,S0755,219.0,2025-02-02,94.0
V000542,U01065,S0079,188.0,2024-10-09,26.0
V000543,U00303,S0767,500.0,2024-06-16,49.0
V000544,U00070,S0827,500.0,2025-10-02,71.0
V000545,U00653,S0246,500.0,2025-04-06,64.0
V000546,U01063,S0890,500.0,2024-09-26,56.0
V000547,U00780,S0122,111.0,2024-10-30,10.0
V000548,U00297,S0661,500.0,2024-05-01,66.0
V000549,U00360,S0571,119.0,2024-01-04,55.0
V000550,U01815,S0264,167.0,2024-07-19,35.0
V000551,U01173,S0974,219.0,2024-03-17,87.0
V000552,U00746,S0931,500.0,2024-10-04,77.0
V000553,U00261,S0176,164.0,2024-12-30,56.0
V000554,U00144,S0540,151.0,2024-02-01,78.0
V000555,U00875,S0308,142.0,2024-06-22,94.0
V000556,U01432,S0629,500.0,2024-06-07,86.0
V000557,U00035,S0474,500.0,2024-10-13,95.0
V000558,U01462,S0455,500.0,2025-06-19,21.0
V000559,U01997,S0573,218.0,2024-08-28,22.0
V000560,U00792,S0607,500.0,2024-04-13,49.0
V000561,U00117,S0005,500.0,2025-04-23,52.0
V000562,U00573,S0187,500.0,2025-03-05,43.0
V000563,U00431,S0560,500.0,2024-06-08,93.0
V000564,U01509,S0342,170.0,2024-03-29,51.0
V000565,U00627,S0120,212.0,2024-02-17,45.0
V000566,U01710,S0313,500.0,2025-02-28,34.0
V000567,U00994,S0604,500.0,2024-06-27,89.0
V000568,U00879,S0755,500.0,2025-01-06,99.0
V000569,U01470,S0895,136.0,2024-09-19,13.0
V000570,U01242,S0434,500.0,2025-03-27,85.0
V000571,U00182,S0548,183.0,2024-06-05,69.0
V000572,U00362,S0741,32.0,2025-08-05,85.0
V000573,U00772,S0091,500.0,2024-10-16,37.0
V000574,U01950,S0768,36.0,2025-05-30,18.0
V000575,U00520,S0171,500.0,2025-05-18,79.0
V000576,U01673,S0302,500.0,2024-03-05,44.0
V000577,U01553,S0452,162.0,2024-02-09,89.0
V000578,U01285,S0550,219.0,2024-01-13,93.0
V000579,U00119,S0993,123.0,2025-06-18,28.0
V000580,U00653,S0087,14.0,2024-02-10,99.0
V000581,U01483,S0595,57.0,2025-05-17,52.0
V000582,U01297,S0904,500.0,2024-12-02,86.0
V000583,U01574,S0858,57.0,2024-10-08,75.0
V000584,U01881,S0297,114.0,2024-11-25,13.0
V000585,U01538,S0959,74.0,2024-02-16,24.0
V000586,U00736,S0505,219.0,2025-03-23,19.0
V000587,U01860,S0602,500.0,2024-08-09,36.0
V000588,U01899,S0527,500.0,2024-07-09,66.0
V000589,U01757,S0744,219.0,2024-12-09,94.0
V000590,U01791,S0392,125.0,2024-09-16,63.0
V000591,U01830,S0987,162.0,2025-02-02,89.0
V000592,U01279,S0306,500.0,2024-09-04,65.0
V000593,U00066,S0083,197.0,2025-03-27,34.0
V000594,U01474,S0522,500.0,2024-01-06,47.0
V000595,U00934,S0597,500.0,2024-12-26,89.0
V000596,U01194,S0406,500.0,2025-01-07,72.0
V000597,U01892,S0971,82.0,2024-03-26,56.0
V000598,U01454,S0816,187.0,2024-08-17,56.0
V000599,U00171,S0278,198.0,2024-01-15,82.0
V000600,U00938,S0189,185.0,2025-01-25,71.0
V000601,U00346,S0987,500.0,2025-05-26,79.0
V000602,U00663,S0868,29.0,2024-05-12,15.0
V000603,U00348,S0311,115.0,2025-05-26,11.0
V000604,U00655,S0628,500.0,2024-01-15,17.0
V000605,U00308,S0667,138.0,2025-03-13,26.0
V000606,U00577,S0451,500.0,2024-01-08,97.0
V000607,U01959,S0312,39.0,2025-09-05,78.0
V000608,U01173,S0783,138.0,2024-12-20,47.0
V000609,U00774,S0356,500.0,2025-02-13,60.0
V000610,U01802,S0150,90.0,2024-08-21,32.0
V000611,U01996,S0311,25.0,2024-03-27,83.0
V000612,U01669,S0908,193.0,2025-05-26,70.0
V000613,U00853,S0682,19.0,2024-04-27,35.0
V000614,U00298,S0900,500.0,2024-05-24,54.0
V000615,U01052,S0645,500.0,2025-01-07,80.0
V000616,U00072,S0090,500.0,2024-04-24,12.0
V000617,U01413,S0582,201.0,2024-01-12,69.0
V000618,U00083,S0951,500.0,2024-01-14,94.0
V000619,U01733,S0554,500.0,2025-02-07,42.0
V000620,U00581,S0286,107.0,2025-06-02,11.0
V000621,U00340,S0618,500.0,2024-05-25,51.0
V000622,U01907,S0741,500.0,2025-10-04,46.0
V000623,U01568,S0905,500.0,2024-02-20,67.0
V000624,U01609,S0763,144.0,2025-02-19,12.0
V000625,U01131,S0739,59.0,2025-06-03,62.0
V000626,U01409,S0733,218.0,2025-05-01,40.0
V000627,U01151,S0520,154.0,2025-06-17,33.0
V000628,U00421,S0019,500.0,2024-10-31,56.0
V000629,U01066,S0610,500.0,2024-03-20,69.0
V000630,U00372,S0733,136.0,2025-03-31,44.0
V000631,U00115,S0424,500.0,2025-06-18,97.0
V000632,U01385,S0541,33.0,2024-06-16,66.0
V000633,U00018,S0158,500.0,2025-10-06,56.0
V000634,U00633,S0599,500.0,2024-06-03,10.0
V000635,U00436,S0851,74.0,2024-08-27,78.0
V000636,U00121,S0891,128.0,2024-05-15,73.0
V000637,U01788,S0573,500.0,2024-05-21,81.0
V000638,U00741,S0024,500.0,2024-02-09,44.0
V000639,U01172,S0059,500.0,2025-06-06,49.0
V000640,U00749,S0388,191.0,2025-04-20,92.0
V000641,U01538,S0422,23.0,2025-01-19,60.0
V000642,U00506,S0791,147.0,2024-04-26,11.0
V000643,U01930,S0204,500.0,2025-03-04,46.0
V000644,U00402,S0222,43.0,2025-06-18,53.0
V000645,U01276,S0180,131.0,2025-05-31,68.0
V000646,U00424,S0023,30.0,2024-02-26,83.0
V000647,U00449,S0965,126.0,2025-06-08,29.0
V000648,U01449,S0869,500.0,2024-11-24,51.0
V000649,U00590,S0664,44.0,2024-09-18,48.0
V000650,U01512,S0371,97.0,2024-05-04,75.0
V000651,U00750,S0551,129.0,2024-12-16,93.0
V000652,U00551,S0265,199.0,2025-03-15,21.0
V000653,U01417,S0706,500.0,2024-04-12,60.0
V000654,U00894,S0492,500.0,2025-07-05,74.0
V000655,U01959,S0706,129.0,2024-10-23,63.0
V000656,U00903,S0279,79.0,2025-02-10,87.0
V000657,U01907,S0722,500.0,2025-08-04,30.0
V000658,U00036,S0071,500.0,2024-11-07,65.0
V000659,U00121,S0310,57.0,2024-10-24,19.0
V000660,U00222,S0202,46.0,2024-10-07,55.0
V000661,U00096,S0212,20.0,2024-09-26,40.0
V000662,U01620,S0160,7.0,2025-06-24,85.0
V000663,U00050,S0663,500.0,2025-10-01,29.0
V000664,U01497,S0465,500.0,2024-06-06,31.0
V000665,U01621,S0505,500.0,2024-06-12,86.0
V000666,U01241,S0906,68.0,2024-01-05,63.0
V000667,U01917,S0345,500.0,2025-03-03,58.0
V000668,U01930,S0991,139.0,2024-08-16,78.0
V000669,U01258,S0210,500.0,2024-03-21,30.0
V000670,U01163,S0622,500.0,2025-02-01,56.0
V000671,U01883,S0920,162.0,2024-02-09,56.0
V000672,U01647,S0206,69.0,2024-07-18,71.0
V000673,U01735,S0101,500.0,2025-07-06,59.0
V000674,U01203,S0627,220.0,2025-02-23,98.0
V000675,U01241,S0130,77.0,2024-05-28,67.0
V000676,U00039,S0510,172.0,2025-04-28,95.0
V000677,U01286,S0256,32.0,2025-03-25,93.0
V000678,U01174,S0629,500.0,2025-04-16,100.0
V000679,U01451,S0613,154.0,2024-01-19,96.0
V000680,U01649,S0129,500.0,2025-01-22,10.0
V000681,U00490,S0556,76.0,2025-05-04,87.0
V000682,U01498,S0628,500.0,2024-08-15,75.0
V000683,U01439,S0103,194.0,2024-05-23,36.0
V000684,U00068,S0953,500.0,2024-04-14,99.0
V000685,U01293,S0558,161.0,2024-08-25,52.0
V000686,U01871,S0922,53.0,2024-12-23,53.0
V000687,U00145,S0653,219.0,2024-08-21,27.0
V000688,U00048,S0816,134.0,2025-01-03,23.0
V000689,U00635,S0899,219.0,2024-11-18,13.0
V000690,U01799,S0211,141.0,2024-05-25,46.0
V000691,U01169,S0779,125.0,2025-04-24,61.0
V000692,U01387,S0355,29.0,2024-06-04,94.0
V000693,U01865,S0823,190.0,2024-04-24,19.0
V000694,U00579,S0207,90.0,2024-11-23,27.0
V000695,U01918,S0145,500.0,2025-01-16,33.0
V000696,U01549,S0654,500.0,2024-03-24,18.0
V000697,U01845,S0844,500.0,2025-08-04,84.0
V000698,U00085,S0903,204.0,2024-01-29,96.0
V000699,U01683,S0139,500.0,2024-07-22,70.0
V000700,U01079,S0200,219.0,2025-06-14,78.0
V000701,U01496,S0898,500.0,2024-02-23,40.0
V000702,U01271,S0270,500.0,2024-09-11,34.0
V000703,U01898,S0131,25.0,2024-06-08,75.0
V000704,U01475,S0924,500.0,2025-03-24,100.0
V000705,U00868,S0139,25.0,2024-03-06,97.0
V000706,U01982,S0405,151.0,2024-11-22,68.0
V000707,U00733,S0979,500.0,2025-01-26,15.0
V000708,U00229,S0279,500.0,2025-06-21,28.0
V000709,U01297,S0131,500.0,2024-10-26,20.0
V000710,U01261,S0444,59.0,2025-01-06,48.0
V000711,U01123,S0475,129.0,2024-01-07,67.0
V000712,U01931,S0949,500.0,2024-11-06,56.0
V000713,U01083,S0326,500.0,2024-06-20,75.0
V000714,U01363,S0037,63.0,2025-01-18,71.0
V000715,U01841,S0903,107.0,2024-10-11,16.0
V000716,U01434,S0449,500.0,2024-10-21,75.0
V000717,U00510,S0461,111.0,2025-07-04,74.0
V000718,U01370,S0461,207.0,2024-01-03,60.0
V000719,U00377,S0765,500.0,2024-07-02,79.0
V000720,U00790,S0737,500.0,2024-01-16,100.0
V000721,U01537,S0405,204.0,2025-01-09,10.0
V000722,U01986,S0100,500.0,2024-11-19,12.0
V000723,U01827,S0909,500.0,2025-12-04,52.0
V000724,U01580,S0643,189.0,2025-11-03,99.0
V000725,U00765,S0984,500.0,2024-05-19,37.0
V000726,U01151,S0611,500.0,2024-09-25,30.0
V000727,U01335,S0651,500.0,2024-01-13,34.0
V000728,U01693,S0423,6.0,2024-01-01,43.0
V000729,U01384,S0890,196.0,2024-01-15,34.0
V000730,U00177,S0785,500.0,2024-11-27,65.0
V000731,U01362,S0597,500.0,2024-09-03,90.0
V000732,U01129,S0634,500.0,2025-04-04,61.0
V000733,U00733,S0287,500.0,2025-03-06,84.0
V000734,U00087,S0515,125.0,2025-03-08,11.0
V000735,U01378,S0895,500.0,2024-09-14,67.0
V000736,U01838,S0631,500.0,2024-01-23,77.0
V000737,U01966,S0380,203.0,2025-03-04,46.0
V000738,U00367,S0432,500.0,2024-06-16,10.0
V000739,U00987,S0031,57.0,2025-12-01,26.0
V000740,U01136,S0035,500.0,2024-09-14,12.0
V000741,U00898,S0053,31.0,2024-05-31,96.0
V000742,U01036,S0580,500.0,2024-01-10,33.0
V000743,U00276,S0397,500.0,2024-11-10,98.0
V000744,U00252,S0849,73.0,2025-04-18,32.0
V000745,U00830,S0738,500.0,2024-01-30,77.0
V000746,U00062,S0098,500.0,2024-10-19,56.0
V000747,U01679,S0126,500.0,2024-09-20,24.0
V000748,U01947,S0716,14.0,2024-10-09,96.0
V000749,U01725,S0406,500.0,2024-01-15,63.0
V000750,U00194,S0855,500.0,2025-05-21,51.0
V000751,U00534,S0589,500.0,2024-11-25,53.0
V000752,U00635,S0500,500.0,2024-12-17,30.0
V000753,U00403,S0402,500.0,2025-09-05,25.0
V000754,U01460,S0627,79.0,2024-11-16,49.0
V000755,U00610,S0498,103.0,2024-05-09,28.0
V000756,U00528,S0984,500.0,2025-03-26,61.0
V000757,U00616,S0923,219.0,2024-07-13,74.0
V000758,U01417,S0872,202.0,2024-06-30,82.0
V000759,U00314,S0551,500.0,2025-08-06,11.0
V000760,U00792,S0344,500.0,2025-07-02,18.0
V000761,U00209,S0374,500.0,2024-07-24,79.0
V000762,U01793,S0482,500.0,2024-04-24,47.0
V000763,U00863,S0478,70.0,2025-02-10,65.0
V000764,U01033,S0864,500.0,2025-05-20,98.0
V000765,U01827,S0950,112.0,2025-01-10,79.0
V000766,U00776,S0083,500.0,2024-06-16,33.0
V000767,U00700,S0226,177.0,2024-04-30,83.0
V000768,U01695,S0155,195.0,2024-12-05,56.0
V000769,U01881,S0583,66.0,2025-02-07,28.0
V000770,U00599,S0574,183.0,2024-12-15,43.0
V000771,U01251,S0875,500.0,2024-12-29,58.0
V000772,U01891,S0651,207.0,2024-08-16,38.0
V000773,U00227,S0010,40.0,2025-01-26,62.0
V000774,U00392,S0156,142.0,2024-05-04,90.0
V000775,U01411,S0886,198.0,2024-07-30,72.0
V000776,U00947,S0932,500.0,2024-01-27,26.0
V000777,U00946,S0383,500.0,2024-01-01,56.0
V000778,U01774,S0139,500.0,2024-09-26,89.0
V000779,U00149,S0289,163.0,2024-03-29,28.0
V000780,U01631,S0452,63.0,2024-08-14,60.0
V000781,U01231,S0420,26.0,2025-05-14,60.0
V000782,U00261,S0410,78.0,2025-06-20,25.0
V000783,U00307,S0889,105.0,2025-04-23,87.0
V000784,U00793,S0794,500.0,2024-09-14,15.0
V000785,U01423,S0806,160.0,2024-01-03,48.0
V000786,U00265,S0975,500.0,2024-02-28,50.0
V000787,U01572,S0587,500.0,2024-07-15,93.0
V000788,U00960,S0383,104.0,2025-02-26,82.0
V000789,U01532,S0688,160.0,2024-09-11,12.0
V000790,U01965,S0510,500.0,2024-09-08,85.0
V000791,U01675,S0234,500.0,2024-02-07,89.0
V000792,U01934,S0327,123.0,2024-11-24,61.0
V000793,U01083,S0897,16.0,2025-02-07,63.0
V000794,U00569,S1000,55.0,2025-01-25,67.0
V000795,U01511,S0846,79.0,2024-11-20,62.0
V000796,U00933,S0238,109.0,2025-02-23,37.0
V000797,U01859,S0096,194.0,2024-11-04,90.0
V000798,U00937,S0021,500.0,2024-01-27,56.0
V000799,U01949,S0844,500.0,2024-12-31,53.0
V000800,U01662,S0461,51.0,2024-03-19,37.0
V000801,U01177,S0074,500.0,2024-11-17,85.0
V000802,U00606,S0225,194.0,2024-06-18,48.0
V000803,U01909,S0488,219.0,2024-08-10,68.0
V000804,U00115,S0520,500.0,2024-12-04,62.0
V000805,U00655,S0301,113.0,2024-07-12,11.0
V000806,U01504,S0002,219.0,2024-05-14,90.0
V000807,U01702,S0336,178.0,2024-06-02,90.0
V000808,U00449,S0678,157.0,2024-12-17,67.0
V000809,U01686,S0767,94.0,2025-01-31,39.0
V000810,U00274,S0688,500.0,2024-07-20,64.0
V000811,U00520,S0503,196.0,2024-01-24,76.0
V000812,U01424,S0417,500.0,2024-03-31,89.0
V000813,U01743,S0345,153.0,2025-03-21,25.0
V000814,U00789,S0918,27.0,2024-05-14,28.0
V000815,U01146,S0787,77.0,2025-06-13,52.0
V000816,U00123,S0667,91.0,2024-11-26,92.0
V000817,U00484,S0823,68.0,2024-01-10,24.0
V000818,U01916,S0393,133.0,2024-01-01,40.0
V000819,U01076,S0719,124.0,2025-06-24,24.0
V000820,U00675,S0489,500.0,2025-06-06,51.0
V000821,U01599,S0761,500.0,2024-10-26,87.0
V000822,U01057,S0794,500.0,2024-09-03,29.0
V000823,U00474,S0865,500.0,2024-02-20,34.0
V000824,U01758,S0511,68.0,2025-02-23,64.0
V000825,U00778,S0852,54.0,2024-03-09,18.0
V000826,U01765,S0953,123.0,2024-03-20,55.0
V000827,U00244,S0936,27.0,2025-10-05,51.0
V000828,U01778,S0142,500.0,2024-07-24,47.0
V000829,U00498,S0012,500.0,2024-05-24,42.0
V000830,U01404,S0048,500.0,2024-04-22,43.0
V000831,U01628,S0715,219.0,2024-09-22,12.0
V000832,U00281,S0176,11.0,2024-11-20,56.0
V000833,U00406,S0755,119.0,2024-07-01,72.0
V000834,U00722,S0277,133.0,2024-12-10,68.0
V000835,U01314,S0890,500.0,2024-06-19,99.0
V000836,U01306,S0983,500.0,2024-07-16,86.0
V000837,U01390,S0289,122.0,2025-03-14,97.0
V000838,U01395,S0095,500.0,2025-09-04,60.0
V000839,U01625,S0556,500.0,2024-05-21,20.0
V000840,U00954,S0119,44.0,2024-11-06,14.0
V000841,U01009,S0692,20.0,2024-05-11,38.0
V000842,U00376,S0085,104.0,2024-04-20,16.0
V000843,U01321,S0033,500.0,2024-08-09,56.0
V000844,U01744,S0303,500.0,2024-04-24,94.0
V000845,U00728,S0626,166.0,2025-05-01,47.0
V000846,U01932,S0346,53.0,2024-12-21,39.0
V000847,U01521,S0333,161.0,2024-11-28,13.0
V000848,U00263,S0073,500.0,2024-05-16,43.0
V000849,U01128,S0617,500.0,2025-03-05,29.0
V000850,U00033,S0483,163.0,2024-03-13,28.0
V000851,U00638,S0602,500.0,2024-09-29,30.0
V000852,U00274,S0555,500.0,2025-04-30,89.0
V000853,U01536,S0076,162.0,2025-08-03,57.0
V000854,U00177,S0006,120.0,2025-12-05,100.0
V000855,U01477,S0761,500.0,2024-09-08,31.0
V000856,U00815,S0388,185.0,2025-04-23,51.0
V000857,U01189,S0323,500.0,2024-08-20,63.0
V000858,U00390,S0570,500.0,2024-09-02,71.0
V000859,U01818,S0744,500.0,2024-02-28,56.0
V000860,U01082,S0557,194.0,2025-01-22,74.0
V000861,U01213,S0859,500.0,2025-01-04,65.0
V000862,U00083,S0578,500.0,2024-03-24,63.0
V000863,U01067,S0548,500.0,2025-07-02,53.0
V000864,U00301,S0079,219.0,2024-03-27,82.0
V000865,U00596,S0688,152.0,2024-08-19,23.0
V000866,U01367,S0529,180.0,2024-09-10,30.0
V000867,U00765,S0185,199.0,2024-07-09,92.0
V000868,U01932,S0350,500.0,2024-03-04,14.0
V000869,U00239,S0200,38.0,2024-12-12,77.0
V000870,U00312,S0118,500.0,2024-08-11,11.0
V000871,U00511,S0481,500.0,2024-10-16,10.0
V000872,U01883,S0377,500.0,2024-05-30,55.0
V000873,U01277,S0520,153.0,2024-08-27,68.0
V000874,U01960,S0204,219.0,2025-03-12,11.0
V000875,U00386,S0090,32.0,2025-04-19,63.0
V000876,U01438,S0787,58.0,2025-08-04,60.0
V000877,U00019,S0172,500.0,2025-01-06,56.0
V000878,U00059,S0405,57.0,2024-05-23,38.0
V000879,U01367,S0709,219.0,2025-03-31,86.0
V000880,U00327,S0211,125.0,2024-01-31,30.0
V000881,U00776,S0576,83.0,2025-05-03,77.0
V000882,U01406,S0368,500.0,2025-10-06,92.0
V000883,U00578,S0532,26.0,2024-01-20,95.0
V000884,U00866,S0931,500.0,2025-05-21,97.0
V000885,U01495,S0112,168.0,2025-03-26,12.0
V000886,U01449,S0833,67.0,2025-02-01,44.0
V000887,U01021,S0237,500.0,2024-12-05,97.0
V000888,U00073,S0711,500.0,2024-08-15,89.0
V000889,U01073,S0540,500.0,2024-11-28,59.0
V000890,U00690,S0438,500.0,2025-07-06,29.0
V000891,U01512,S0417,500.0,2024-10-27,93.0
V000892,U01066,S0183,500.0,2024-07-05,75.0
V000893,U01033,S0649,195.0,2024-04-11,13.0
V000894,U00826,S0477,122.0,2025-08-01,56.0
V000895,U00961,S0942,500.0,2024-02-06,91.0
V000896,U01307,S0526,500.0,2024-04-29,82.0
V000897,U01861,S0730,125.0,2025-01-23,41.0
V000898,U01129,S0942,500.0,2024-01-03,30.0
V000899,U01839,S0649,500.0,2025-02-22,83.0
V000900,U01512,S0689,77.0,2025-01-24,84.0
V000901,U01371,S0828,500.0,2024-12-29,55.0
V000902,U01072,S0744,137.0,2024-06-11,15.0
V000903,U00787,S0553,500.0,2024-01-19,81.0
V000904,U01650,S0724,500.0,2025-05-23,58.0
V000905,U01797,S0823,500.0,2024-09-06,100.0
V000906,U00549,S0829,90.0,2025-01-30,99.0
V000907,U00434,S0921,23.0,2025-04-28,73.0
V000908,U00840,S0077,205.0,2024-01-08,17.0
V000909,U00337,S0237,500.0,2025-04-27,83.0
V000910,U01861,S0874,500.0,2025-05-13,26.0
V000911,U00734,S0574,96.0,2025-11-06,96.0
V000912,U00158,S0620,122.0,2024-09-13,71.0
V000913,U00832,S0381,500.0,2025-01-29,89.0
V000914,U00903,S0704,500.0,2024-11-30,41.0
V000915,U00019,S0429,33.0,2024-11-26,96.0
V000916,U00291,S0342,33.0,2024-01-13,19.0
V000917,U01177,S0737,500.0,2024-10-19,96.0
V000918,U01241,S0306,500.0,2024-04-10,71.0
V000919,U01728,S0910,500.0,2024-01-31,61.0
V000920,U01673,S0686,500.0,2024-05-08,23.0
V000921,U01612,S0202,500.0,2024-05-11,14.0
V000922,U00020,S0179,7.0,2025-02-01,90.0
V000923,U00612,S0010,500.0,2025-01-21,62.0
V000924,U01899,S0031,500.0,2024-11-10,56.0
V000925,U01159,S0874,500.0,2024-01-29,42.0
V000926,U01023,S0232,213.0,2025-02-03,89.0
V000927,U01630,S0186,171.0,2024-01-14,48.0
V000928,U00104,S0315,204.0,2024-02-16,88.0
V000929,U00386,S0253,500.0,2024-10-22,17.0
V000930,U01858,S0369,500.0,2025-02-19,38.0
V000931,U00515,S0666,500.0,2024-10-20,91.0
V000932,U00138,S0568,62.0,2024-06-07,77.0
V000933,U01081,S0083,500.0,2025-02-10,45.0
V000934,U01629,S0879,500.0,2024-05-11,31.0
V000935,U00282,S0630,80.0,2025-05-08,86.0
V000936,U00540,S0801,500.0,2024-12-05,56.0
V000937,U01188,S0382,118.0,2024-02-10,16.0
V000938,U01078,S0074,500.0,2025-02-20,15.0
V000939,U01065,S0583,77.0,2024-05-06,40.0
V000940,U01293,S0045,500.0,2024-02-20,60.0
V000941,U01891,S0724,9.0,2024-03-25,41.0
V000942,U00126,S0382,114.0,2025-03-16,65.0
V000943,U01062,S0111,500.0,2024-04-06,49.0
V000944,U00990,S0125,500.0,2024-06-27,38.0
V000945,U01414,S0702,500.0,2024-08-17,55.0
V000946,U00282,S0479,165.0,2024-11-21,14.0
V000947,U01884,S0277,152.0,2024-10-12,10.0
V000948,U01804,S0802,53.0,2024-02-04,77.0
V000949,U01926,S0563,500.0,2024-11-08,30.0
V000950,U00951,S0304,500.0,2024-09-27,98.0
V000951,U01985,S0066,500.0,2024-08-28,65.0
V000952,U00630,S0130,217.0,2024-08-21,32.0
V000953,U00488,S0262,173.0,2025-05-05,17.0
V000954,U00807,S0220,150.0,2024-01-05,62.0
V000955,U00809,S0784,180.0,2025-05-31,29.0
V000956,U01342,S0384,179.0,2024-04-24,26.0
V000957,U00545,S0839,500.0,2024-06-03,43.0
V000958,U00468,S0377,500.0,2025-03-20,38.0
V000959,U00659,S0324,219.0,2024-01-15,13.0
V000960,U01563,S0538,500.0,2025-01-07,98.0
V000961,U00775,S0921,500.0,2025-05-06,40.0
V000962,U01082,S0147,500.0,2024-12-05,61.0
V000963,U00695,S0320,500.0,2024-06-14,30.0
V000964,U00383,S0153,500.0,2024-04-21,81.0
V000965,U00999,S0699,500.0,2025-03-19,83.0
V000966,U01509,S0149,500.0,2024-02-24,94.0
V000967,U01312,S0971,6.0,2024-10-19,39.0
V000968,U01206,S0546,500.0,2025-01-16,71.0
V000969,U00614,S0872,117.0,2024-03-30,89.0
V000970,U00876,S0164,500.0,2024-07-16,63.0
V000971,U01973,S0066,500.0,2024-02-17,22.0
V000972,U01930,S0628,66.0,2024-05-30,63.0
V000973,U00190,S0547,500.0,2024-06-29,76.0
V000974,U00782,S0566,500.0,2024-06-11,87.0
V000975,U00608,S0650,49.0,2025-04-09,88.0
V000976,U01049,S0584,56.0,2024-02-10,37.0
V000977,U01742,S0147,133.0,2024-07-10,77.0
V000978,U00645,S0620,123.0,2024-03-31,99.0
V000979,U00440,S0213,38.0,2024-09-21,40.0
V000980,U00354,S0257,10.0,2025-01-28,86.0
V000981,U01259,S0362,82.0,2024-08-15,56.0
V000982,U01220,S0830,500.0,2024-08-29,94.0
V000983,U00681,S0316,219.0,2025-05-26,72.0
V000984,U00392,S0862,500.0,2025-03-27,53.0
V000985,U00390,S0292,136.0,2024-02-13,53.0
V000986,U00403,S0663,133.0,2024-06-05,19.0
V000987,U01934,S0619,110.0,2025-06-03,47.0
V000988,U01205,S0141,500.0,2025-02-19,45.0
V000989,U00962,S0162,29.0,2024-09-06,93.0
V000990,U01862,S0597,146.0,2024-12-30,10.0
V000991,U00980,S0122,157.0,2025-01-31,74.0
V000992,U01860,S0920,500.0,2025-02-04,88.0
V000993,U00589,S0280,500.0,2024-02-16,75.0
V000994,U00484,S0571,174.0,2025-01-04,68.0
V000995,U01504,S1000,141.0,2025-03-23,50.0
V000996,U01043,S0486,500.0,2024-03-26,16.0
V000997,U01407,S0118,500.0,2024-06-18,24.0
V000998,U01222,S0775,500.0,2024-01-15,95.0
V000999,U01892,S0375,500.0,2024-05-24,59.0
V001000,U01838,S0293,168.0,2024-09-28,47.0
V001001,U01984,S0382,500.0,2025-12-03,71.0
V001002,U00269,S0633,39.0,2025-06-18,16.0
V001003,U00944,S0140,500.0,2024-07-05,11.0
V001004,U01756,S0269,77.0,2024-03-17,35.0
V001005,U01621,S0620,500.0,2025-02-26,92.0
V001006,U01326,S0320,500.0,2025-03-16,46.0
V001007,U00058,S0345,500.0,2025-03-28,64.0
V001008,U00190,S0083,12.0,2024-05-14,76.0
V001009,U00477,S0947,219.0,2024-12-30,53.0
V001010,U01983,S0458,500.0,2024-04-11,56.0
V001011,U01836,S0599,81.0,2025-05-08,68.0
V001012,U01845,S0262,500.0,2024-11-06,47.0
V001013,U00766,S0696,500.0,2024-08-31,31.0
V001014,U01081,S0169,19.0,2024-08-12,22.0
V001015,U01528,S0467,157.0,2024-04-28,82.0
V001016,U00541,S0393,147.0,2025-01-27,80.0
V001017,U00278,S0555,128.0,2025-05-17,31.0
V001018,U00567,S0118,51.0,2025-03-03,27.0
V001019,U00462,S0615,99.0,2024-11-03,46.0
V001020,U01032,S0025,500.0,2024-07-30,24.0
V001021,U00078,S0106,500.0,2024-02-07,48.0
V001022,U01053,S0482,500.0,2024-12-18,83.0
V001023,U00181,S0746,500.0,2024-06-06,74.0
V001024,U00277,S0491,500.0,2025-01-21,11.0
V001025,U00832,S0440,500.0,2024-05-30,65.0
V001026,U01292,S0926,184.0,2024-09-03,77.0
V001027,U01764,S0360,73.0,2024-02-14,98.0
V001028,U00499,S0102,500.0,2024-08-29,22.0
V001029,U00012,S0662,500.0,2024-02-19,100.0
V001030,U02000,S0199,500.0,2024-03-02,29.0
V001031,U00427,S0227,500.0,2025-05-01,99.0
V001032,U01363,S0322,214.0,2025-06-02,80.0
V001033,U01528,S0157,167.0,2024-10-20,49.0
V001034,U01068,S0770,210.0,2025-03-20,29.0
V001035,U00809,S0344,500.0,2024-10-31,95.0
V001036,U01734,S0733,500.0,2024-11-06,37.0
V001037,U00453,S0625,500.0,2024-03-04,59.0
V001038,U01120,S0820,50.0,2024-03-14,89.0
V001039,U00583,S0494,500.0,2024-06-01,92.0
V001040,U00079,S0363,34.0,2024-02-25,26.0
V001041,U01318,S0943,500.0,2024-01-21,71.0
V001042,U00787,S0587,126.0,2024-03-22,74.0
V001043,U00222,S0300,187.0,2024-01-10,66.0
V001044,U00420,S0247,500.0,2025-05-05,81.0
V001045,U00515,S0836,500.0,2024-01-01,10.0
V001046,U00224,S0445,500.0,2024-11-01,51.0
V001047,U00471,S0880,24.0,2024-12-29,82.0
V001048,U00645,S0728,500.0,2024-09-09,55.0
V001049,U00674,S0649,500.0,2024-05-17,32.0
V001050,U01276,S0583,107.0,2024-09-01,82.0
V001051,U00142,S0947,181.0,2025-01-21,16.0
V001052,U00006,S0233,500.0,2024-05-09,65.0
V001053,U00302,S0310,210.0,2024-07-01,80.0
V001054,U01730,S0616,10.0,2024-02-12,44.0
V001055,U01774,S0011,500.0,2024-05-13,52.0
V001056,U01565,S0621,114.0,2024-02-19,13.0
V001057,U01613,S0124,500.0,2025-04-18,94.0
V001058,U01500,S0609,500.0,2025-04-30,36.0
V001059,U01785,S0275,89.0,2024-01-06,37.0
V001060,U01407,S0698,138.0,2025-04-13,51.0
V001061,U00503,S0905,500.0,2024-02-03,80.0
V001062,U00437,S0409,167.0,2024-06-28,98.0
V001063,U01311,S0026,93.0,2024-05-13,39.0
V001064,U01587,S0015,500.0,2025-04-20,33.0
V001065,U01853,S0761,500.0,2025-03-17,88.0
V001066,U00492,S0838,500.0,2024-11-06,57.0
V001067,U01312,S0966,84.0,2024-07-11,32.0
V001068,U01100,S0360,500.0,2024-01-29,35.0
V001069,U01962,S0864,31.0,2025-03-30,80.0
V001070,U00753,S0308,500.0,2024-10-06,56.0
V001071,U01516,S0079,84.0,2025-02-28,80.0
V001072,U00838,S0555,100.0,2025-10-01,59.0
V001073,U00890,S0902,500.0,2024-04-19,93.0
V001074,U01308,S0471,13.0,2024-05-12,98.0
V001075,U00552,S0370,192.0,2025-04-21,60.0
V001076,U01188,S0829,134.0,2024-10-29,48.0
V001077,U01106,S0280,106.0,2024-09-29,47.0
V001078,U00630,S0193,51.0,2024-07-29,40.0
V001079,U01675,S0150,43.0,2024-11-30,76.0
V001080,U00225,S0378,500.0,2024-08-15,30.0
V001081,U00205,S0415,14.0,2024-09-20,92.0
V001082,U00633,S0424,500.0,2025-04-24,68.0
V001083,U01867,S0334,193.0,2024-02-26,25.0
V001084,U01350,S0329,500.0,2024-09-01,72.0
V001085,U01327,S0632,500.0,2024-06-17,100.0
V001086,U00252,S0093,151.0,2024-07-10,47.0
V001087,U01489,S0930,500.0,2024-10-02,91.0
V001088,U00900,S0863,500.0,2025-03-12,62.0
V001089,U00532,S0667,51.0,2024-01-04,34.0
V001090,U01146,S0445,500.0,2025-03-03,25.0
V001091,U01501,S0193,192.0,2024-03-17,83.0
V001092,U00616,S0169,154.0,2024-03-12,54.0
V001093,U00734,S0930,500.0,2025-03-28,11.0
V001094,U00398,S0023,500.0,2024-04-26,59.0
V001095,U01352,S0923,500.0,2024-12-11,72.0
V001096,U00971,S0670,500.0,2024-08-22,62.0
V001097,U01459,S0696,65.0,2025-06-20,30.0
V001098,U01704,S0761,500.0,2024-02-28,12.0
V001099,U01462,S0019,210.0,2024-04-16,51.0
V001100,U01782,S0187,500.0,2024-01-17,78.0
V001101,U00370,S0996,206.0,2024-10-06,45.0
V001102,U00409,S0694,111.0,2024-12-16,66.0
V001103,U00108,S0054,219.0,2024-09-17,26.0
V001104,U00891,S0202,115.0,2024-10-04,46.0
V001105,U00815,S0749,182.0,2024-04-14,52.0
V001106,U00017,S0928,500.0,2024-09-26,79.0
V001107,U01870,S0195,46.0,2025-04-20,69.0
V001108,U01979,S0925,14.0,2024-05-26,78.0
V001109,U01954,S0401,500.0,2024-09-22,56.0
V001110,U01400,S0103,154.0,2024-11-09,70.0
V001111,U00606,S0817,500.0,2025-06-17,56.0
V001112,U01542,S0530,7.0,2025-01-24,88.0
V001113,U00303,S0621,500.0,2025-03-21,41.0
V001114,U01689,S0711,500.0,2024-08-27,100.0
V001115,U01640,S0320,165.0,2024-03-30,94.0
V001116,U00540,S0072,500.0,2025-04-10,39.0
V001117,U00070,S0408,500.0,2025-05-01,80.0
V001118,U01816,S0810,92.0,2024-09-02,69.0
V001119,U00436,S0563,181.0,2024-04-30,20.0
V001120,U00469,S0921,80.0,2025-01-08,25.0
V001121,U00960,S0450,209.0,2024-11-18,91.0
V001122,U01682,S0425,500.0,2024-11-28,71.0
V001123,U01896,S0024,152.0,2024-12-25,85.0
V001124,U01433,S0428,9.0,2025-06-01,72.0
V001125,U01571,S0192,500.0,2024-07-10,55.0
V001126,U00580,S0436,500.0,2024-01-18,11.0
V001127,U00953,S0498,85.0,2024-12-26,73.0
V001128,U00212,S0011,105.0,2025-06-13,17.0
V001129,U00936,S0699,40.0,2024-08-25,63.0
V001130,U01362,S0388,83.0,2024-10-18,54.0
V001131,U00556,S0810,500.0,2025-03-01,10.0
V001132,U01363,S0510,500.0,2024-07-02,70.0
V001133,U00882,S0079,219.0,2024-08-28,70.0
V001134,U00134,S0470,500.0,2024-01-28,98.0
V001135,U00979,S0670,104.0,2025-01-19,56.0
V001136,U00856,S0006,500.0,2025-06-18,56.0
V001137,U00933,S0997,500.0,2025-05-15,16.0
V001138,U00702,S0395,500.0,2024-01-09,89.0
V001139,U01073,S0810,58.0,2024-04-02,69.0
V001140,U00975,S0135,67.0,2025-02-04,71.0
V001141,U01708,S0362,139.0,2024-07-12,73.0
V001142,U00001,S0037,500.0,2025-08-06,100.0
V001143,U01735,S0636,28.0,2024-07-27,64.0
V001144,U00391,S0542,500.0,2024-06-13,85.0
V001145,U00105,S0238,500.0,2024-05-24,59.0
V001146,U01917,S0954,500.0,2024-01-08,50.0
V001147,U01857,S0405,69.0,2025-02-04,49.0
V001148,U01607,S0299,205.0,2025-02-01,24.0
V001149,U01060,S0327,23.0,2024-03-30,16.0
V001150,U00954,S0563,500.0,2025-05-06,96.0
V001151,U00298,S0875,115.0,2025-04-22,66.0
V001152,U00468,S0808,44.0,2024-10-21,42.0
V001153,U00957,S0173,500.0,2024-12-23,76.0
V001154,U01851,S0934,219.0,2025-04-06,75.0
V001155,U01362,S0469,219.0,2024-03-17,68.0
V001156,U00880,S0444,35.0,2025-05-13,14.0
V001157,U01785,S0191,500.0,2025-03-21,72.0
V001158,U00936,S0743,187.0,2024-03-29,29.0
V001159,U00384,S0422,500.0,2025-06-03,81.0
V001160,U00360,S0623,500.0,2024-11-30,88.0
V001161,U00819,S0538,500.0,2025-11-05,15.0
V001162,U00277,S0475,219.0,2024-01-28,35.0
V001163,U00879,S0948,56.0,2025-02-10,33.0
V001164,U00198,S0731,174.0,2024-02-23,15.0
V001165,U01897,S0443,500.0,2024-03-03,71.0
V001166,U01271,S0364,500.0,2024-04-02,11.0
V001167,U01713,S0964,68.0,2025-01-01,63.0
V001168,U00359,S0913,29.0,2024-12-27,50.0
V001169,U00892,S0888,500.0,2024-11-26,77.0
V001170,U00603,S0465,108.0,2024-08-26,34.0
V001171,U01024,S0143,500.0,2024-07-08,45.0
V001172,U00318,S0519,41.0,2025-06-04,16.0
V001173,U01686,S0376,149.0,2025-06-14,37.0
V001174,U00134,S0743,219.0,2025-04-15,52.0
V001175,U01669,S0139,142.0,2024-01-05,42.0
V001176,U00865,S0690,186.0,2024-12-17,93.0
V001177,U01944,S0758,219.0,2024-12-24,30.0
V001178,U00907,S0205,500.0,2024-12-27,79.0
V001179,U01179,S0160,137.0,2025-04-25,29.0
V001180,U01446,S0695,6.0,2024-07-31,25.0
V001181,U00826,S0723,125.0,2024-01-23,24.0
V001182,U00378,S0200,500.0,2025-01-04,27.0
V001183,U00532,S0691,219.0,2024-08-01,13.0
V001184,U01156,S0558,500.0,2025-05-16,74.0
V001185,U01371,S0174,219.0,2025-06-14,71.0
V001186,U00077,S0404,500.0,2024-10-02,93.0
V001187,U01898,S0485,500.0,2024-10-05,33.0
V001188,U00678,S0031,500.0,2024-06-30,75.0
V001189,U00855,S0480,206.0,2025-06-22,61.0
V001190,U00292,S0135,124.0,2024-10-05,10.0
V001191,U01567,S0238,156.0,2024-07-18,11.0
V001192,U00082,S0145,11.0,2024-05-05,39.0
V001193,U01117,S0925,77.0,2025-01-05,36.0
V001194,U00298,S0200,500.0,2024-09-10,68.0
V001195,U00507,S0626,165.0,2024-01-15,56.0
V001196,U00216,S0695,189.0,2024-10-10,92.0
V001197,U01379,S0450,219.0,2024-08-09,56.0
V001198,U00948,S0756,55.0,2024-04-07,28.0
V001199,U00685,S0405,500.0,2024-12-11,58.0
V001200,U00229,S0780,214.0,2025-12-02,79.0
V001201,U01364,S0155,131.0,2024-06-22,59.0
V001202,U01457,S0197,71.0,2024-10-07,63.0
V001203,U01605,S0128,500.0,2024-02-06,21.0
V001204,U00992,S0471,202.0,2024-05-21,18.0
V001205,U00069,S0652,500.0,2025-05-15,66.0
V001206,U01078,S0361,67.0,2025-02-02,18.0
V001207,U00063,S0779,500.0,2025-04-29,81.0
V001208,U00374,S0819,44.0,2024-10-17,83.0
V001209,U01247,S0792,161.0,2025-05-20,57.0
V001210,U01097,S0461,196.0,2024-08-20,56.0
V001211,U00627,S0496,10.0,2024-05-02,88.0
V001212,U00279,S0255,500.0,2024-10-08,67.0
V001213,U00386,S0990,176.0,2024-12-15,58.0
V001214,U01792,S0108,500.0,2024-02-21,98.0
V001215,U01868,S0281,88.0,2024-05-28,99.0
V001216,U00965,S0856,68.0,2024-01-23,20.0
V001217,U01025,S0249,206.0,2025-10-02,19.0
V001218,U01288,S0889,7.0,2024-07-11,34.0
V001219,U00182,S0729,500.0,2024-02-09,78.0
V001220,U00484,S0658,209.0,2024-10-24,98.0
V001221,U00904,S0780,500.0,2025-04-21,44.0
V001222,U01576,S0040,65.0,2024-10-11,81.0
V001223,U00908,S0271,15.0,2024-05-30,16.0
V001224,U00197,S0672,500.0,2024-06-20,73.0
V001225,U00971,S0173,500.0,2025-03-21,78.0
V001226,U00673,S0123,138.0,2024-10-23,93.0
V001227,U00313,S0662,500.0,2025-03-27,35.0
V001228,U01906,S0401,118.0,2025-04-03,25.0
V001229,U01135,S0491,138.0,2024-03-09,26.0
V001230,U01101,S0194,219.0,2025-01-12,75.0
V001231,U00662,S0382,220.0,2024-09-18,46.0
V001232,U01359,S0628,130.0,2024-06-25,31.0
V001233,U01324,S0940,500.0,2024-07-19,41.0
V001234,U01990,S0333,500.0,2024-01-31,96.0
V001235,U00242,S0833,157.0,2024-03-02,62.0
V001236,U01455,S0957,58.0,2024-03-22,58.0
V001237,U01570,S0754,183.0,2025-05-18,35.0
V001238,U00119,S0857,70.0,2024-05-15,57.0
V001239,U00939,S0633,216.0,2024-02-10,33.0
V001240,U01822,S0235,500.0,2025-05-24,64.0
V001241,U00376,S0133,73.0,2024-06-22,23.0
V001242,U00484,S0071,500.0,2024-01-24,40.0
V001243,U01232,S0897,500.0,2025-01-23,32.0
V001244,U01841,S0875,500.0,2025-01-17,59.0
V001245,U00454,S0850,157.0,2024-03-16,52.0
V001246,U01521,S0451,500.0,2024-08-30,90.0
V001247,U01384,S0889,500.0,2024-08-05,18.0
V001248,U01527,S0184,500.0,2025-05-01,76.0
V001249,U00052,S0442,46.0,2024-12-02,45.0
V001250,U00489,S0271,102.0,2024-09-03,74.0
V001251,U01720,S0320,69.0,2024-07-01,71.0
V001252,U00233,S0776,144.0,2024-08-19,27.0
V001253,U01688,S0078,500.0,2025-01-25,99.0
V001254,U00792,S0085,58.0,2025-04-30,59.0
V001255,U01460,S0243,500.0,2024-01-05,27.0
V001256,U01747,S0033,500.0,2024-10-18,19.0
V001257,U01533,S0134,500.0,2024-11-30,79.0
V001258,U00993,S0557,219.0,2024-11-24,52.0
V001259,U01734,S0347,500.0,2024-03-26,52.0
V001260,U00922,S0487,8.0,2024-02-20,54.0
V001261,U01047,S0494,500.0,2024-12-13,56.0
V001262,U00231,S0032,500.0,2025-01-21,67.0
V001263,U01315,S0464,500.0,2025-05-12,16.0
V001264,U01910,S0123,196.0,2025-05-29,31.0
V001265,U01456,S0212,219.0,2024-10-25,87.0
V001266,U01501,S0590,113.0,2025-04-02,33.0
V001267,U00072,S0045,149.0,2024-06-02,94.0
V001268,U00324,S0645,500.0,2025-04-28,32.0
V001269,U01245,S0173,500.0,2024-03-03,69.0
V001270,U01479,S0040,41.0,2024-08-31,22.0
V001271,U00663,S0234,500.0,2024-09-09,56.0
V001272,U01742,S0444,145.0,2025-03-27,74.0
V001273,U01506,S0918,500.0,2024-06-18,28.0
V001274,U00332,S0561,57.0,2025-06-15,55.0
V001275,U01085,S0338,179.0,2025-01-02,90.0
V001276,U01176,S0030,500.0,2025-08-05,56.0
V001277,U00528,S0413,500.0,2024-05-30,83.0
V001278,U01087,S0703,26.0,2024-02-12,13.0
V001279,U01577,S0060,500.0,2025-04-17,99.0
V001280,U01770,S0806,500.0,2024-04-24,69.0
V001281,U01930,S0946,500.0,2024-03-23,33.0
V001282,U00057,S0464,188.0,2024-01-23,34.0
V001283,U01557,S0531,500.0,2024-08-22,42.0
V001284,U01581,S0449,105.0,2024-08-13,97.0
V001285,U00411,S0311,191.0,2025-12-06,58.0
V001286,U01092,S0901,500.0,2025-03-16,86.0
V001287,U00508,S0059,108.0,2024-08-14,27.0
V001288,U00617,S0033,500.0,2024-09-09,13.0
V001289,U01972,S0883,500.0,2025-04-05,97.0
V001290,U01254,S0090,219.0,2025-03-21,95.0
V001291,U00485,S0967,500.0,2025-05-03,13.0
V001292,U00043,S0962,57.0,2024-12-10,32.0
V001293,U01654,S0905,500.0,2025-10-05,89.0
V001294,U00977,S0482,220.0,2024-05-09,84.0
V001295,U00089,S0303,189.0,2024-08-11,43.0
V001296,U01657,S0374,500.0,2025-04-25,58.0
V001297,U01780,S0368,500.0,2025-06-15,34.0
V001298,U00622,S0765,500.0,2025-01-16,96.0
V001299,U01126,S0697,29.0,2025-04-15,38.0
V001300,U00150,S0501,500.0,2025-05-01,60.0
V001301,U00840,S0884,500.0,2025-06-01,44.0
V001302,U00422,S0149,71.0,2024-12-14,13.0
V001303,U01177,S0776,500.0,2025-05-23,12.0
V001304,U01504,S0332,500.0,2024-10-10,92.0
V001305,U00530,S0707,219.0,2024-01-11,23.0
V001306,U00131,S0809,219.0,2024-09-03,56.0
V001307,U00997,S0848,500.0,2024-12-10,42.0
V001308,U01979,S0792,30.0,2024-01-18,87.0
V001309,U01715,S0531,500.0,2024-08-14,88.0
V001310,U00799,S0696,182.0,2024-02-08,93.0
V001311,U00555,S0182,10.0,2024-07-11,52.0
V001312,U01302,S0743,500.0,2024-05-10,56.0
V001313,U01481,S0454,212.0,2025-11-02,48.0
V001314,U01362,S0347,144.0,2024-10-06,80.0
V001315,U01963,S0283,9.0,2024-05-08,65.0
V001316,U00676,S0950,500.0,2024-01-28,77.0
V001317,U01197,S0713,186.0,2025-02-02,49.0
V001318,U00035,S0470,500.0,2024-08-13,64.0
V001319,U00993,S0370,69.0,2025-02-03,10.0
V001320,U01950,S0039,500.0,2024-09-03,39.0
V001321,U00631,S0112,500.0,2024-11-13,45.0
V001322,U01817,S0595,500.0,2025-03-27,70.0
V001323,U01861,S0669,219.0,2024-06-13,57.0
V001324,U00712,S0856,500.0,2024-11-19,55.0
V001325,U01048,S0673,219.0,2025-04-28,40.0
V001326,U01640,S0257,500.0,2024-07-15,78.0
V001327,U00099,S0850,81.0,2024-08-07,20.0
V001328,U01977,S0495,500.0,2025-04-29,16.0
V001329,U00220,S0419,101.0,2024-03-04,95.0
V001330,U00510,S0757,73.0,2024-10-21,53.0
V001331,U01829,S0254,59.0,2024-10-01,59.0
V001332,U01090,S0844,500.0,2024-09-02,78.0
V001333,U00553,S0890,98.0,2024-08-19,80.0
V001334,U01395,S0110,500.0,2024-06-08,27.0
V001335,U00772,S0083,160.0,2024-03-30,46.0
V001336,U00839,S0007,500.0,2024-06-28,60.0
V001337,U01890,S0299,68.0,2024-09-04,61.0
V001338,U00989,S0300,500.0,2025-04-04,30.0
V001339,U00480,S0299,138.0,2024-05-31,91.0
V001340,U01795,S0552,146.0,2024-11-13,12.0
V001341,U00378,S0193,500.0,2024-05-08,59.0
V001342,U01913,S0909,219.0,2024-06-22,16.0
V001343,U00667,S0300,101.0,2025-01-23,94.0
V001344,U01590,S0361,183.0,2025-03-05,19.0
V001345,U01038,S0475,500.0,2024-03-04,91.0
V001346,U00077,S0565,28.0,2025-03-19,53.0
V001347,U01085,S0119,500.0,2024-07-04,68.0
V001348,U01120,S0886,210.0,2024-03-25,40.0
V001349,U00790,S0244,500.0,2025-01-09,26.0
V001350,U01300,S0999,30.0,2024-09-16,62.0
V001351,U00209,S0885,141.0,2024-10-07,69.0
V001352,U00363,S0924,152.0,2024-03-03,74.0
V001353,U00188,S0972,121.0,2024-10-04,58.0
V001354,U01635,S0179,500.0,2025-04-17,97.0
V001355,U01060,S0542,500.0,2024-12-10,78.0
V001356,U00062,S0759,213.0,2024-07-05,78.0
V001357,U01713,S0167,500.0,2024-05-25,98.0
V001358,U00688,S0361,500.0,2024-03-03,87.0
V001359,U01229,S0078,81.0,2024-07-06,15.0
V001360,U00960,S0511,207.0,2024-08-18,85.0
V001361,U01244,S0528,219.0,2025-01-30,81.0
V001362,U00741,S0705,500.0,2025-05-21,19.0
V001363,U01873,S0183,5.0,2024-03-27,88.0
V001364,U00049,S0842,51.0,2024-12-14,87.0
V001365,U00150,S0317,80.0,2025-01-31,55.0
V001366,U01263,S0868,36.0,2024-11-04,59.0
V001367,U00119,S0088,99.0,2025-06-03,80.0
V001368,U00934,S0880,16.0,2024-07-26,20.0
V001369,U00208,S0322,140.0,2024-03-09,48.0
V001370,U00678,S0219,500.0,2024-10-18,75.0
V001371,U00501,S0360,500.0,2025-04-05,45.0
V001372,U01861,S0889,500.0,2025-03-18,43.0
V001373,U00337,S0797,89.0,2025-02-23,96.0
V001374,U01800,S0638,219.0,2024-07-12,72.0
V001375,U01946,S0802,500.0,2025-02-04,47.0
V001376,U01201,S0574,500.0,2024-07-21,37.0
V001377,U00782,S0317,74.0,2025-09-03,18.0
V001378,U01823,S0925,34.0,2024-03-11,15.0
V001379,U00038,S0079,500.0,2024-01-06,87.0
V001380,U00146,S0228,158.0,2025-02-23,51.0
V001381,U01109,S0633,73.0,2025-05-22,63.0
V001382,U00045,S0545,500.0,2025-02-01,41.0
V001383,U00781,S0749,500.0,2025-05-24,24.0
V001384,U00637,S0991,500.0,2024-12-20,52.0
V001385,U00235,S0806,150.0,2024-04-22,63.0
V001386,U00045,S0280,219.0,2025-05-15,11.0
V001387,U01456,S0228,500.0,2024-01-10,71.0
V001388,U01020,S0600,500.0,2024-04-03,44.0
V001389,U01445,S0724,149.0,2024-11-07,95.0
V001390,U01619,S0642,500.0,2024-08-04,68.0
V001391,U00684,S0203,500.0,2025-09-04,62.0
V001392,U00478,S0047,35.0,2024-08-05,94.0
V001393,U01700,S0120,500.0,2024-02-10,67.0
V001394,U00303,S0625,156.0,2025-01-14,82.0
V001395,U01263,S0594,500.0,2024-07-30,89.0
V001396,U01554,S0690,6.0,2024-03-22,87.0
V001397,U00173,S0585,36.0,2024-03-30,53.0
V001398,U01111,S0073,142.0,2025-06-13,48.0
V001399,U01149,S0439,61.0,2024-11-18,80.0
V001400,U01570,S0460,500.0,2024-03-13,89.0
V001401,U01583,S0060,30.0,2024-07-18,18.0
V001402,U01932,S0739,209.0,2025-06-20,83.0
V001403,U00030,S0306,500.0,2024-05-09,23.0
V001404,U00712,S0907,500.0,2024-10-11,11.0
V001405,U01082,S0572,500.0,2024-09-21,93.0
V001406,U01496,S0187,204.0,2024-09-01,48.0
V001407,U00244,S0982,130.0,2024-01-29,93.0
V001408,U01449,S0119,169.0,2024-01-07,47.0
V001409,U01036,S0424,77.0,2025-05-01,96.0
V001410,U01564,S0971,500.0,2024-04-21,90.0
V001411,U01354,S0545,99.0,2024-10-05,22.0
V001412,U00944,S0602,129.0,2024-02-09,23.0
V001413,U00910,S0955,158.0,2025-05-24,74.0
V001414,U01968,S0843,500.0,2024-06-19,42.0
V001415,U01770,S0046,27.0,2024-07-03,77.0
V001416,U01183,S0915,500.0,2025-01-24,48.0
V001417,U01050,S0587,500.0,2024-12-28,55.0
V001418,U01690,S0504,500.0,2024-11-20,62.0
V001419,U01539,S0233,30.0,2024-01-19,45.0
V001420,U01420,S0987,500.0,2024-09-20,25.0
V001421,U01242,S0704,217.0,2025-11-02,39.0
V001422,U01047,S0899,500.0,2024-11-03,69.0
V001423,U00441,S0990,500.0,2024-10-11,14.0
V001424,U01193,S0342,500.0,2025-06-21,82.0
V001425,U01525,S0718,500.0,2024-04-26,56.0
V001426,U00811,S0817,128.0,2024-01-01,13.0
V001427,U00551,S0704,106.0,2024-11-17,90.0
V001428,U01442,S0513,500.0,2024-08-23,97.0
V001429,U00355,S0248,187.0,2024-01-18,49.0
V001430,U01456,S0641,500.0,2024-03-01,56.0
V001431,U01468,S0109,500.0,2025-06-02,29.0
V001432,U01363,S0281,500.0,2024-08-29,19.0
V001433,U01853,S0626,500.0,2024-06-24,26.0
V001434,U00590,S0997,500.0,2025-01-19,50.0
V001435,U01124,S0400,184.0,2024-12-22,44.0
V001436,U01857,S0376,500.0,2024-10-30,72.0
V001437,U01558,S0843,500.0,2024-01-24,32.0
V001438,U01148,S0185,500.0,2025-01-27,46.0
V001439,U00409,S0989,500.0,2024-03-17,99.0
V001440,U00191,S0912,500.0,2025-01-05,70.0
V001441,U00869,S0701,500.0,2025-06-13,33.0
V001442,U01631,S0252,88.0,2024-10-15,99.0
V001443,U00398,S0894,500.0,2024-12-07,32.0
V001444,U01523,S0418,500.0,2024-04-20,56.0
V001445,U01720,S0385,198.0,2024-11-05,44.0
V001446,U01017,S0012,205.0,2025-05-28,76.0
V001447,U00854,S0999,500.0,2024-09-17,45.0
V001448,U01894,S0686,69.0,2024-08-05,44.0
V001449,U00166,S0154,7.0,2025-05-16,38.0
V001450,U00982,S0067,500.0,2024-12-03,48.0
V001451,U00917,S0097,500.0,2024-02-11,56.0
V001452,U01718,S0838,500.0,2024-12-08,81.0
V001453,U00018,S0825,42.0,2024-08-15,71.0
V001454,U01507,S0316,500.0,2024-01-10,22.0
V001455,U01244,S0278,500.0,2024-06-29,56.0
V001456,U01126,S0576,77.0,2025-12-05,71.0
V001457,U00322,S0863,71.0,2025-02-27,70.0
V001458,U00825,S0298,42.0,2025-06-14,75.0
V001459,U00016,S0660,500.0,2025-03-03,62.0
V001460,U00657,S0060,203.0,2024-12-14,45.0
V001461,U00045,S0315,500.0,2024-04-25,95.0
V001462,U00843,S0101,500.0,2025-02-11,47.0
V001463,U01897,S0600,120.0,2024-08-06,39.0
V001464,U01181,S0965,74.0,2024-12-10,93.0
V001465,U01982,S0695,192.0,2024-07-14,62.0
V001466,U01796,S0534,219.0,2025-02-07,90.0
V001467,U00662,S0835,181.0,2024-07-21,67.0
V001468,U01091,S0121,30.0,2025-07-05,22.0
V001469,U01820,S0074,219.0,2024-05-04,95.0
V001470,U01785,S0975,500.0,2024-07-13,56.0
V001471,U01514,S0111,145.0,2025-05-16,65.0
V001472,U01881,S0724,500.0,2024-09-06,93.0
V001473,U01857,S0749,178.0,2024-04-07,30.0
V001474,U01968,S0126,500.0,2024-09-29,17.0
V001475,U00075,S0445,214.0,2025-02-15,93.0
V001476,U00731,S0495,500.0,2024-02-29,42.0
V001477,U01229,S0277,191.0,2025-03-17,25.0
V001478,U01627,S0049,139.0,2025-03-31,100.0
V001479,U01956,S0299,500.0,2024-08-16,67.0
V001480,U00607,S0886,500.0,2024-08-30,59.0
V001481,U01355,S0746,500.0,2024-07-20,54.0
V001482,U00986,S0893,500.0,2024-08-11,85.0
V001483,U00711,S0036,500.0,2025-02-07,80.0
V001484,U01522,S0714,500.0,2024-03-06,30.0
V001485,U01332,S0284,500.0,2025-05-25,13.0
V001486,U01707,S0453,203.0,2025-01-18,34.0
V001487,U00321,S0150,67.0,2024-12-03,74.0
V001488,U01288,S0532,206.0,2025-03-19,77.0
V001489,U01992,S0060,500.0,2025-01-30,79.0
V001490,U00461,S0672,83.0,2025-01-04,24.0
V001491,U00850,S0186,500.0,2024-05-20,56.0
V001492,U01263,S0009,500.0,2024-01-28,89.0
V001493,U01319,S0499,20.0,2024-12-31,38.0
V001494,U00207,S0807,13.0,2024-12-04,60.0
V001495,U00918,S0040,27.0,2025-06-10,25.0
V001496,U00398,S0473,196.0,2025-01-16,49.0
V001497,U00320,S0686,500.0,2024-04-14,55.0
V001498,U00367,S0413,500.0,2024-01-03,37.0
V001499,U00100,S0293,500.0,2024-08-20,29.0
V001500,U00131,S0761,156.0,2025-03-30,87.0
V001501,U00960,S0124,500.0,2024-08-12,97.0
V001502,U01101,S0952,151.0,2024-05-28,71.0
V001503,U00704,S0668,50.0,2024-01-23,89.0
V001504,U01808,S0246,115.0,2025-03-19,57.0
V001505,U00855,S0260,500.0,2024-01-21,45.0
V001506,U01683,S0242,500.0,2024-02-15,99.0
V001507,U01902,S0356,500.0,2024-10-28,14.0
V001508,U01727,S0416,158.0,2024-09-14,81.0
V001509,U01137,S0445,188.0,2024-08-14,28.0
V001510,U01275,S0247,500.0,2024-06-28,56.0
V001511,U01863,S0010,500.0,2025-01-22,46.0
V001512,U01118,S0930,202.0,2025-03-01,56.0
V001513,U00462,S0457,500.0,2024-03-21,68.0
V001514,U01702,S0031,176.0,2024-06-23,56.0
V001515,U00335,S0583,500.0,2024-01-20,16.0
V001516,U01639,S0595,500.0,2024-11-26,61.0
V001517,U00049,S0222,500.0,2024-03-12,48.0
V001518,U00582,S0834,161.0,2025-02-23,17.0
V001519,U00076,S0899,500.0,2024-02-06,13.0
V001520,U00632,S0457,84.0,2024-02-15,82.0
V001521,U01897,S0700,66.0,2024-10-19,50.0
V001522,U00663,S0963,158.0,2024-11-25,10.0
V001523,U01084,S0337,207.0,2024-07-07,57.0
V001524,U00276,S0816,500.0,2025-04-05,28.0
V001525,U00540,S0008,500.0,2025-03-27,19.0
V001526,U00763,S0070,500.0,2025-04-01,58.0
V001527,U00983,S0318,500.0,2024-08-21,69.0
V001528,U00142,S0397,500.0,2025-01-21,66.0
V001529,U01731,S0241,39.0,2024-07-26,88.0
V001530,U01129,S0497,30.0,2025-03-31,40.0
V001531,U01899,S0784,500.0,2024-01-29,81.0
V001532,U01987,S0918,125.0,2024-04-16,24.0
V001533,U00422,S0785,150.0,2025-02-19,41.0
V001534,U01742,S0288,500.0,2024-09-14,96.0
V001535,U00547,S0855,500.0,2024-12-24,13.0
V001536,U00974,S0497,122.0,2024-08-26,32.0
V001537,U01089,S0477,212.0,2024-01-22,69.0
V001538,U01786,S0531,91.0,2024-01-01,65.0
V001539,U00997,S0388,500.0,2025-09-05,13.0
V001540,U01245,S0146,69.0,2024-11-16,78.0
V001541,U01312,S0668,500.0,2024-01-15,11.0
V001542,U01041,S0063,108.0,2024-10-03,64.0
V001543,U01764,S0383,174.0,2025-09-01,85.0
V001544,U01600,S0935,52.0,2025-02-24,44.0
V001545,U01312,S0323,500.0,2024-01-27,23.0
V001546,U01416,S0894,40.0,2024-11-25,88.0
V001547,U01224,S0139,123.0,2024-02-18,40.0
V001548,U00301,S0593,63.0,2024-05-24,15.0
V001549,U01594,S0584,219.0,2024-07-19,17.0
V001550,U01720,S0415,500.0,2024-02-10,73.0
V001551,U00427,S0922,500.0,2024-05-09,97.0
V001552,U01541,S0984,500.0,2024-11-24,49.0
V001553,U00340,S0711,500.0,2024-05-09,82.0
V001554,U00947,S0017,72.0,2025-03-11,73.0
V001555,U01487,S0303,203.0,2024-04-01,75.0
V001556,U01918,S0765,500.0,2024-05-21,29.0
V001557,U01841,S0933,500.0,2025-10-06,39.0
V001558,U01162,S0282,69.0,2024-06-20,90.0
V001559,U00296,S0676,94.0,2024-06-18,43.0
V001560,U01884,S0113,36.0,2025-04-27,30.0
V001561,U00838,S0788,500.0,2024-02-24,93.0
V001562,U00615,S0129,29.0,2025-03-19,64.0
V001563,U01394,S0727,211.0,2024-08-28,95.0
V001564,U00702,S0902,195.0,2025-03-18,89.0
V001565,U00503,S0894,125.0,2024-03-04,19.0
V001566,U01071,S0219,78.0,2025-05-20,89.0
V001567,U00007,S0107,202.0,2025-12-04,40.0
V001568,U01657,S0197,500.0,2024-12-22,43.0
V001569,U01510,S0046,500.0,2024-12-25,78.0
V001570,U00215,S0255,500.0,2025-01-15,41.0
V001571,U00016,S0406,500.0,2024-06-01,43.0
V001572,U00157,S0627,11.0,2025-03-19,67.0
V001573,U01295,S0847,64.0,2025-02-24,91.0
V001574,U01260,S0576,196.0,2024-10-12,35.0
V001575,U01198,S0098,13.0,2025-01-14,89.0
V001576,U01875,S0329,500.0,2024-03-21,57.0
V001577,U00743,S0123,500.0,2025-01-02,47.0
V001578,U00513,S0309,500.0,2024-02-17,87.0
V001579,U00983,S0735,500.0,2024-12-30,45.0
V001580,U01860,S0090,500.0,2024-11-03,65.0
V001581,U00546,S0275,500.0,2025-10-05,44.0
V001582,U00789,S0205,220.0,2024-04-01,13.0
V001583,U00223,S0097,500.0,2024-08-17,19.0
V001584,U00452,S0010,500.0,2024-05-28,65.0
V001585,U01217,S0598,500.0,2025-03-27,73.0
V001586,U01718,S0436,53.0,2024-09-09,37.0
V001587,U00489,S0981,500.0,2024-11-23,34.0
V001588,U00624,S0817,84.0,2024-03-10,56.0
V001589,U00055,S0055,129.0,2025-03-06,59.0
V001590,U01329,S0097,500.0,2024-11-03,75.0
V001591,U01810,S0822,149.0,2025-08-02,25.0
V001592,U00493,S0208,500.0,2025-05-06,85.0
V001593,U01992,S0531,500.0,2024-05-22,68.0
V001594,U01564,S0844,500.0,2024-06-23,15.0
V001595,U00629,S0948,50.0,2024-09-23,89.0
V001596,U00623,S0809,162.0,2024-09-29,46.0
V001597,U01696,S0777,500.0,2024-09-12,43.0
V001598,U00749,S0552,500.0,2024-10-10,65.0
V001599,U00492,S0644,500.0,2025-05-01,83.0
V001600,U00765,S0918,500.0,2024-03-02,51.0
V001601,U00195,S0265,23.0,2024-03-30,82.0
V001602,U00351,S0753,500.0,2025-04-14,83.0
V001603,U00184,S0248,103.0,2024-11-28,84.0
V001604,U01757,S0459,500.0,2024-05-03,38.0
V001605,U01125,S0594,192.0,2025-07-05,66.0
V001606,U01905,S0925,500.0,2024-02-11,60.0
V001607,U01404,S0141,500.0,2024-01-28,67.0
V001608,U00594,S0346,89.0,2024-04-18,71.0
V001609,U00921,S0785,206.0,2024-07-25,77.0
V001610,U00082,S0302,211.0,2024-10-19,78.0
V001611,U00396,S0684,84.0,2024-09-07,57.0
V001612,U00638,S0116,73.0,2024-06-01,31.0
V001613,U01948,S0005,500.0,2025-02-14,49.0
V001614,U01895,S0733,31.0,2024-12-26,75.0
V001615,U00108,S0493,213.0,2025-01-10,39.0
V001616,U00889,S0887,500.0,2025-06-16,36.0
V001617,U01905,S0634,167.0,2025-02-26,14.0
V001618,U01639,S0153,68.0,2024-01-12,100.0
V001619,U01426,S0664,37.0,2024-02-25,11.0
V001620,U00583,S0555,500.0,2025-04-13,72.0
V001621,U00392,S0850,123.0,2024-11-20,33.0
V001622,U01995,S0581,500.0,2024-06-09,77.0
V001623,U01151,S0526,500.0,2025-03-08,16.0
V001624,U01300,S0164,500.0,2024-02-03,62.0
V001625,U01434,S0742,219.0,2024-07-19,76.0
V001626,U01242,S0660,133.0,2024-08-10,84.0
V001627,U01508,S0117,500.0,2024-07-08,28.0
V001628,U00214,S0761,108.0,2025-05-22,66.0
V001629,U00178,S0378,143.0,2024-09-11,41.0
V001630,U01071,S0392,8.0,2024-11-19,35.0
V001631,U01691,S0895,197.0,2024-01-19,76.0
V001632,U00250,S0965,152.0,2024-07-17,58.0
V001633,U01707,S0760,500.0,2024-11-29,62.0
V001634,U01419,S0913,500.0,2024-01-14,69.0
V001635,U00592,S0204,500.0,2025-02-11,76.0
V001636,U01748,S0237,202.0,2024-07-24,90.0
V001637,U01545,S0007,500.0,2025-01-30,27.0
V001638,U01152,S0200,22.0,2024-05-12,90.0
V001639,U01233,S0962,500.0,2024-07-13,72.0
V001640,U01557,S0082,219.0,2025-04-17,57.0
V001641,U00007,S0098,500.0,2024-05-14,31.0
V001642,U01973,S0413,201.0,2024-02-21,89.0
V001643,U00352,S0610,219.0,2024-08-06,22.0
V001644,U01197,S0033,87.0,2024-12-29,39.0
V001645,U01145,S0877,500.0,2025-06-06,57.0
V001646,U01220,S0134,500.0,2025-10-02,97.0
V001647,U00983,S0763,500.0,2024-01-26,47.0
V001648,U00137,S0782,500.0,2024-07-12,20.0
V001649,U01881,S0483,7.0,2024-11-12,20.0
V001650,U00441,S0618,500.0,2025-02-22,48.0
V001651,U01213,S0304,500.0,2024-05-27,12.0
V001652,U01462,S0126,218.0,2024-12-15,74.0
V001653,U01766,S0954,209.0,2024-05-05,94.0
V001654,U00736,S0163,500.0,2025-05-15,26.0
V001655,U01439,S0700,162.0,2024-05-25,93.0
V001656,U00765,S0577,46.0,2024-10-16,40.0
V001657,U00447,S0170,500.0,2025-05-03,90.0
V001658,U01001,S0489,500.0,2025-04-20,19.0
V001659,U00913,S0400,182.0,2024-05-18,100.0
V001660,U00029,S0668,110.0,2024-08-06,97.0
V001661,U01346,S0022,500.0,2025-03-04,94.0
V001662,U01126,S0369,500.0,2025-04-30,47.0
V001663,U00640,S0841,500.0,2024-01-30,97.0
V001664,U01071,S0933,500.0,2025-04-03,62.0
V001665,U01463,S0309,500.0,2024-09-06,69.0
V001666,U01102,S0588,500.0,2025-02-03,14.0
V001667,U01559,S0623,36.0,2025-04-07,55.0
V001668,U00623,S0881,500.0,2024-12-01,46.0
V001669,U00557,S0273,500.0,2024-07-30,95.0
V001670,U00405,S0351,166.0,2024-03-15,24.0
V001671,U01225,S0914,116.0,2024-09-24,72.0
V001672,U00105,S0644,201.0,2024-02-12,29.0
V001673,U00304,S0132,6.0,2024-02-12,47.0
V001674,U00960,S0118,11.0,2025-06-11,30.0
V001675,U00037,S0141,108.0,2024-09-12,89.0
V001676,U00930,S0112,500.0,2024-07-30,67.0
V001677,U01270,S0467,500.0,2024-03-10,34.0
V001678,U00211,S0746,500.0,2024-04-01,46.0
V001679,U01941,S0585,154.0,2025-03-17,13.0
V001680,U00827,S0202,38.0,2024-04-17,44.0
V001681,U01067,S0883,500.0,2024-05-26,78.0
V001682,U01865,S0892,500.0,2024-03-29,18.0
V001683,U01612,S0324,76.0,2024-02-11,52.0
V001684,U01835,S0606,132.0,2024-07-23,77.0
V001685,U01391,S0557,500.0,2024-07-19,93.0
V001686,U00383,S0405,500.0,2025-07-01,59.0
V001687,U00911,S0646,500.0,2024-03-19,40.0
V001688,U01738,S0231,500.0,2024-04-14,23.0
V001689,U00997,S0238,116.0,2025-02-22,10.0
V001690,U01917,S0171,124.0,2024-11-15,75.0
V001691,U00347,S0545,500.0,2025-04-01,24.0
V001692,U01826,S0391,500.0,2024-10-13,20.0
V001693,U01068,S0565,500.0,2024-11-03,79.0
V001694,U01032,S0271,500.0,2024-06-25,56.0
V001695,U00853,S0203,500.0,2024-06-03,85.0
V001696,U00126,S0364,500.0,2025-11-02,95.0
V001697,U00124,S0642,135.0,2024-03-24,53.0
V001698,U00389,S0433,500.0,2025-04-22,98.0
V001699,U01510,S0940,16.0,2024-07-27,44.0
V001700,U00315,S0062,155.0,2025-04-09,64.0
V001701,U01493,S0473,500.0,2024-03-06,56.0
V001702,U00755,S0310,190.0,2024-09-26,58.0
V001703,U01738,S0756,500.0,2024-03-19,51.0
V001704,U01322,S0386,500.0,2025-01-01,62.0
V001705,U00782,S0010,500.0,2024-01-02,61.0
V001706,U01302,S0353,500.0,2024-02-12,58.0
V001707,U01396,S0834,500.0,2025-04-21,57.0
V001708,U01631,S0147,219.0,2024-04-16,75.0
V001709,U00736,S0452,50.0,2024-11-21,21.0
V001710,U00107,S0709,195.0,2024-06-05,39.0
V001711,U00344,S0149,500.0,2025-06-22,38.0
V001712,U01981,S0652,500.0,2024-05-31,91.0
V001713,U00887,S0358,500.0,2025-02-11,54.0
V001714,U01513,S0578,500.0,2024-12-19,41.0
V001715,U01851,S0529,500.0,2024-04-02,65.0
V001716,U01533,S0828,500.0,2024-01-06,97.0
V001717,U00491,S0845,74.0,2024-06-24,15.0
V001718,U00464,S0495,500.0,2025-05-25,56.0
V001719,U00124,S0539,500.0,2024-12-24,69.0
V001720,U01964,S0641,6.0,2025-03-05,75.0
V001721,U01415,S0032,500.0,2025-11-01,37.0
V001722,U00198,S0285,500.0,2024-04-20,23.0
V001723,U01426,S0600,80.0,2024-11-11,74.0
V001724,U00015,S0346,500.0,2024-08-06,100.0
V001725,U00745,S0675,202.0,2024-04-13,82.0
V001726,U01667,S0624,500.0,2024-10-20,50.0
V001727,U00146,S0067,214.0,2025-04-01,32.0
V001728,U01442,S0460,500.0,2024-09-08,24.0
V001729,U00364,S0056,500.0,2025-01-25,37.0
V001730,U01817,S0844,500.0,2025-02-02,27.0
V001731,U01014,S0295,500.0,2024-11-14,38.0
V001732,U00701,S0656,201.0,2024-11-11,100.0
V001733,U01293,S0907,500.0,2024-01-04,56.0
V001734,U01269,S0298,500.0,2024-09-28,68.0
V001735,U01213,S0795,500.0,2025-01-22,85.0
V001736,U01888,S0152,31.0,2024-10-30,56.0
V001737,U01310,S0324,500.0,2024-12-17,22.0
V001738,U01552,S0099,500.0,2024-05-17,67.0
V001739,U01340,S0012,98.0,2024-01-31,56.0
V001740,U01405,S0996,97.0,2024-05-29,43.0
V001741,U00064,S0576,500.0,2025-02-26,64.0
V001742,U01814,S0923,79.0,2024-01-15,71.0
V001743,U01293,S0701,500.0,2025-05-27,33.0
V001744,U00414,S0700,500.0,2024-01-07,89.0
V001745,U01144,S0077,115.0,2024-09-07,34.0
V001746,U01914,S0640,219.0,2024-08-26,29.0
V001747,U01469,S0179,500.0,2025-03-06,69.0
V001748,U00002,S0778,70.0,2024-09-11,85.0
V001749,U00271,S0101,500.0,2024-03-19,76.0
V001750,U01815,S0645,500.0,2024-04-11,18.0
V001751,U01072,S0895,127.0,2024-08-08,86.0
V001752,U00861,S0043,500.0,2025-02-22,33.0
V001753,U01633,S0491,500.0,2024-10-30,44.0
V001754,U00315,S0613,500.0,2024-12-18,98.0
V001755,U00730,S0314,500.0,2025-01-15,99.0
V001756,U01610,S0958,500.0,2024-05-20,78.0
V001757,U01605,S0249,58.0,2024-03-09,77.0
V001758,U01748,S0120,500.0,2025-05-15,25.0
V001759,U01216,S0155,139.0,2025-03-28,35.0
V001760,U00639,S0946,500.0,2025-05-21,38.0
V001761,U01485,S0864,205.0,2024-04-10,30.0
V001762,U01392,S0911,212.0,2025-05-19,90.0
V001763,U00637,S0417,500.0,2024-04-25,26.0
V001764,U00377,S0621,500.0,2024-06-02,72.0
V001765,U00446,S0231,500.0,2024-09-28,16.0
V001766,U00434,S0169,500.0,2025-04-24,22.0
V001767,U00966,S0810,500.0,2024-04-03,86.0
V001768,U01512,S0442,500.0,2025-06-17,47.0
V001769,U00040,S0237,134.0,2024-05-01,99.0
V001770,U01132,S0466,500.0,2025-02-05,75.0
V001771,U00698,S0452,74.0,2024-07-13,68.0
V001772,U00064,S0491,500.0,2024-06-06,32.0
V001773,U00815,S0552,40.0,2024-11-07,22.0
V001774,U01010,S0510,500.0,2024-04-02,44.0
V001775,U00778,S0903,500.0,2024-05-20,90.0
V001776,U01751,S0241,86.0,2024-09-01,90.0
V001777,U00543,S0964,500.0,2025-06-22,74.0
V001778,U01366,S0887,99.0,2025-03-20,28.0
V001779,U00958,S0939,500.0,2024-03-15,31.0
V001780,U01053,S0690,156.0,2024-10-24,50.0
V001781,U00960,S0731,69.0,2025-06-02,30.0
V001782,U01192,S0012,119.0,2024-03-16,25.0
V001783,U01143,S0595,132.0,2024-11-05,65.0
V001784,U01081,S0226,500.0,2024-09-17,32.0
V001785,U00363,S0047,71.0,2024-05-14,77.0
V001786,U00530,S0545,500.0,2024-06-21,64.0
V001787,U01855,S0338,107.0,2024-06-30,94.0
V001788,U00299,S0221,500.0,2024-10-29,21.0
V001789,U01380,S0798,138.0,2024-09-21,22.0
V001790,U01812,S0120,500.0,2024-06-13,72.0
V001791,U01526,S0689,500.0,2024-10-20,75.0
V001792,U01917,S0251,500.0,2025-04-22,79.0
V001793,U00225,S0616,500.0,2024-03-01,42.0
V001794,U01840,S0813,86.0,2025-06-09,31.0
V001795,U01113,S0843,100.0,2024-06-16,47.0
V001796,U01947,S0980,500.0,2024-10-16,85.0
V001797,U00103,S0253,500.0,2025-05-26,66.0
V001798,U00742,S0684,27.0,2024-12-27,64.0
V001799,U01726,S0889,64.0,2024-07-31,71.0
V001800,U01607,S0342,500.0,2025-01-15,84.0
V001801,U01845,S0860,500.0,2025-01-25,87.0
V001802,U01816,S0693,500.0,2024-11-19,89.0
V001803,U00676,S0425,500.0,2024-07-26,79.0
V001804,U01379,S0234,70.0,2025-02-05,77.0
V001805,U00233,S0011,214.0,2024-05-18,83.0
V001806,U01840,S0400,208.0,2025-05-04,89.0
V001807,U00427,S0257,108.0,2025-01-19,39.0
V001808,U00664,S0503,172.0,2024-05-21,29.0
V001809,U00073,S0251,58.0,2024-01-24,15.0
V001810,U01450,S0849,125.0,2025-10-03,38.0
V001811,U00177,S0856,86.0,2024-06-10,28.0
V001812,U00517,S0203,122.0,2024-10-25,77.0
V001813,U00581,S0314,113.0,2025-03-19,12.0
V001814,U01815,S0273,97.0,2024-09-15,65.0
V001815,U01136,S0468,26.0,2024-07-26,62.0
V001816,U00014,S0385,211.0,2024-01-21,80.0
V001817,U00139,S0276,133.0,2025-03-31,82.0
V001818,U01920,S0040,210.0,2025-04-24,44.0
V001819,U00176,S0450,35.0,2024-06-07,43.0
V001820,U00294,S0947,500.0,2024-10-12,96.0
V001821,U01196,S0820,500.0,2024-03-23,77.0
V001822,U01555,S0748,500.0,2024-07-06,35.0
V001823,U01255,S0031,500.0,2024-07-31,40.0
V001824,U01409,S0998,153.0,2024-05-12,68.0
V001825,U00207,S0925,220.0,2025-07-03,42.0
V001826,U01216,S0284,95.0,2025-01-01,83.0
V001827,U00455,S0244,500.0,2024-09-28,21.0
V001828,U01822,S0986,219.0,2024-06-06,74.0
V001829,U01380,S0977,33.0,2025-06-01,20.0
V001830,U00171,S0778,39.0,2024-06-06,49.0
V001831,U00999,S0951,195.0,2025-01-04,66.0
V001832,U00630,S0628,161.0,2024-01-10,66.0
V001833,U00606,S0802,500.0,2024-05-07,23.0
V001834,U00790,S0539,500.0,2024-04-03,30.0
V001835,U01063,S0830,168.0,2025-01-21,78.0
V001836,U01877,S0561,62.0,2025-03-29,34.0
V001837,U00178,S0042,500.0,2025-03-06,85.0
V001838,U00222,S0362,15.0,2025-05-01,56.0
V001839,U01592,S0929,42.0,2025-06-07,85.0
V001840,U00759,S0889,43.0,2024-04-10,97.0
V001841,U00015,S0078,169.0,2024-11-17,82.0
V001842,U00911,S0226,500.0,2024-05-24,69.0
V001843,U01680,S0380,10.0,2024-10-25,62.0
V001844,U01087,S0281,500.0,2024-02-20,35.0
V001845,U01027,S0615,63.0,2024-09-25,88.0
V001846,U01360,S0404,500.0,2024-06-27,60.0
V001847,U01653,S0169,500.0,2025-10-05,53.0
V001848,U00548,S0254,203.0,2024-04-02,36.0
V001849,U01838,S0156,500.0,2025-04-27,48.0
V001850,U01872,S0263,500.0,2025-03-02,82.0
V001851,U00201,S0117,129.0,2024-01-12,74.0
V001852,U01038,S0586,172.0,2024-11-23,65.0
V001853,U01975,S0515,500.0,2024-02-02,24.0
V001854,U00828,S0404,500.0,2024-01-15,37.0
V001855,U00214,S0913,155.0,2024-03-11,89.0
V001856,U00888,S0637,70.0,2024-07-30,29.0
V001857,U00618,S0624,78.0,2025-03-19,45.0
V001858,U01687,S0743,90.0,2025-03-12,92.0
V001859,U00967,S0066,172.0,2024-12-22,82.0
V001860,U01301,S0540,500.0,2024-02-14,36.0
V001861,U01496,S0097,105.0,2025-07-03,74.0
V001862,U00549,S0630,43.0,2024-06-20,99.0
V001863,U01194,S0262,171.0,2025-03-31,56.0
V001864,U00123,S0946,500.0,2025-03-01,52.0
V001865,U01271,S0924,500.0,2025-05-20,42.0
V001866,U00027,S0401,500.0,2024-03-10,89.0
V001867,U00297,S0240,21.0,2024-01-15,100.0
V001868,U01386,S0994,215.0,2025-10-03,96.0
V001869,U01346,S0212,500.0,2024-01-23,37.0
V001870,U00002,S0361,181.0,2025-03-12,43.0
V001871,U01851,S0983,61.0,2024-07-10,85.0
V001872,U00182,S0831,500.0,2024-07-09,94.0
V001873,U00715,S0749,128.0,2025-02-23,40.0
V001874,U00215,S0520,500.0,2024-01-16,91.0
V001875,U00929,S0366,5.0,2024-01-24,34.0
V001876,U00550,S0005,152.0,2024-02-01,63.0
V001877,U01072,S0966,94.0,2024-01-28,98.0
V001878,U00108,S0918,121.0,2025-01-15,36.0
V001879,U01536,S0539,161.0,2025-03-23,49.0
V001880,U00533,S0998,103.0,2024-08-01,46.0
V001881,U01015,S0608,500.0,2024-05-18,83.0
V001882,U00498,S0032,219.0,2024-06-14,16.0
V001883,U01184,S0713,96.0,2024-04-04,29.0
V001884,U00235,S0103,137.0,2025-01-05,80.0
V001885,U01166,S0347,500.0,2024-06-09,19.0
V001886,U00341,S0983,500.0,2024-01-08,98.0
V001887,U00085,S0172,500.0,2024-02-13,22.0
V001888,U01887,S0461,45.0,2024-12-02,35.0
V001889,U00406,S0274,500.0,2024-09-21,32.0
V001890,U00750,S0749,500.0,2025-12-06,72.0
V001891,U01921,S0795,500.0,2024-09-02,56.0
V001892,U00469,S0867,500.0,2025-01-22,98.0
V001893,U00422,S0964,500.0,2024-01-04,35.0
V001894,U00958,S0425,500.0,2024-04-23,11.0
V001895,U00388,S0775,62.0,2024-01-08,88.0
V001896,U00826,S0067,10.0,2024-10-16,85.0
V001897,U01634,S0522,500.0,2024-07-30,31.0
V001898,U00126,S0298,97.0,2025-04-22,41.0
V001899,U01883,S0248,500.0,2025-04-19,15.0
V001900,U01459,S0963,13.0,2024-04-10,19.0
V001901,U00076,S0305,500.0,2024-02-12,17.0
V001902,U01918,S0382,13.0,2025-02-04,90.0
V001903,U01774,S0302,219.0,2025-03-13,30.0
V001904,U01980,S0903,136.0,2024-03-11,71.0
V001905,U01988,S0792,97.0,2024-04-23,23.0
V001906,U00421,S0721,500.0,2024-02-06,41.0
V001907,U00102,S0874,25.0,2024-03-16,93.0
V001908,U01740,S0027,500.0,2024-11-08,77.0
V001909,U01432,S0410,500.0,2025-04-28,39.0
V001910,U00808,S0985,500.0,2024-04-23,56.0
V001911,U01868,S0133,22.0,2024-04-16,67.0
V001912,U01238,S0503,55.0,2024-08-14,35.0
V001913,U00481,S0537,500.0,2025-02-13,41.0
V001914,U00115,S0370,500.0,2024-11-11,21.0
V001915,U00544,S0851,500.0,2024-04-01,32.0
V001916,U01763,S0925,500.0,2024-05-23,40.0
V001917,U00284,S0329,500.0,2025-05-05,20.0
V001918,U00749,S0122,22.0,2025-03-11,38.0
V001919,U00968,S0488,137.0,2024-04-12,95.0
V001920,U01824,S0908,153.0,2025-04-24,80.0
V001921,U00414,S0958,155.0,2024-03-19,47.0
V001922,U01089,S0044,173.0,2025-05-13,80.0
V001923,U00514,S0777,500.0,2024-01-10,53.0
V001924,U01873,S0992,500.0,2024-08-02,51.0
V001925,U01956,S0876,172.0,2025-01-14,73.0
V001926,U00457,S0300,65.0,2024-01-28,91.0
V001927,U01493,S0887,131.0,2024-06-20,28.0
V001928,U00065,S0693,67.0,2024-11-03,29.0
V001929,U00078,S0812,500.0,2024-01-08,59.0
V001930,U00399,S0125,500.0,2024-05-07,29.0
V001931,U00753,S0989,89.0,2024-04-18,45.0
V001932,U00757,S0245,500.0,2024-05-08,90.0
V001933,U00081,S0049,500.0,2024-03-15,42.0
V001934,U01375,S0479,146.0,2025-06-01,72.0
V001935,U00023,S0444,500.0,2024-11-05,29.0
V001936,U00919,S0283,500.0,2024-03-26,61.0
V001937,U00289,S0583,190.0,2024-06-25,28.0
V001938,U00446,S0494,500.0,2024-07-30,19.0
V001939,U00765,S0836,500.0,2025-03-22,48.0
V001940,U01899,S0196,500.0,2024-12-06,48.0
V001941,U00068,S0630,500.0,2024-11-18,56.0
V001942,U01313,S0964,89.0,2024-08-09,20.0
V001943,U00175,S0052,157.0,2024-02-13,31.0
V001944,U00227,S0835,181.0,2025-06-18,32.0
V001945,U01157,S0597,173.0,2024-04-23,60.0
V001946,U01243,S0189,500.0,2025-01-20,42.0
V001947,U00544,S0283,500.0,2024-08-12,54.0
V001948,U01732,S0551,48.0,2024-07-12,76.0
V001949,U00920,S0054,500.0,2025-07-02,55.0
V001950,U00789,S0780,177.0,2024-08-22,28.0
V001951,U01114,S0949,166.0,2025-05-30,61.0
V001952,U01658,S0345,500.0,2025-01-21,40.0
V001953,U01247,S0431,187.0,2024-04-19,22.0
V001954,U00319,S0416,500.0,2024-03-24,53.0
V001955,U00056,S0081,166.0,2025-06-04,18.0
V001956,U00170,S0100,14.0,2024-11-20,91.0
V001957,U01089,S0020,500.0,2024-01-22,95.0
V001958,U01792,S0269,500.0,2024-06-05,73.0
V001959,U01720,S0671,500.0,2025-02-20,39.0
V001960,U01620,S0414,500.0,2025-06-14,62.0
V001961,U00479,S0157,24.0,2024-11-23,59.0
V001962,U00804,S0078,119.0,2025-10-01,44.0
V001963,U00635,S0795,211.0,2024-03-07,71.0
V001964,U00976,S0679,500.0,2025-06-02,82.0
V001965,U00534,S0438,21.0,2024-10-10,78.0
V001966,U01304,S0074,126.0,2024-01-27,96.0
V001967,U00553,S0237,500.0,2024-08-18,74.0
V001968,U00065,S0018,174.0,2024-01-03,81.0
V001969,U00875,S0884,500.0,2024-08-01,36.0
V001970,U00247,S0052,205.0,2025-03-31,50.0
V001971,U01828,S0855,500.0,2025-05-28,25.0
V001972,U00248,S0970,62.0,2025-05-24,96.0
V001973,U00168,S0546,58.0,2024-04-14,15.0
V001974,U00039,S0657,500.0,2024-04-18,54.0
V001975,U01839,S0931,500.0,2024-04-29,29.0
V001976,U00386,S0721,203.0,2024-09-27,45.0
V001977,U01714,S0617,500.0,2024-12-04,29.0
V001978,U00026,S0589,500.0,2024-05-11,56.0
V001979,U00977,S0869,112.0,2024-07-25,60.0
V001980,U00028,S0708,219.0,2024-08-16,27.0
V001981,U00476,S0277,500.0,2025-01-20,16.0
V001982,U00423,S0166,500.0,2024-09-05,31.0
V001983,U01932,S0804,13.0,2024-02-21,59.0
V001984,U01366,S0604,500.0,2024-05-29,56.0
V001985,U01655,S0194,500.0,2024-07-18,28.0
V001986,U00620,S0020,500.0,2025-03-28,38.0
V001987,U01153,S0634,141.0,2024-06-09,72.0
V001988,U00232,S0118,500.0,2024-11-11,32.0
V001989,U01350,S0718,59.0,2024-07-13,79.0
V001990,U01815,S0661,216.0,2024-11-25,50.0
V001991,U00672,S0019,210.0,2025-02-26,88.0
V001992,U01006,S0632,500.0,2024-11-18,92.0
V001993,U00568,S0181,191.0,2024-07-19,70.0
V001994,U01368,S0045,500.0,2025-04-23,40.0
V001995,U01014,S0237,122.0,2025-03-24,59.0
V001996,U00521,S0162,52.0,2024-08-27,99.0
V001997,U01644,S0994,500.0,2024-01-30,38.0
V001998,U00025,S0940,219.0,2024-11-05,73.0
V001999,U00212,S0862,154.0,2024-06-30,63.0
V002000,U00815,S0137,147.0,2025-09-05,60.0
V002001,U00661,S0122,500.0,2024-12-06,52.0
V002002,U01050,S0102,114.0,2024-05-17,25.0
V002003,U00275,S0532,175.0,2024-05-07,66.0
V002004,U01551,S0385,500.0,2025-02-01,39.0
V002005,U01347,S0945,140.0,2025-01-05,59.0
V002006,U01850,S0666,500.0,2025-03-02,98.0
V002007,U00564,S0811,156.0,2024-12-25,34.0
V002008,U00246,S0773,118.0,2024-09-23,21.0
V002009,U01128,S0664,113.0,2024-12-31,11.0
V002010,U00897,S0583,218.0,2024-08-24,19.0
V002011,U01512,S0889,500.0,2024-06-09,71.0
V002012,U00448,S0974,70.0,2024-07-01,56.0
V002013,U01692,S0365,500.0,2024-10-27,28.0
V002014,U00906,S0967,128.0,2024-04-13,85.0
V002015,U00373,S0416,125.0,2025-03-20,35.0
V002016,U00584,S0020,500.0,2024-04-09,99.0
V002017,U01155,S0821,500.0,2024-06-27,76.0
V002018,U00923,S0710,34.0,2024-04-01,13.0
V002019,U00959,S0144,500.0,2024-12-19,38.0
V002020,U01616,S0364,207.0,2025-03-25,56.0
V002021,U01935,S0025,49.0,2024-05-30,52.0
V002022,U01547,S0647,500.0,2024-01-13,76.0
V002023,U00471,S0788,500.0,2025-01-05,11.0
V002024,U01737,S0427,500.0,2024-04-02,38.0
V002025,U00881,S0022,59.0,2024-12-10,39.0
V002026,U01882,S0580,132.0,2025-05-04,17.0
V002027,U00657,S0023,500.0,2024-06-29,51.0
V002028,U00429,S0910,500.0,2024-01-29,93.0
V002029,U01392,S0579,44.0,2024-08-20,56.0
V002030,U00339,S0317,140.0,2025-10-02,48.0
V002031,U01961,S0575,500.0,2025-04-24,67.0
V002032,U00153,S0990,500.0,2024-07-03,62.0
V002033,U01709,S0770,500.0,2024-08-08,54.0
V002034,U01828,S0041,500.0,2024-10-05,16.0
V002035,U00850,S0220,189.0,2025-03-24,76.0
V002036,U01464,S0625,40.0,2024-05-14,45.0
V002037,U00189,S0409,500.0,2024-06-18,71.0
V002038,U00597,S0436,202.0,2024-07-03,72.0
V002039,U01112,S0411,500.0,2025-10-04,64.0
V002040,U00808,S0451,72.0,2025-01-03,29.0
V002041,U01574,S0503,500.0,2024-06-27,14.0
V002042,U01688,S0736,214.0,2025-05-28,32.0
V002043,U00281,S0628,500.0,2025-03-24,68.0
V002044,U01763,S0048,54.0,2024-11-30,52.0
V002045,U01710,S0488,155.0,2024-01-18,25.0
V002046,U01997,S0063,135.0,2025-05-03,46.0
V002047,U01785,S0258,500.0,2025-02-25,25.0
V002048,U01734,S0322,168.0,2024-03-12,95.0
V002049,U01027,S0824,148.0,2025-04-29,87.0
V002050,U01955,S0514,104.0,2025-03-04,67.0
V002051,U01094,S0330,211.0,2024-08-15,64.0
V002052,U01901,S0336,137.0,2025-06-19,39.0
V002053,U01150,S0725,500.0,2024-01-19,67.0
V002054,U01218,S0465,54.0,2024-02-26,82.0
V002055,U00963,S0309,500.0,2025-05-22,45.0
V002056,U01191,S0435,59.0,2024-03-26,99.0
V002057,U01065,S0668,117.0,2024-04-21,65.0
V002058,U00808,S0620,500.0,2025-01-23,100.0
V002059,U01163,S0015,500.0,2025-01-08,19.0
V002060,U00650,S0172,500.0,2025-04-22,84.0
V002061,U01496,S0283,199.0,2025-04-28,40.0
V002062,U00996,S0012,65.0,2024-08-23,93.0
V002063,U01041,S0352,500.0,2025-01-14,13.0
V002064,U00214,S0924,119.0,2024-07-15,50.0
V002065,U01747,S0485,500.0,2024-12-19,56.0
V002066,U00191,S0034,500.0,2025-04-12,25.0
V002067,U00410,S0647,20.0,2024-09-16,22.0
V002068,U01457,S0235,500.0,2024-06-07,90.0
V002069,U01800,S0741,500.0,2024-04-06,45.0
V002070,U00623,S0453,500.0,2024-08-08,55.0
V002071,U01750,S0093,500.0,2025-02-06,100.0
V002072,U01620,S0240,106.0,2024-11-22,76.0
V002073,U00063,S0454,500.0,2024-11-24,75.0
V002074,U00421,S0328,86.0,2024-11-09,58.0
V002075,U01953,S0395,500.0,2024-02-21,39.0
V002076,U01667,S0450,500.0,2024-12-09,53.0
V002077,U01893,S0737,219.0,2024-05-03,13.0
V002078,U00235,S0476,500.0,2025-02-24,14.0
V002079,U01608,S0021,500.0,2025-06-16,87.0
V002080,U01390,S0217,219.0,2024-03-16,69.0
V002081,U01217,S0296,132.0,2024-05-18,94.0
V002082,U01251,S0539,104.0,2024-02-24,19.0
V002083,U01555,S0329,500.0,2024-06-27,80.0
V002084,U00354,S0496,500.0,2025-04-14,48.0
V002085,U00315,S0708,83.0,2024-01-04,50.0
V002086,U00147,S0602,500.0,2025-08-03,34.0
V002087,U01535,S0466,180.0,2025-04-14,88.0
V002088,U01011,S0863,500.0,2024-03-06,76.0
V002089,U01222,S0451,500.0,2025-06-15,44.0
V002090,U00606,S0483,93.0,2024-01-09,18.0
V002091,U00765,S0661,500.0,2025-03-27,56.0
V002092,U01553,S0437,108.0,2024-08-06,97.0
V002093,U00362,S0558,217.0,2025-02-04,67.0
V002094,U01983,S0502,500.0,2024-10-16,69.0
V002095,U00916,S0480,500.0,2024-01-16,21.0
V002096,U00936,S0788,39.0,2024-12-30,70.0
V002097,U01172,S0784,500.0,2024-08-13,87.0
V002098,U00526,S0067,38.0,2025-05-23,83.0
V002099,U01600,S0204,500.0,2024-06-27,83.0
V002100,U01593,S0862,500.0,2024-10-29,74.0
V002101,U00148,S0348,500.0,2024-07-17,47.0
V002102,U01779,S0413,39.0,2025-03-31,83.0
V002103,U01569,S0748,11.0,2024-09-14,45.0
V002104,U00481,S0141,500.0,2025-03-27,56.0
V002105,U01995,S0716,500.0,2024-01-02,68.0
V002106,U00417,S0455,104.0,2024-07-08,79.0
V002107,U00330,S0511,219.0,2025-04-25,47.0
V002108,U00402,S0237,174.0,2024-05-16,16.0
V002109,U00729,S0606,500.0,2024-11-07,10.0
V002110,U00759,S0688,500.0,2024-05-31,60.0
V002111,U01259,S0186,63.0,2024-11-05,55.0
V002112,U00804,S0447,500.0,2025-01-20,58.0
V002113,U01274,S0464,500.0,2025-01-03,56.0
V002114,U01117,S0909,500.0,2024-10-24,65.0
V002115,U00311,S0654,128.0,2024-10-23,63.0
V002116,U00165,S0191,106.0,2025-03-31,59.0
V002117,U00564,S0938,131.0,2024-11-27,66.0
V002118,U00791,S0432,197.0,2024-01-11,91.0
V002119,U00052,S0763,34.0,2025-01-10,25.0
V002120,U00428,S0741,500.0,2024-10-21,32.0
V002121,U01307,S0987,97.0,2024-06-20,90.0
V002122,U01989,S0592,500.0,2025-01-31,17.0
V002123,U00195,S0071,34.0,2025-05-03,97.0
V002124,U00959,S0636,500.0,2024-07-08,14.0
V002125,U00254,S0765,500.0,2025-02-20,22.0
V002126,U00740,S0520,65.0,2025-11-02,97.0
V002127,U01217,S0862,500.0,2025-06-20,39.0
V002128,U00458,S0877,500.0,2024-05-08,67.0
V002129,U01458,S0492,123.0,2024-01-02,37.0
V002130,U01839,S0173,500.0,2025-10-06,38.0
V002131,U00502,S0340,100.0,2024-06-18,91.0
V002132,U00149,S0768,193.0,2025-03-24,60.0
V002133,U00920,S0537,500.0,2025-01-12,23.0
V002134,U01678,S0736,500.0,2024-05-03,70.0
V002135,U00512,S0024,500.0,2025-10-03,12.0
V002136,U01137,S0247,39.0,2024-04-21,84.0
V002137,U01156,S0881,120.0,2025-03-12,89.0
V002138,U00018,S0336,500.0,2024-09-28,56.0
V002139,U01348,S0049,45.0,2024-11-18,63.0
V002140,U01622,S0640,500.0,2024-11-19,85.0
V002141,U00646,S0027,14.0,2024-09-23,27.0
V002142,U01590,S0549,500.0,2024-01-29,41.0
V002143,U01076,S0212,500.0,2025-01-09,15.0
V002144,U00803,S0576,208.0,2024-01-30,85.0
V002145,U01603,S0262,49.0,2024-02-29,85.0
V002146,U00786,S0862,500.0,2025-05-08,100.0
V002147,U00213,S0057,204.0,2025-02-13,46.0
V002148,U01691,S0855,219.0,2024-07-13,44.0
V002149,U00587,S0827,162.0,2025-01-11,70.0
V002150,U01445,S0450,500.0,2024-05-14,51.0
V002151,U00094,S0417,219.0,2024-06-11,60.0
V002152,U01630,S0258,500.0,2024-02-03,76.0
V002153,U00203,S0934,87.0,2024-04-02,81.0
V002154,U00150,S0691,187.0,2024-09-22,88.0
V002155,U00907,S0765,500.0,2025-05-30,11.0
V002156,U00171,S0833,37.0,2024-08-24,40.0
V002157,U01854,S0819,206.0,2024-11-30,58.0
V002158,U01161,S0442,152.0,2025-02-02,56.0
V002159,U00597,S0749,500.0,2024-05-23,21.0
V002160,U00596,S0919,500.0,2024-04-07,47.0
V002161,U00883,S0542,212.0,2024-07-18,13.0
V002162,U01090,S0468,10.0,2024-03-01,35.0
V002163,U01884,S0386,500.0,2024-09-19,85.0
V002164,U00826,S0417,152.0,2024-02-26,56.0
V002165,U00485,S0661,193.0,2025-06-06,51.0
V002166,U01588,S0521,500.0,2024-03-25,58.0
V002167,U01621,S0718,196.0,2025-03-26,40.0
V002168,U01908,S0717,500.0,2024-03-27,54.0
V002169,U00866,S0369,182.0,2025-01-20,97.0
V002170,U01092,S0403,183.0,2024-12-26,53.0
V002171,U01100,S0999,116.0,2024-03-03,11.0
V002172,U01891,S0543,500.0,2024-07-06,83.0
V002173,U01979,S0930,500.0,2024-06-23,29.0
V002174,U01247,S0418,500.0,2024-10-14,86.0
V002175,U00220,S0554,23.0,2024-03-27,18.0
V002176,U01048,S0769,133.0,2025-02-08,81.0
V002177,U00164,S0619,166.0,2024-11-04,45.0
V002178,U00852,S0547,500.0,2025-03-08,71.0
V002179,U00954,S0681,212.0,2025-04-25,31.0
V002180,U01516,S0612,119.0,2024-06-22,11.0
V002181,U00777,S0378,500.0,2024-06-29,96.0
V002182,U01774,S0380,500.0,2024-09-22,58.0
V002183,U00306,S0502,500.0,2024-01-12,77.0
V002184,U00989,S0740,99.0,2024-11-27,75.0
V002185,U00097,S0947,500.0,2024-03-15,27.0
V002186,U01815,S0567,500.0,2024-05-25,91.0
V002187,U01703,S0721,84.0,2024-05-01,29.0
V002188,U00209,S0993,500.0,2024-10-02,31.0
V002189,U00745,S0480,500.0,2024-01-28,27.0
V002190,U01728,S0132,203.0,2024-09-02,28.0
V002191,U01259,S0043,500.0,2025-05-23,63.0
V002192,U00078,S0136,94.0,2025-02-18,11.0
V002193,U00016,S0972,500.0,2025-08-02,67.0
V002194,U01388,S0952,500.0,2024-01-05,75.0
V002195,U01183,S0466,163.0,2024-10-26,47.0
V002196,U00367,S0092,500.0,2024-12-24,80.0
V002197,U00999,S0719,107.0,2024-07-09,67.0
V002198,U01308,S0948,500.0,2024-08-23,29.0
V002199,U01846,S0110,500.0,2024-01-24,78.0
V002200,U00957,S0141,500.0,2024-04-18,30.0
V002201,U00323,S0550,500.0,2024-06-24,31.0
V002202,U01709,S0570,500.0,2024-11-07,24.0
V002203,U00927,S0974,500.0,2025-02-25,71.0
V002204,U00097,S0787,500.0,2025-08-05,67.0
V002205,U01791,S0930,98.0,2024-07-27,82.0
V002206,U00563,S0750,500.0,2024-12-19,20.0
V002207,U00606,S0731,500.0,2024-05-16,63.0
V002208,U00541,S0812,500.0,2025-11-03,30.0
V002209,U00875,S0894,190.0,2025-05-03,75.0
V002210,U01914,S0118,500.0,2024-03-23,42.0
V002211,U01375,S0010,132.0,2025-05-25,92.0
V002212,U01146,S0339,194.0,2024-09-05,56.0
V002213,U01502,S0033,80.0,2025-04-06,74.0
V002214,U00202,S0165,128.0,2025-07-06,51.0
V002215,U00472,S0603,176.0,2025-01-14,74.0
V002216,U00438,S0115,500.0,2024-05-12,55.0
V002217,U01376,S0663,500.0,2024-08-12,13.0
V002218,U00433,S0008,51.0,2024-06-26,81.0
V002219,U01875,S0222,143.0,2024-04-25,22.0
V002220,U00155,S0078,500.0,2025-03-01,10.0
V002221,U00779,S0358,500.0,2024-04-24,44.0
V002222,U01842,S0799,86.0,2024-05-28,10.0
V002223,U01715,S0131,80.0,2024-01-31,25.0
V002224,U01464,S0830,138.0,2024-03-21,100.0
V002225,U01106,S0105,500.0,2025-04-22,13.0
V002226,U01744,S0621,500.0,2024-03-26,74.0
V002227,U00762,S0423,121.0,2024-08-07,60.0
V002228,U00594,S0527,194.0,2025-01-20,25.0
V002229,U01883,S0831,217.0,2024-01-22,90.0
V002230,U01263,S0427,14.0,2024-03-05,76.0
V002231,U01109,S0610,500.0,2025-04-01,83.0
V002232,U00395,S0560,500.0,2024-09-30,13.0
V002233,U00231,S0756,500.0,2025-05-04,12.0
V002234,U00583,S0744,500.0,2024-02-19,100.0
V002235,U01834,S0974,500.0,2024-12-13,60.0
V002236,U01586,S0525,126.0,2024-01-29,46.0
V002237,U01459,S0111,500.0,2024-09-25,83.0
V002238,U00029,S0778,500.0,2024-04-27,46.0
V002239,U00613,S0219,500.0,2025-03-31,20.0
V002240,U01012,S0150,500.0,2025-01-18,91.0
V002241,U00823,S0581,500.0,2024-03-15,84.0
V002242,U00832,S0497,119.0,2024-07-03,44.0
V002243,U00223,S0718,500.0,2025-07-05,37.0
V002244,U01677,S0538,500.0,2025-03-06,55.0
V002245,U00119,S0567,217.0,2024-01-20,19.0
V002246,U01122,S0737,19.0,2024-12-25,96.0
V002247,U00711,S0097,18.0,2025-05-18,32.0
V002248,U00537,S0334,500.0,2024-06-26,62.0
V002249,U00733,S0918,500.0,2024-01-24,44.0
V002250,U01547,S0504,145.0,2025-05-16,10.0
V002251,U00153,S0145,60.0,2024-09-17,56.0
V002252,U00184,S0382,67.0,2025-06-04,84.0
V002253,U01203,S0994,500.0,2025-04-16,76.0
V002254,U01098,S0671,500.0,2024-08-19,75.0
V002255,U00260,S0488,500.0,2025-04-01,11.0
V002256,U00528,S0539,500.0,2025-03-29,39.0
V002257,U01459,S0417,500.0,2024-01-04,69.0
V002258,U01100,S0750,500.0,2024-11-14,59.0
V002259,U00680,S0368,500.0,2024-11-06,99.0
V002260,U01083,S0188,21.0,2025-06-24,81.0
V002261,U00052,S0521,38.0,2024-12-25,18.0
V002262,U00820,S0221,173.0,2024-06-22,24.0
V002263,U01239,S0463,41.0,2024-03-18,62.0
V002264,U01627,S0760,68.0,2024-07-24,48.0
V002265,U01630,S0811,500.0,2024-12-18,63.0
V002266,U01943,S0484,500.0,2025-03-31,37.0
V002267,U01840,S0161,500.0,2025-05-21,74.0
V002268,U01019,S0091,500.0,2024-06-28,22.0
V002269,U01146,S0759,500.0,2024-03-18,70.0
V002270,U00501,S0951,500.0,2024-10-18,90.0
V002271,U01216,S0119,96.0,2025-04-24,11.0
V002272,U01435,S0424,88.0,2024-07-05,74.0
V002273,U01532,S0240,500.0,2025-03-28,40.0
V002274,U00255,S0926,199.0,2025-04-17,59.0
V002275,U01566,S0089,500.0,2024-09-09,78.0
V002276,U00609,S0110,216.0,2024-01-21,66.0
V002277,U00526,S0562,500.0,2024-05-30,29.0
V002278,U00480,S0567,219.0,2025-01-31,99.0
V002279,U00402,S0912,39.0,2024-09-02,15.0
V002280,U01203,S0512,124.0,2024-07-23,39.0
V002281,U00261,S0307,500.0,2025-08-06,28.0
V002282,U00022,S0845,500.0,2025-06-04,59.0
V002283,U01154,S0114,115.0,2024-10-27,44.0
V002284,U01885,S0824,204.0,2024-04-08,15.0
V002285,U01909,S0082,500.0,2024-01-06,96.0
V002286,U00911,S0264,212.0,2025-05-15,67.0
V002287,U01750,S0789,156.0,2025-10-02,14.0
V002288,U00706,S0284,209.0,2024-02-21,45.0
V002289,U00155,S0400,140.0,2024-04-15,68.0
V002290,U01341,S0576,500.0,2024-03-26,60.0
V002291,U00711,S0098,90.0,2024-07-04,34.0
V002292,U00587,S0017,500.0,2024-03-01,56.0
V002293,U01776,S0024,500.0,2025-04-12,56.0
V002294,U01861,S0700,500.0,2025-05-11,33.0
V002295,U01132,S0928,151.0,2024-01-19,78.0
V002296,U00958,S0074,500.0,2024-03-24,43.0
V002297,U01343,S0068,188.0,2024-01-27,61.0
V002298,U01102,S0041,500.0,2024-01-18,93.0
V002299,U01800,S0950,500.0,2024-12-19,71.0
V002300,U01994,S0919,500.0,2024-01-22,78.0
V002301,U01940,S0474,500.0,2025-03-01,12.0
V002302,U01827,S0519,500.0,2025-05-06,12.0
V002303,U01154,S0373,500.0,2024-02-29,47.0
V002304,U01377,S0234,500.0,2024-03-17,42.0
V002305,U00389,S0359,17.0,2024-03-16,91.0
V002306,U01910,S0836,36.0,2024-02-02,51.0
V002307,U01412,S0742,169.0,2024-05-27,27.0
V002308,U01363,S0777,500.0,2025-10-05,95.0
V002309,U01855,S0613,117.0,2025-05-14,56.0
V002310,U00418,S0129,500.0,2025-11-05,11.0
V002311,U01579,S0294,500.0,2024-05-31,49.0
V002312,U01662,S0313,500.0,2024-04-12,69.0
V002313,U00927,S0409,500.0,2024-05-23,83.0
V002314,U01856,S0725,217.0,2025-05-16,39.0
V002315,U01762,S0972,500.0,2024-06-14,90.0
V002316,U01173,S0328,13.0,2024-09-29,24.0
V002317,U00757,S0602,500.0,2024-03-24,78.0
V002318,U01533,S0913,39.0,2025-03-23,86.0
V002319,U01224,S0768,500.0,2024-11-19,11.0
V002320,U00329,S0450,500.0,2024-06-13,86.0
V002321,U01797,S0606,21.0,2025-04-04,76.0
V002322,U01416,S0001,500.0,2024-05-28,23.0
V002323,U01087,S0321,81.0,2025-03-25,50.0
V002324,U01238,S0326,62.0,2025-02-03,39.0
V002325,U00936,S0783,500.0,2024-12-17,54.0
V002326,U00878,S0894,500.0,2024-01-24,61.0
V002327,U00137,S0762,500.0,2024-05-22,81.0
V002328,U00422,S0279,500.0,2024-05-10,23.0
V002329,U00240,S0199,500.0,2024-09-26,21.0
V002330,U00345,S0873,97.0,2024-03-21,37.0
V002331,U01699,S0783,500.0,2025-05-10,56.0
V002332,U01696,S0801,147.0,2024-07-18,15.0
V002333,U00686,S0661,500.0,2024-07-24,44.0
V002334,U01408,S0890,43.0,2024-06-21,44.0
V002335,U01952,S0809,500.0,2024-10-21,74.0
V002336,U00271,S0408,107.0,2024-03-19,59.0
V002337,U01524,S0393,500.0,2025-01-29,17.0
V002338,U00718,S0890,143.0,2024-12-05,45.0
V002339,U00312,S0042,500.0,2024-06-04,23.0
V002340,U01774,S0013,500.0,2025-03-15,41.0
V002341,U00138,S0138,500.0,2025-02-14,65.0
V002342,U01057,S0030,99.0,2024-04-06,99.0
V002343,U01585,S0416,500.0,2024-06-14,72.0
V002344,U00664,S0936,52.0,2024-06-02,100.0
V002345,U01012,S0621,500.0,2024-12-05,65.0
V002346,U00971,S0116,500.0,2025-04-06,37.0
V002347,U00413,S0216,500.0,2025-01-12,11.0
V002348,U01830,S0444,500.0,2024-02-16,16.0
V002349,U01558,S0620,500.0,2024-02-16,32.0
V002350,U01678,S0129,57.0,2025-03-22,31.0
V002351,U00604,S0941,500.0,2025-04-29,42.0
V002352,U00897,S0066,500.0,2024-03-01,34.0
V002353,U01448,S0106,500.0,2024-06-03,80.0
V002354,U01935,S0319,500.0,2024-06-03,98.0
V002355,U01120,S0467,500.0,2024-10-23,47.0
V002356,U00481,S0337,17.0,2024-11-05,72.0
V002357,U00548,S0429,75.0,2025-06-02,18.0
V002358,U01980,S0052,500.0,2025-05-02,32.0
V002359,U00042,S0975,23.0,2024-07-09,73.0
V002360,U01168,S0359,500.0,2025-06-18,11.0
V002361,U01058,S0333,500.0,2024-01-09,81.0
V002362,U00399,S0029,500.0,2024-04-15,10.0
V002363,U01307,S0888,500.0,2024-07-20,23.0
V002364,U01230,S0327,142.0,2025-03-21,48.0
V002365,U01309,S0223,81.0,2024-09-19,90.0
V002366,U00207,S0644,500.0,2025-04-05,80.0
V002367,U00043,S0470,57.0,2025-05-03,89.0
V002368,U01035,S0317,208.0,2024-02-10,78.0
V002369,U00445,S0590,91.0,2025-10-03,97.0
V002370,U01917,S0003,500.0,2024-11-20,97.0
V002371,U01263,S0080,500.0,2024-11-30,75.0
V002372,U01117,S0107,500.0,2024-04-21,19.0
V002373,U00580,S0514,500.0,2024-08-04,83.0
V002374,U00603,S0634,500.0,2024-10-20,24.0
V002375,U00239,S0176,169.0,2025-05-31,61.0
V002376,U01598,S0700,212.0,2025-02-11,93.0
V002377,U01189,S0167,500.0,2024-03-14,39.0
V002378,U01904,S0264,147.0,2025-03-20,90.0
V002379,U00470,S0175,31.0,2024-11-01,88.0
V002380,U01575,S0889,5.0,2025-01-05,17.0
V002381,U00558,S0360,500.0,2024-06-22,58.0
V002382,U01217,S0622,191.0,2024-11-18,82.0
V002383,U01870,S0123,500.0,2024-07-12,21.0
V002384,U00717,S0335,47.0,2024-09-28,99.0
V002385,U00483,S0678,152.0,2024-04-27,77.0
V002386,U00279,S0500,173.0,2024-04-12,97.0
V002387,U01791,S0074,137.0,2024-12-14,84.0
V002388,U01829,S0010,500.0,2024-12-09,80.0
V002389,U00278,S0966,119.0,2024-02-23,16.0
V002390,U00436,S0823,165.0,2024-01-13,81.0
V002391,U00528,S0861,500.0,2024-03-23,81.0
V002392,U01424,S0469,176.0,2024-11-09,64.0
V002393,U01750,S0465,137.0,2025-02-22,48.0
V002394,U00339,S0705,500.0,2024-09-16,78.0
V002395,U00986,S0010,205.0,2025-01-03,97.0
V002396,U00589,S0547,500.0,2024-08-23,71.0
V002397,U01952,S0503,200.0,2024-12-23,96.0
V002398,U00690,S0588,500.0,2024-01-01,46.0
V002399,U01028,S0872,72.0,2025-10-04,95.0
V002400,U00638,S0355,83.0,2024-07-14,11.0
V002401,U00354,S0785,59.0,2024-02-13,56.0
V002402,U01767,S0533,190.0,2024-10-21,26.0
V002403,U00854,S0787,500.0,2024-09-05,82.0
V002404,U00426,S0444,132.0,2025-04-25,56.0
V002405,U00382,S0567,500.0,2024-10-23,73.0
V002406,U01363,S0601,91.0,2024-11-11,52.0
V002407,U01136,S0181,500.0,2024-02-22,49.0
V002408,U01129,S0433,211.0,2024-11-06,33.0
V002409,U01331,S0977,130.0,2024-07-29,17.0
V002410,U00357,S0110,500.0,2024-03-24,12.0
V002411,U00871,S0616,125.0,2024-08-02,85.0
V002412,U01407,S0974,184.0,2024-05-10,81.0
V002413,U01286,S0868,78.0,2024-02-14,66.0
V002414,U01682,S0208,500.0,2024-02-22,98.0
V002415,U01802,S0293,219.0,2025-02-10,37.0
V002416,U00414,S0089,161.0,2024-03-06,14.0
V002417,U01727,S0876,123.0,2024-12-20,12.0
V002418,U01045,S0702,500.0,2024-02-02,39.0
V002419,U01669,S0123,500.0,2024-08-01,11.0
V002420,U01169,S0243,500.0,2025-05-14,83.0
V002421,U01725,S0710,500.0,2025-07-02,73.0
V002422,U01079,S0541,500.0,2024-06-06,48.0
V002423,U01527,S0698,73.0,2024-07-14,67.0
V002424,U00593,S0379,500.0,2025-12-06,50.0
V002425,U01754,S0315,159.0,2025-02-04,72.0
V002426,U01938,S0299,500.0,2024-04-18,45.0
V002427,U00293,S0753,500.0,2024-02-19,60.0
V002428,U01485,S0335,59.0,2024-02-14,77.0
V002429,U00908,S0584,500.0,2025-05-26,68.0
V002430,U01330,S0233,500.0,2025-09-02,20.0
V002431,U01564,S0979,500.0,2024-05-31,82.0
V002432,U00593,S0963,79.0,2025-03-20,16.0
V002433,U00134,S0232,146.0,2025-04-17,78.0
V002434,U01731,S0789,188.0,2025-05-12,85.0
V002435,U00363,S0922,167.0,2024-04-11,12.0
V002436,U00090,S0852,54.0,2025-05-16,14.0
V002437,U00796,S0683,68.0,2024-04-13,30.0
V002438,U01765,S0766,500.0,2025-04-27,38.0
V002439,U01768,S0542,112.0,2024-04-22,69.0
V002440,U00035,S0684,500.0,2024-08-01,49.0
V002441,U01248,S0137,500.0,2024-01-16,56.0
V002442,U01987,S0800,219.0,2024-10-23,99.0
V002443,U00190,S0126,87.0,2024-04-14,14.0
V002444,U00154,S0796,195.0,2025-05-29,44.0
V002445,U00222,S0887,104.0,2025-04-23,71.0
V002446,U01087,S0872,500.0,2025-05-07,93.0
V002447,U01852,S0010,500.0,2024-02-20,27.0
V002448,U01286,S0658,38.0,2024-02-24,12.0
V002449,U00437,S0194,500.0,2024-11-16,72.0
V002450,U00499,S0275,500.0,2025-03-14,90.0
V002451,U00336,S0555,43.0,2025-11-02,27.0
V002452,U01295,S0462,176.0,2024-01-08,56.0
V002453,U01545,S0182,91.0,2025-03-28,18.0
V002454,U00602,S0916,500.0,2024-12-03,54.0
V002455,U01751,S0498,114.0,2025-05-22,72.0
V002456,U01868,S0036,46.0,2024-09-24,15.0
V002457,U01916,S0680,33.0,2024-07-19,16.0
V002458,U01535,S0633,500.0,2024-02-23,86.0
V002459,U01365,S0504,204.0,2024-07-18,77.0
V002460,U00833,S0233,154.0,2024-09-28,93.0
V002461,U01517,S0163,214.0,2024-08-19,25.0
V002462,U00880,S0565,37.0,2025-02-19,59.0
V002463,U00829,S0949,500.0,2024-06-29,53.0
V002464,U00392,S0429,124.0,2024-06-01,45.0
V002465,U00205,S0159,500.0,2025-01-05,25.0
V002466,U01127,S0527,18.0,2024-08-18,95.0
V002467,U00254,S0798,99.0,2025-06-23,36.0
V002468,U00970,S0001,219.0,2024-11-16,66.0
V002469,U01523,S0054,500.0,2024-07-19,47.0
V002470,U01998,S0978,181.0,2024-10-01,36.0
V002471,U01665,S0232,500.0,2024-10-01,13.0
V002472,U01496,S0850,500.0,2025-02-23,93.0
V002473,U00572,S0750,89.0,2024-04-10,65.0
V002474,U00152,S0455,90.0,2025-03-15,55.0
V002475,U00461,S0284,155.0,2024-05-25,55.0
V002476,U01486,S0549,500.0,2024-09-04,48.0
V002477,U01566,S0964,60.0,2025-12-06,53.0
V002478,U00063,S0830,81.0,2024-04-04,90.0
V002479,U00037,S0426,62.0,2024-09-18,89.0
V002480,U01070,S0873,140.0,2025-03-24,70.0
V002481,U00974,S0720,500.0,2024-02-01,54.0
V002482,U01783,S0082,500.0,2024-04-24,24.0
V002483,U00571,S0284,169.0,2024-12-20,32.0
V002484,U00147,S0844,18.0,2025-03-03,97.0
V002485,U01817,S0343,69.0,2024-10-25,19.0
V002486,U00756,S0602,188.0,2024-06-30,50.0
V002487,U00790,S0701,500.0,2024-12-16,22.0
V002488,U00943,S0065,500.0,2025-03-14,70.0
V002489,U00201,S0134,39.0,2025-01-19,73.0
V002490,U01475,S0901,125.0,2024-08-03,72.0
V002491,U01639,S0124,184.0,2024-11-07,58.0
V002492,U00765,S0004,500.0,2024-03-27,42.0
V002493,U00547,S0690,132.0,2025-02-13,74.0
V002494,U00860,S0616,211.0,2025-03-22,50.0
V002495,U00732,S0382,86.0,2025-02-20,86.0
V002496,U01887,S0646,66.0,2024-09-09,15.0
V002497,U01027,S0051,500.0,2024-04-11,17.0
V002498,U01882,S0383,204.0,2024-10-19,82.0
V002499,U01153,S0605,114.0,2024-04-08,78.0
V002500,U01290,S0749,500.0,2024-04-10,84.0
V002501,U01751,S0703,179.0,2025-01-16,66.0
V002502,U00848,S0750,500.0,2025-06-22,83.0
V002503,U00090,S0588,500.0,2024-06-04,85.0
V002504,U01994,S0483,500.0,2024-07-31,36.0
V002505,U00833,S0041,500.0,2024-03-27,15.0
V002506,U00224,S0201,500.0,2024-01-25,38.0
V002507,U00163,S0073,84.0,2024-12-28,40.0
V002508,U01919,S0909,500.0,2025-04-20,39.0
V002509,U01460,S0495,500.0,2025-05-31,11.0
V002510,U01732,S0761,500.0,2024-07-08,73.0
V002511,U01243,S0302,179.0,2024-08-20,50.0
V002512,U01749,S0232,169.0,2024-11-28,56.0
V002513,U00188,S0970,72.0,2024-12-14,17.0
V002514,U00811,S0319,500.0,2024-06-05,92.0
V002515,U01293,S0547,186.0,2024-06-18,100.0
V002516,U00293,S0904,75.0,2025-11-05,52.0
V002517,U00898,S0941,38.0,2024-05-19,55.0
V002518,U01211,S0924,500.0,2025-06-03,56.0
V002519,U01620,S0078,219.0,2025-11-02,67.0
V002520,U00597,S0050,500.0,2025-07-06,81.0
V002521,U01091,S0116,65.0,2024-03-11,42.0
V002522,U01947,S0110,500.0,2024-01-28,55.0
V002523,U00242,S0691,140.0,2025-09-02,32.0
V002524,U01854,S0003,162.0,2025-03-21,89.0
V002525,U00296,S0056,208.0,2024-06-04,78.0
V002526,U01452,S0366,214.0,2024-07-17,54.0
V002527,U00284,S0452,176.0,2024-11-19,12.0
V002528,U01608,S0060,16.0,2024-01-25,28.0
V002529,U00862,S0346,159.0,2025-05-25,31.0
V002530,U00289,S0722,8.0,2024-04-22,71.0
V002531,U00476,S0543,500.0,2024-09-05,29.0
V002532,U00022,S0019,500.0,2024-12-21,29.0
V002533,U01293,S0778,22.0,2024-01-10,19.0
V002534,U01067,S0534,500.0,2025-01-24,23.0
V002535,U00145,S0097,163.0,2025-03-31,97.0
V002536,U01795,S0441,100.0,2025-01-03,59.0
V002537,U00051,S0667,154.0,2024-06-21,56.0
V002538,U01669,S0339,500.0,2025-01-13,84.0
V002539,U01933,S0800,42.0,2025-05-01,46.0
V002540,U01070,S0734,500.0,2025-02-27,17.0
V002541,U01210,S0935,500.0,2024-01-08,78.0
V002542,U00442,S0346,500.0,2024-05-23,73.0
V002543,U00041,S0268,500.0,2024-08-24,39.0
V002544,U01811,S0262,500.0,2024-06-27,51.0
V002545,U01345,S0779,500.0,2024-06-03,20.0
V002546,U01218,S0397,500.0,2024-06-27,24.0
V002547,U01366,S0438,500.0,2025-03-01,52.0
V002548,U01246,S0623,151.0,2024-10-30,97.0
V002549,U01535,S0409,500.0,2024-03-16,93.0
V002550,U00524,S0425,500.0,2024-05-23,48.0
V002551,U00856,S0433,49.0,2024-02-22,65.0
V002552,U01784,S0550,500.0,2024-09-22,19.0
V002553,U00246,S0187,500.0,2025-08-01,37.0
V002554,U00136,S0913,500.0,2025-08-06,59.0
V002555,U01229,S0689,64.0,2025-04-19,32.0
V002556,U01928,S0864,34.0,2024-12-06,35.0
V002557,U01812,S0637,500.0,2024-09-02,100.0
V002558,U01702,S0434,192.0,2025-05-14,99.0
V002559,U00401,S0020,63.0,2024-10-02,75.0
V002560,U00771,S0270,120.0,2024-09-23,29.0
V002561,U01455,S0706,11.0,2024-10-02,68.0
V002562,U00801,S0996,219.0,2025-05-03,89.0
V002563,U00655,S0769,168.0,2024-01-12,18.0
V002564,U01013,S0556,12.0,2025-07-03,23.0
V002565,U00413,S0329,500.0,2025-05-30,83.0
V002566,U01403,S0364,63.0,2024-07-03,19.0
V002567,U00623,S0195,500.0,2024-12-05,76.0
V002568,U00699,S0861,500.0,2025-01-18,54.0
V002569,U01172,S0968,500.0,2024-08-25,10.0
V002570,U00268,S0313,178.0,2024-05-04,86.0
V002571,U00067,S0987,500.0,2024-06-17,98.0
V002572,U00747,S0512,500.0,2024-01-13,36.0
V002573,U01961,S0136,500.0,2024-10-02,83.0
V002574,U01368,S0310,219.0,2024-07-25,11.0
V002575,U00822,S0767,86.0,2024-09-16,79.0
V002576,U00110,S0631,213.0,2024-05-17,23.0
V002577,U00874,S0282,500.0,2024-09-07,10.0
V002578,U00481,S0811,15.0,2025-02-23,21.0
V002579,U01858,S0430,220.0,2024-05-17,35.0
V002580,U01480,S0785,210.0,2024-10-30,34.0
V002581,U00811,S0782,500.0,2025-11-06,28.0
V002582,U01636,S0325,500.0,2025-03-30,41.0
V002583,U00782,S0096,165.0,2025-03-06,79.0
V002584,U01169,S0762,55.0,2025-05-21,73.0
V002585,U00202,S0777,163.0,2024-01-07,83.0
V002586,U01375,S0441,500.0,2024-08-07,67.0
V002587,U01094,S0431,157.0,2024-09-03,30.0
V002588,U00982,S0687,217.0,2024-07-27,43.0
V002589,U01114,S0180,500.0,2024-01-06,76.0
V002590,U00471,S0779,8.0,2025-04-16,48.0
V002591,U00549,S0294,165.0,2025-04-20,16.0
V002592,U01321,S0511,500.0,2024-08-09,18.0
V002593,U01483,S0709,193.0,2025-08-05,77.0
V002594,U01246,S0639,78.0,2024-10-26,76.0
V002595,U01490,S0302,500.0,2024-10-26,100.0
V002596,U00512,S0604,178.0,2024-12-20,64.0
V002597,U00558,S0023,500.0,2024-09-04,91.0
V002598,U01489,S0938,186.0,2024-12-04,26.0
V002599,U00360,S0680,213.0,2025-07-03,24.0
V002600,U01017,S0667,9.0,2024-08-26,70.0
V002601,U00781,S0188,46.0,2025-08-06,62.0
V002602,U00964,S0414,16.0,2024-07-16,79.0
V002603,U00320,S0352,8.0,2024-03-09,68.0
V002604,U00468,S0588,80.0,2024-08-12,81.0
V002605,U01831,S0551,500.0,2024-11-22,97.0
V002606,U00667,S0110,500.0,2024-09-06,28.0
V002607,U01757,S0179,60.0,2025-04-12,92.0
V002608,U00740,S0591,29.0,2024-09-05,41.0
V002609,U00027,S0323,500.0,2025-03-08,33.0
V002610,U01049,S0657,500.0,2024-10-19,56.0
V002611,U01761,S0783,500.0,2025-05-31,40.0
V002612,U00314,S0828,96.0,2024-05-08,79.0
V002613,U00534,S0129,500.0,2024-09-29,30.0
V002614,U01029,S0706,181.0,2024-04-17,43.0
V002615,U00864,S0474,192.0,2024-06-29,69.0
V002616,U00036,S0379,500.0,2024-07-17,15.0
V002617,U01517,S0697,500.0,2025-05-10,56.0
V002618,U00934,S0618,500.0,2025-06-06,24.0
V002619,U01002,S0354,119.0,2024-03-05,41.0
V002620,U00593,S0203,24.0,2024-08-23,100.0
V002621,U00489,S0985,500.0,2024-09-01,97.0
V002622,U01130,S0785,500.0,2025-12-04,36.0
V002623,U00896,S0522,500.0,2024-08-04,62.0
V002624,U00884,S0979,500.0,2025-03-18,85.0
V002625,U00398,S0666,500.0,2025-03-05,99.0
V002626,U00020,S0090,67.0,2025-03-01,51.0
V002627,U01617,S0805,500.0,2024-07-16,97.0
V002628,U00700,S0878,500.0,2024-09-17,47.0
V002629,U01385,S0858,500.0,2024-07-25,59.0
V002630,U01919,S0718,500.0,2024-07-19,29.0
V002631,U01847,S0473,500.0,2025-07-04,62.0
V002632,U01384,S0552,85.0,2024-12-31,56.0
V002633,U01317,S0458,166.0,2025-05-16,59.0
V002634,U01084,S0748,500.0,2025-05-16,81.0
V002635,U00189,S0676,50.0,2024-11-15,66.0
V002636,U01107,S0559,500.0,2024-05-31,36.0
V002637,U01200,S0429,170.0,2025-04-15,11.0
V002638,U01062,S0425,52.0,2024-02-05,18.0
V002639,U00714,S0591,102.0,2024-05-29,64.0
V002640,U00400,S0766,500.0,2024-03-10,90.0
V002641,U01263,S0038,500.0,2025-01-23,25.0
V002642,U00162,S0790,201.0,2024-07-19,57.0
V002643,U01102,S0056,500.0,2024-05-20,32.0
V002644,U00770,S0462,500.0,2024-10-27,79.0
V002645,U00669,S0451,500.0,2024-12-17,12.0
V002646,U01679,S0259,500.0,2025-06-13,55.0
V002647,U01644,S0866,500.0,2024-12-15,48.0
V002648,U00870,S0387,151.0,2025-06-23,61.0
V002649,U00963,S0461,500.0,2024-10-09,48.0
V002650,U01146,S0439,89.0,2024-12-01,64.0
V002651,U00092,S0449,500.0,2024-06-10,30.0
V002652,U01004,S0492,25.0,2024-02-16,42.0
V002653,U00846,S0314,119.0,2024-12-25,94.0
V002654,U01151,S0382,500.0,2024-12-04,96.0
V002655,U01737,S0952,500.0,2024-04-08,64.0
V002656,U01806,S0115,500.0,2025-04-11,68.0
V002657,U00922,S0420,500.0,2024-07-11,79.0
V002658,U00841,S0581,500.0,2025-12-05,53.0
V002659,U01757,S0130,29.0,2024-01-23,80.0
V002660,U01692,S0922,103.0,2025-03-20,98.0
V002661,U00941,S0026,500.0,2024-03-28,11.0
V002662,U01274,S0641,213.0,2024-06-17,15.0
V002663,U00564,S0992,500.0,2024-11-20,64.0
V002664,U01172,S0420,500.0,2024-11-11,41.0
V002665,U01005,S0595,14.0,2024-03-22,53.0
V002666,U01430,S0855,500.0,2025-02-02,62.0
V002667,U01034,S0791,29.0,2024-08-16,79.0
V002668,U00645,S0544,500.0,2025-04-16,98.0
V002669,U00672,S0087,91.0,2024-11-26,96.0
V002670,U01873,S0374,20.0,2025-05-03,91.0
V002671,U00535,S0486,500.0,2025-02-12,47.0
V002672,U01498,S0143,500.0,2024-10-26,31.0
V002673,U01772,S0038,102.0,2024-04-09,12.0
V002674,U01647,S0509,500.0,2025-05-26,29.0
V002675,U00140,S0164,500.0,2024-08-07,50.0
V002676,U01740,S0110,48.0,2024-01-02,24.0
V002677,U00138,S0681,20.0,2024-12-19,12.0
V002678,U00427,S0758,500.0,2024-03-26,40.0
V002679,U01197,S0413,500.0,2024-03-28,49.0
V002680,U01575,S0559,500.0,2024-06-06,67.0
V002681,U00046,S0548,500.0,2025-12-05,64.0
V002682,U00277,S0651,500.0,2024-04-03,45.0
V002683,U00292,S0192,134.0,2024-10-03,72.0
V002684,U01909,S0886,500.0,2024-09-07,62.0
V002685,U00153,S0113,176.0,2024-04-20,85.0
V002686,U00464,S0524,81.0,2025-03-28,56.0
V002687,U01370,S0716,68.0,2025-12-03,70.0
V002688,U01715,S0748,500.0,2025-04-09,98.0
V002689,U00444,S0592,500.0,2025-01-12,82.0
V002690,U00376,S0713,500.0,2025-05-17,59.0
V002691,U00699,S0058,123.0,2025-01-05,37.0
V002692,U00182,S0163,500.0,2024-03-10,73.0
V002693,U01226,S0239,219.0,2024-03-18,77.0
V002694,U01257,S0128,198.0,2024-02-09,90.0
V002695,U01607,S0127,76.0,2025-06-01,50.0
V002696,U01039,S0972,500.0,2024-06-04,34.0
V002697,U00408,S0469,145.0,2025-03-22,98.0
V002698,U01667,S0096,500.0,2024-11-08,63.0
V002699,U01027,S0548,500.0,2025-03-03,64.0
V002700,U01555,S0375,500.0,2024-09-17,56.0
V002701,U00389,S0034,500.0,2025-04-13,75.0
V002702,U00322,S0842,500.0,2024-12-13,25.0
V002703,U01362,S0511,8.0,2025-02-01,21.0
V002704,U01361,S0758,500.0,2024-08-14,66.0
V002705,U01590,S0955,500.0,2024-11-15,84.0
V002706,U00601,S0236,500.0,2025-01-14,17.0
V002707,U00889,S0996,500.0,2025-01-14,51.0
V002708,U00554,S0607,143.0,2025-02-10,47.0
V002709,U00415,S0255,500.0,2024-10-03,28.0
V002710,U00655,S0705,500.0,2024-06-02,21.0
V002711,U01099,S0421,500.0,2024-02-04,54.0
V002712,U01853,S0373,128.0,2024-07-05,65.0
V002713,U01188,S0480,500.0,2025-06-01,39.0
V002714,U00226,S0987,500.0,2024-12-11,57.0
V002715,U00076,S0711,95.0,2024-03-14,68.0
V002716,U00144,S0991,500.0,2024-05-31,28.0
V002717,U00024,S0357,151.0,2024-03-21,37.0
V002718,U00571,S0755,500.0,2025-03-15,79.0
V002719,U01158,S0637,48.0,2024-10-17,80.0
V002720,U00523,S0227,113.0,2024-12-03,20.0
V002721,U00370,S0748,500.0,2024-11-25,46.0
V002722,U01381,S0182,178.0,2024-08-17,94.0
V002723,U01425,S0650,219.0,2024-06-02,35.0
V002724,U01915,S0799,128.0,2024-09-03,56.0
V002725,U01964,S0998,174.0,2024-03-15,56.0
V002726,U01717,S0078,176.0,2024-06-26,61.0
V002727,U00914,S0272,149.0,2024-01-29,40.0
V002728,U00364,S0096,66.0,2024-01-25,43.0
V002729,U01019,S0612,500.0,2024-03-20,38.0
V002730,U00604,S0508,78.0,2024-11-10,58.0
V002731,U00498,S0157,27.0,2024-05-24,25.0
V002732,U00998,S0606,199.0,2025-01-15,24.0
V002733,U00301,S0627,500.0,2024-10-06,55.0
V002734,U00733,S0315,184.0,2025-05-26,94.0
V002735,U00269,S0007,186.0,2024-09-23,56.0
V002736,U01839,S0522,70.0,2025-04-03,92.0
V002737,U01425,S0430,500.0,2025-10-02,50.0
V002738,U01105,S0705,500.0,2024-12-15,24.0
V002739,U00941,S0660,500.0,2024-12-23,23.0
V002740,U01250,S0673,500.0,2025-01-31,45.0
V002741,U01704,S0310,26.0,2025-01-28,99.0
V002742,U01755,S0388,500.0,2025-05-14,89.0
V002743,U00249,S0646,500.0,2024-07-23,49.0
V002744,U00702,S0932,500.0,2025-04-26,24.0
V002745,U01875,S0476,30.0,2024-07-17,40.0
V002746,U01774,S0178,500.0,2024-08-09,87.0
V002747,U01579,S0051,35.0,2024-07-08,29.0
V002748,U00741,S0553,114.0,2024-05-27,34.0
V002749,U00886,S0363,500.0,2024-05-26,75.0
V002750,U01271,S0442,58.0,2024-03-18,13.0
V002751,U01400,S0403,135.0,2025-05-31,92.0
V002752,U00630,S0178,145.0,2024-12-18,66.0
V002753,U01443,S0130,119.0,2024-08-19,89.0
V002754,U01847,S0191,500.0,2024-02-19,53.0
V002755,U01237,S0398,185.0,2024-01-27,88.0
V002756,U01201,S0195,100.0,2024-01-31,89.0
V002757,U01569,S0026,500.0,2024-02-21,50.0
V002758,U01480,S0392,90.0,2024-05-25,40.0
V002759,U01512,S0888,219.0,2024-09-23,92.0
V002760,U00014,S0672,500.0,2025-02-01,87.0
V002761,U01234,S0711,122.0,2025-01-08,36.0
V002762,U00071,S0416,500.0,2024-02-26,69.0
V002763,U01863,S0143,16.0,2024-10-31,63.0
V002764,U01475,S0677,500.0,2025-01-04,94.0
V002765,U01492,S0243,82.0,2024-01-11,94.0
V002766,U01642,S0898,57.0,2024-12-06,82.0
V002767,U00466,S0077,500.0,2024-03-22,54.0
V002768,U01626,S0054,500.0,2025-10-05,24.0
V002769,U00170,S0870,500.0,2024-08-13,21.0
V002770,U00758,S0938,93.0,2024-03-31,12.0
V002771,U01287,S0652,500.0,2024-01-24,28.0
V002772,U01238,S0769,58.0,2024-08-03,23.0
V002773,U00875,S0881,500.0,2024-03-30,38.0
V002774,U01856,S0219,500.0,2024-02-14,61.0
V002775,U01536,S0269,500.0,2024-12-22,47.0
V002776,U01832,S0458,500.0,2024-09-30,33.0
V002777,U00422,S0005,500.0,2024-10-10,20.0
V002778,U00558,S0468,93.0,2025-04-15,42.0
V002779,U01290,S0147,500.0,2024-05-10,56.0
V002780,U00498,S0763,209.0,2024-05-27,79.0
V002781,U00749,S0115,193.0,2024-12-01,85.0
V002782,U00343,S0691,500.0,2025-02-20,88.0
V002783,U01241,S0502,31.0,2024-03-12,15.0
V002784,U00663,S0496,500.0,2025-01-07,58.0
V002785,U01126,S0456,139.0,2024-02-17,26.0
V002786,U00282,S0717,127.0,2025-05-19,56.0
V002787,U00034,S0498,187.0,2024-12-20,37.0
V002788,U01860,S0972,500.0,2024-04-23,67.0
V002789,U00281,S0520,500.0,2025-11-06,85.0
V002790,U00799,S0362,500.0,2024-09-24,52.0
V002791,U01391,S0211,500.0,2025-03-25,42.0
V002792,U01067,S0544,500.0,2024-08-28,67.0
V002793,U00142,S0744,500.0,2025-06-17,61.0
V002794,U00698,S0310,94.0,2024-11-01,38.0
V002795,U01373,S0891,500.0,2024-09-19,24.0
V002796,U01634,S0141,500.0,2025-04-16,16.0
V002797,U01630,S0538,500.0,2025-06-04,74.0
V002798,U00487,S0161,212.0,2025-05-04,36.0
V002799,U01602,S0094,500.0,2025-01-21,15.0
V002800,U00529,S0958,32.0,2024-09-30,48.0
V002801,U00829,S0523,500.0,2024-11-01,94.0
V002802,U01431,S0621,500.0,2025-05-28,60.0
V002803,U01276,S0503,500.0,2025-04-17,59.0
V002804,U01588,S0686,219.0,2024-10-25,92.0
V002805,U00324,S0585,142.0,2025-01-27,36.0
V002806,U00406,S0739,500.0,2024-01-02,94.0
V002807,U01825,S0329,500.0,2025-02-19,93.0
V002808,U01008,S0454,500.0,2024-08-25,76.0
V002809,U00373,S0374,211.0,2025-01-02,46.0
V002810,U00915,S0149,121.0,2024-02-29,56.0
V002811,U01509,S0737,27.0,2024-05-10,14.0
V002812,U00928,S0037,219.0,2024-07-26,72.0
V002813,U00031,S0123,23.0,2025-05-28,98.0
V002814,U00623,S0594,133.0,2025-01-30,70.0
V002815,U00528,S0600,500.0,2025-02-23,45.0
V002816,U00872,S0692,500.0,2024-06-05,39.0
V002817,U00843,S0517,14.0,2024-05-03,71.0
V002818,U00247,S0305,500.0,2025-03-25,35.0
V002819,U01653,S0747,500.0,2025-01-28,92.0
V002820,U01534,S0458,500.0,2024-03-01,64.0
V002821,U01014,S0790,219.0,2024-08-24,97.0
V002822,U01676,S0137,157.0,2024-01-09,57.0
V002823,U01728,S0551,165.0,2024-03-27,89.0
V002824,U01368,S0414,500.0,2024-10-17,64.0
V002825,U01572,S0656,500.0,2024-10-30,39.0
V002826,U01346,S0627,85.0,2024-11-08,95.0
V002827,U01032,S0184,199.0,2024-05-20,35.0
V002828,U00987,S0092,33.0,2025-06-22,88.0
V002829,U00930,S0259,21.0,2025-03-28,10.0
V002830,U00343,S0515,162.0,2024-06-21,44.0
V002831,U01025,S0203,102.0,2025-06-17,40.0
V002832,U00400,S0929,17.0,2025-05-29,36.0
V002833,U00053,S0245,500.0,2024-12-15,39.0
V002834,U00728,S0535,500.0,2024-04-21,44.0
V002835,U00765,S0076,500.0,2025-03-30,83.0
V002836,U01163,S0773,171.0,2025-02-23,48.0
V002837,U00401,S0014,500.0,2024-04-19,73.0
V002838,U01869,S0802,500.0,2024-08-28,43.0
V002839,U00372,S0306,71.0,2025-06-01,44.0
V002840,U00675,S0673,185.0,2024-07-31,71.0
V002841,U00897,S0702,115.0,2024-07-20,99.0
V002842,U01387,S0864,500.0,2024-04-02,33.0
V002843,U01070,S0300,500.0,2024-02-27,22.0
V002844,U00426,S0735,500.0,2024-11-20,66.0
V002845,U01567,S0670,68.0,2024-06-15,55.0
V002846,U00278,S0356,84.0,2024-11-04,83.0
V002847,U00979,S0591,109.0,2024-07-18,78.0
V002848,U01210,S0996,212.0,2025-06-17,67.0
V002849,U01978,S0205,500.0,2024-12-03,62.0
V002850,U01202,S0952,74.0,2024-06-26,20.0
V002851,U00776,S0263,94.0,2025-01-17,15.0
V002852,U00335,S0716,500.0,2025-04-16,85.0
V002853,U01683,S0413,43.0,2024-06-29,99.0
V002854,U00753,S0526,500.0,2024-12-22,49.0
V002855,U00333,S0973,500.0,2024-12-12,24.0
V002856,U01791,S0153,500.0,2024-11-26,40.0
V002857,U00832,S0113,158.0,2024-09-10,33.0
V002858,U01033,S0692,51.0,2025-02-16,16.0
V002859,U00649,S0543,40.0,2024-02-22,92.0
V002860,U01249,S0005,130.0,2025-08-02,84.0
V002861,U00001,S0575,500.0,2024-04-01,56.0
V002862,U00929,S0953,500.0,2024-09-17,55.0
V002863,U01435,S0403,500.0,2024-10-17,13.0
V002864,U00499,S0675,131.0,2024-04-09,48.0
V002865,U01291,S0031,130.0,2025-06-22,91.0
V002866,U00446,S0224,39.0,2025-02-13,94.0
V002867,U00607,S0009,500.0,2024-06-25,45.0
V002868,U00726,S0791,220.0,2024-02-20,50.0
V002869,U00688,S0911,115.0,2024-10-09,80.0
V002870,U00379,S0201,32.0,2024-07-25,48.0
V002871,U01066,S0390,500.0,2025-02-27,26.0
V002872,U01521,S0385,49.0,2024-12-11,34.0
V002873,U00945,S0367,500.0,2024-12-21,83.0
V002874,U01745,S0962,500.0,2024-03-13,85.0
V002875,U01290,S0029,28.0,2024-07-06,63.0
V002876,U01883,S0784,500.0,2025-04-23,78.0
V002877,U00171,S0701,500.0,2024-02-05,93.0
V002878,U00699,S0099,500.0,2024-12-30,93.0
V002879,U00556,S0705,500.0,2024-04-08,69.0
V002880,U01442,S0017,500.0,2025-05-09,88.0
V002881,U01825,S0763,150.0,2024-10-16,32.0
V002882,U01684,S0048,119.0,2024-03-20,98.0
V002883,U01496,S0054,121.0,2024-06-21,88.0
V002884,U01324,S0190,101.0,2024-09-23,72.0
V002885,U01430,S0574,154.0,2024-08-22,34.0
V002886,U01486,S0629,500.0,2024-08-13,57.0
V002887,U00993,S0490,500.0,2024-06-12,54.0
V002888,U01099,S0609,500.0,2025-01-16,55.0
V002889,U00273,S0387,53.0,2024-12-24,32.0
V002890,U00421,S0526,500.0,2024-08-22,73.0
V002891,U00455,S0323,197.0,2025-03-27,34.0
V002892,U00761,S0944,500.0,2025-05-21,10.0
V002893,U01680,S0028,156.0,2024-01-31,54.0
V002894,U00808,S0155,163.0,2024-05-02,66.0
V002895,U01243,S0504,53.0,2025-04-19,22.0
V002896,U01844,S0714,500.0,2024-01-03,17.0
V002897,U01561,S0115,56.0,2024-11-28,58.0
V002898,U00841,S0402,116.0,2025-05-17,54.0
V002899,U01888,S0161,500.0,2025-02-18,12.0
V002900,U01992,S0399,500.0,2025-01-29,94.0
V002901,U01047,S0201,220.0,2024-01-06,10.0
V002902,U00579,S0243,57.0,2025-06-02,22.0
V002903,U01214,S0497,206.0,2024-06-01,70.0
V002904,U01402,S0487,500.0,2024-01-07,68.0
V002905,U00766,S0977,500.0,2025-01-05,29.0
V002906,U00078,S0219,500.0,2024-11-14,39.0
V002907,U01368,S0316,219.0,2024-12-14,11.0
V002908,U00129,S0712,500.0,2024-10-03,22.0
V002909,U01344,S0566,220.0,2024-09-03,84.0
V002910,U01607,S0810,500.0,2024-01-03,19.0
V002911,U01619,S0407,500.0,2025-04-04,70.0
V002912,U00104,S0223,68.0,2025-02-11,43.0
V002913,U00967,S0700,25.0,2024-02-23,53.0
V002914,U01267,S0233,500.0,2024-02-18,42.0
V002915,U00024,S0190,100.0,2024-09-07,17.0
V002916,U00934,S0840,99.0,2024-08-03,87.0
V002917,U00074,S0322,500.0,2025-03-20,31.0
V002918,U01637,S0903,100.0,2024-11-01,77.0
V002919,U01159,S0097,500.0,2025-09-06,12.0
V002920,U00685,S0450,500.0,2024-04-08,74.0
V002921,U00911,S0914,500.0,2024-04-30,47.0
V002922,U01188,S0700,90.0,2025-11-05,96.0
V002923,U00335,S0693,118.0,2024-02-23,57.0
V002924,U00439,S0445,30.0,2024-01-17,65.0
V002925,U00473,S0563,219.0,2024-07-11,30.0
V002926,U01485,S0547,209.0,2024-12-02,39.0
V002927,U01603,S0918,7.0,2024-05-04,69.0
V002928,U01192,S0622,150.0,2024-07-04,73.0
V002929,U01433,S0685,12.0,2024-06-13,38.0
V002930,U00218,S0717,193.0,2025-05-28,64.0
V002931,U01718,S0381,85.0,2025-06-14,15.0
V002932,U00874,S0495,500.0,2024-11-07,59.0
V002933,U00635,S0408,29.0,2024-03-02,83.0
V002934,U00247,S0058,8.0,2024-07-15,10.0
V002935,U01052,S0560,500.0,2024-11-11,87.0
V002936,U00890,S0770,500.0,2025-06-13,42.0
V002937,U00746,S0562,85.0,2025-07-06,21.0
V002938,U00031,S0933,175.0,2024-04-10,32.0
V002939,U01885,S0202,219.0,2024-02-29,18.0
V002940,U00328,S0287,185.0,2024-04-25,55.0
V002941,U01541,S0399,67.0,2025-04-07,21.0
V002942,U00215,S0336,206.0,2024-02-26,11.0
V002943,U01909,S0468,116.0,2024-06-11,37.0
V002944,U01422,S0729,500.0,2025-05-07,33.0
V002945,U01848,S0523,500.0,2024-10-18,92.0
V002946,U00584,S0709,53.0,2024-07-08,82.0
V002947,U00020,S0034,150.0,2024-02-06,33.0
V002948,U00139,S0503,80.0,2025-03-14,30.0
V002949,U00953,S0197,500.0,2025-06-18,80.0
V002950,U01066,S0711,500.0,2024-07-02,28.0
V002951,U01306,S0945,500.0,2024-03-31,10.0
V002952,U01927,S0115,203.0,2025-03-03,45.0
V002953,U01651,S0691,500.0,2024-11-26,78.0
V002954,U00746,S0529,107.0,2024-11-25,15.0
V002955,U01919,S0949,500.0,2024-10-09,78.0
V002956,U00070,S0389,92.0,2024-10-25,36.0
V002957,U00562,S0903,202.0,2025-03-31,87.0
V002958,U01196,S0504,500.0,2025-05-17,60.0
V002959,U01992,S0934,500.0,2024-10-15,40.0
V002960,U01621,S0444,500.0,2025-05-02,20.0
V002961,U00285,S0573,143.0,2025-06-18,94.0
V002962,U00545,S0028,181.0,2024-02-25,90.0
V002963,U00304,S0033,25.0,2024-12-13,80.0
V002964,U00883,S0840,194.0,2024-08-01,56.0
V002965,U01643,S0853,205.0,2024-12-05,21.0
V002966,U01329,S0191,500.0,2024-12-25,20.0
V002967,U01979,S0867,500.0,2024-02-16,97.0
V002968,U01736,S0353,150.0,2025-03-21,30.0
V002969,U00673,S0590,500.0,2024-04-08,78.0
V002970,U00423,S0973,183.0,2024-06-10,15.0
V002971,U01690,S0222,107.0,2025-02-04,83.0
V002972,U01443,S0962,197.0,2024-03-10,68.0
V002973,U01539,S0494,500.0,2024-06-18,14.0
V002974,U00445,S0758,500.0,2024-07-15,49.0
V002975,U00521,S0561,75.0,2025-01-15,28.0
V002976,U01772,S0434,120.0,2024-12-28,57.0
V002977,U01183,S0356,142.0,2025-03-22,95.0
V002978,U01381,S0827,500.0,2025-04-22,67.0
V002979,U00053,S0134,156.0,2024-02-12,51.0
V002980,U00729,S0924,194.0,2024-03-23,39.0
V002981,U00319,S0474,138.0,2024-05-24,48.0
V002982,U00368,S0612,500.0,2024-04-07,54.0
V002983,U01939,S0438,120.0,2024-06-08,75.0
V002984,U00033,S0423,500.0,2025-01-27,70.0
V002985,U00488,S0032,500.0,2025-06-14,14.0
V002986,U00921,S0573,500.0,2024-10-13,18.0
V002987,U01004,S0499,500.0,2024-01-25,61.0
V002988,U00038,S0727,500.0,2024-08-20,79.0
V002989,U00738,S0474,500.0,2024-11-09,69.0
V002990,U01274,S0243,114.0,2024-07-28,27.0
V002991,U01538,S0359,102.0,2024-04-05,63.0
V002992,U01613,S0752,80.0,2025-03-18,57.0
V002993,U01729,S0804,500.0,2024-09-28,47.0
V002994,U01468,S0076,129.0,2024-10-25,53.0
V002995,U00578,S0664,193.0,2024-02-23,66.0
V002996,U01221,S0551,500.0,2025-03-14,39.0
V002997,U00448,S0007,153.0,2024-07-23,38.0
V002998,U01867,S0072,138.0,2024-02-06,65.0
V002999,U01747,S0553,500.0,2024-04-04,76.0
V003000,U01476,S0489,500.0,2024-07-14,70.0
V003001,U00799,S0260,500.0,2025-05-24,85.0
V003002,U01257,S0809,500.0,2024-07-11,87.0
V003003,U01367,S0317,500.0,2024-05-19,12.0
V003004,U00863,S0863,500.0,2024-05-26,99.0
V003005,U00425,S0329,500.0,2024-08-25,27.0
V003006,U00623,S0599,149.0,2025-04-18,14.0
V003007,U00440,S0590,500.0,2024-09-02,42.0
V003008,U01586,S0429,124.0,2025-03-03,24.0
V003009,U01266,S0980,180.0,2025-04-12,23.0
V003010,U01384,S0030,103.0,2024-05-30,44.0
V003011,U00702,S0908,80.0,2025-03-29,56.0
V003012,U01894,S0377,11.0,2024-12-29,40.0
V003013,U00966,S0151,500.0,2024-06-05,95.0
V003014,U00047,S0380,500.0,2024-05-30,19.0
V003015,U00105,S0895,127.0,2025-04-16,79.0
V003016,U01951,S0529,102.0,2024-06-27,44.0
V003017,U00807,S0053,31.0,2024-12-08,47.0
V003018,U01730,S0807,167.0,2024-05-11,73.0
V003019,U01268,S0511,500.0,2025-06-18,96.0
V003020,U01353,S0965,500.0,2024-10-21,90.0
V003021,U00592,S0156,500.0,2025-06-13,57.0
V003022,U01005,S0935,139.0,2024-09-30,58.0
V003023,U00432,S0785,58.0,2025-06-16,52.0
V003024,U00689,S0200,500.0,2024-04-17,48.0
V003025,U01270,S0161,500.0,2024-12-17,87.0
V003026,U01953,S0101,196.0,2024-10-16,21.0
V003027,U00511,S0630,96.0,2025-08-06,81.0
V003028,U01556,S0941,500.0,2024-05-30,18.0
V003029,U00224,S0922,30.0,2024-04-02,35.0
V003030,U01304,S0453,178.0,2024-10-30,99.0
V003031,U00939,S0382,110.0,2024-07-05,10.0
V003032,U00032,S0191,139.0,2024-03-04,78.0
V003033,U01276,S0248,219.0,2024-05-28,39.0
V003034,U00636,S0131,219.0,2024-09-21,51.0
V003035,U00127,S0957,143.0,2024-03-24,92.0
V003036,U00518,S0275,500.0,2024-05-25,75.0
V003037,U00030,S0164,500.0,2024-07-26,77.0
V003038,U01012,S0291,143.0,2024-02-28,77.0
V003039,U01322,S0775,50.0,2024-05-27,58.0
V003040,U01293,S0662,162.0,2025-02-05,11.0
V003041,U00522,S0356,169.0,2024-03-07,78.0
V003042,U00152,S0875,500.0,2024-04-03,56.0
V003043,U00737,S0434,219.0,2024-08-03,98.0
V003044,U01648,S0655,101.0,2025-05-20,19.0
V003045,U01812,S0825,119.0,2025-02-27,50.0
V003046,U01081,S0656,176.0,2024-06-06,96.0
V003047,U00425,S0366,52.0,2025-06-15,51.0
V003048,U01553,S0236,500.0,2024-10-19,45.0
V003049,U01206,S0569,500.0,2024-01-28,92.0
V003050,U00603,S0704,133.0,2024-03-25,45.0
V003051,U01509,S0989,500.0,2025-06-03,76.0
V003052,U00387,S0261,219.0,2024-09-01,36.0
V003053,U01399,S0145,500.0,2025-03-04,22.0
V003054,U00458,S0866,500.0,2024-11-12,33.0
V003055,U00655,S0704,500.0,2025-06-18,69.0
V003056,U00370,S0724,51.0,2024-07-04,99.0
V003057,U00955,S0836,500.0,2025-04-28,77.0
V003058,U01753,S0855,500.0,2024-01-07,92.0
V003059,U00393,S0917,198.0,2025-02-16,24.0
V003060,U01125,S0481,180.0,2025-03-18,30.0
V003061,U01660,S0246,500.0,2025-09-04,77.0
V003062,U00346,S0722,500.0,2025-03-21,63.0
V003063,U00082,S0797,17.0,2024-12-09,61.0
V003064,U01583,S0599,118.0,2024-07-04,48.0
V003065,U01283,S0684,7.0,2024-11-20,26.0
V003066,U01242,S0966,59.0,2024-02-06,87.0
V003067,U01284,S0024,214.0,2024-11-17,99.0
V003068,U00430,S0463,17.0,2025-03-11,25.0
V003069,U00279,S0699,197.0,2025-02-19,52.0
V003070,U00119,S0059,500.0,2024-10-20,14.0
V003071,U01298,S0765,500.0,2024-10-18,71.0
V003072,U00214,S0852,116.0,2025-03-17,96.0
V003073,U00284,S0908,500.0,2024-04-07,74.0
V003074,U01469,S0758,57.0,2024-06-23,75.0
V003075,U00642,S0874,500.0,2024-02-28,77.0
V003076,U01301,S0359,90.0,2024-02-05,11.0
V003077,U00483,S0958,500.0,2025-01-29,80.0
V003078,U00412,S0949,145.0,2024-09-16,50.0
V003079,U00435,S0506,500.0,2025-04-14,73.0
V003080,U01210,S0290,54.0,2024-11-15,14.0
V003081,U00696,S0083,82.0,2025-06-21,93.0
V003082,U01997,S0517,500.0,2024-08-02,100.0
V003083,U01921,S0117,163.0,2025-05-08,96.0
V003084,U01195,S0701,177.0,2024-07-05,60.0
V003085,U01696,S0040,500.0,2025-03-13,98.0
V003086,U01633,S0635,500.0,2024-02-18,60.0
V003087,U00632,S0688,219.0,2024-01-26,35.0
V003088,U01103,S0672,500.0,2024-11-06,31.0
V003089,U01854,S0617,500.0,2024-08-31,92.0
V003090,U00748,S0953,500.0,2024-01-31,61.0
V003091,U00912,S0842,219.0,2025-01-31,85.0
V003092,U00523,S0767,102.0,2024-12-16,51.0
V003093,U01657,S0566,500.0,2025-12-01,70.0
V003094,U01051,S0121,55.0,2025-03-03,99.0
V003095,U01262,S0042,26.0,2024-07-11,64.0
V003096,U00464,S0661,21.0,2025-08-03,65.0
V003097,U01746,S0772,500.0,2025-02-16,16.0
V003098,U01400,S0786,500.0,2025-06-21,24.0
V003099,U00415,S0344,500.0,2024-01-06,69.0
V003100,U00663,S0862,500.0,2024-08-31,95.0
V003101,U00745,S0779,29.0,2024-06-11,53.0
V003102,U01070,S0995,97.0,2025-11-04,27.0
V003103,U01157,S0350,500.0,2024-03-10,27.0
V003104,U01271,S0727,122.0,2024-06-12,78.0
V003105,U01355,S0349,500.0,2024-06-22,54.0
V003106,U00785,S0987,500.0,2025-08-06,43.0
V003107,U01901,S0576,500.0,2025-02-17,91.0
V003108,U01061,S0941,216.0,2025-06-17,82.0
V003109,U00893,S0479,500.0,2024-02-02,51.0
V003110,U01872,S0571,30.0,2024-01-30,38.0
V003111,U00730,S0171,124.0,2024-05-20,32.0
V003112,U01579,S0701,99.0,2024-01-15,78.0
V003113,U01934,S0822,200.0,2024-06-15,59.0
V003114,U01025,S0005,82.0,2024-08-07,26.0
V003115,U00016,S0856,10.0,2025-04-23,84.0
V003116,U00614,S0093,500.0,2024-09-03,51.0
V003117,U01875,S0725,500.0,2024-11-30,27.0
V003118,U01048,S0476,500.0,2025-06-08,21.0
V003119,U01996,S0021,152.0,2024-02-26,59.0
V003120,U01666,S0494,119.0,2024-09-14,71.0
V003121,U01780,S0139,500.0,2024-07-27,64.0
V003122,U01434,S0440,500.0,2024-03-13,12.0
V003123,U01403,S0190,160.0,2025-01-05,88.0
V003124,U00578,S0257,500.0,2024-10-28,44.0
V003125,U00171,S0135,202.0,2025-03-15,68.0
V003126,U00670,S0783,80.0,2024-12-11,97.0
V003127,U00730,S0370,500.0,2024-02-06,23.0
V003128,U00594,S0759,500.0,2024-11-18,56.0
V003129,U00847,S0852,219.0,2025-05-22,86.0
V003130,U00461,S0606,500.0,2024-09-16,97.0
V003131,U01210,S0844,500.0,2025-04-17,38.0
V003132,U00123,S0123,500.0,2025-06-23,63.0
V003133,U01149,S0892,219.0,2025-02-23,69.0
V003134,U01499,S0838,500.0,2024-05-11,75.0
V003135,U01319,S0347,149.0,2024-04-17,52.0
V003136,U01435,S0680,45.0,2024-06-08,36.0
V003137,U01576,S0567,145.0,2025-07-03,29.0
V003138,U01290,S0598,44.0,2024-03-21,26.0
V003139,U01298,S0098,89.0,2024-11-12,26.0
V003140,U00544,S0749,153.0,2024-07-19,10.0
V003141,U00519,S0859,500.0,2024-04-10,32.0
V003142,U00786,S0566,44.0,2024-03-27,74.0
V003143,U01727,S0786,500.0,2024-11-22,68.0
V003144,U01693,S0625,57.0,2025-05-12,14.0
V003145,U00201,S0084,500.0,2025-01-03,72.0
V003146,U00305,S0647,500.0,2024-04-26,89.0
V003147,U01496,S0220,500.0,2024-11-11,35.0
V003148,U00470,S0059,101.0,2025-05-29,52.0
V003149,U00507,S0766,500.0,2024-11-20,86.0
V003150,U01575,S0565,28.0,2024-10-08,56.0
V003151,U00612,S0402,105.0,2024-08-27,81.0
V003152,U01511,S0902,91.0,2024-05-08,41.0
V003153,U01060,S0358,500.0,2025-04-26,39.0
V003154,U00837,S0662,153.0,2024-09-11,99.0
V003155,U01959,S0276,21.0,2025-02-12,85.0
V003156,U00564,S0543,124.0,2024-01-07,69.0
V003157,U01777,S0005,162.0,2025-05-26,31.0
V003158,U00148,S0258,63.0,2024-10-04,92.0
V003159,U00737,S0845,500.0,2025-05-22,86.0
V003160,U01072,S0302,500.0,2024-07-20,90.0
V003161,U00706,S0990,219.0,2024-03-17,65.0
V003162,U00466,S0655,219.0,2024-12-17,94.0
V003163,U01293,S0894,500.0,2024-05-04,48.0
V003164,U01355,S0310,122.0,2025-01-08,30.0
V003165,U01955,S0891,91.0,2024-09-17,99.0
V003166,U01906,S0665,185.0,2024-11-08,17.0
V003167,U00776,S0870,31.0,2025-05-05,45.0
V003168,U01908,S0250,500.0,2024-02-20,76.0
V003169,U01874,S0837,500.0,2024-12-28,32.0
V003170,U00546,S0172,132.0,2025-01-01,57.0
V003171,U01754,S0726,500.0,2024-03-03,93.0
V003172,U01430,S0602,500.0,2024-07-04,67.0
V003173,U00541,S0387,500.0,2024-10-04,83.0
V003174,U01314,S0728,43.0,2024-11-01,39.0
V003175,U01518,S0658,85.0,2024-09-30,82.0
V003176,U00684,S0227,500.0,2025-03-06,62.0
V003177,U00624,S0929,201.0,2024-12-13,78.0
V003178,U00756,S0312,500.0,2024-01-27,49.0
V003179,U01076,S0274,165.0,2024-10-02,62.0
V003180,U01161,S0742,219.0,2024-06-08,88.0
V003181,U00633,S0443,57.0,2025-06-22,67.0
V003182,U01364,S0481,11.0,2024-06-05,90.0
V003183,U01147,S0876,500.0,2024-11-12,94.0
V003184,U01320,S0209,500.0,2024-10-11,81.0
V003185,U01214,S0685,500.0,2025-01-04,87.0
V003186,U01160,S0316,119.0,2024-03-31,89.0
V003187,U01010,S0315,45.0,2025-10-03,76.0
V003188,U01167,S0848,117.0,2024-02-06,31.0
V003189,U00973,S0073,131.0,2025-05-25,58.0
V003190,U00500,S0121,96.0,2025-05-15,10.0
V003191,U00390,S0670,500.0,2024-03-05,59.0
V003192,U01007,S0060,16.0,2024-03-23,29.0
V003193,U00804,S0974,27.0,2024-09-21,55.0
V003194,U00058,S0484,66.0,2024-08-15,68.0
V003195,U01991,S0850,164.0,2024-06-22,99.0
V003196,U00826,S0374,23.0,2024-06-09,89.0
V003197,U01502,S0881,87.0,2024-01-12,38.0
V003198,U00714,S0459,500.0,2024-09-12,56.0
V003199,U01579,S0100,500.0,2024-06-29,39.0
V003200,U01633,S0697,500.0,2024-11-25,100.0
V003201,U00658,S0290,500.0,2025-05-30,27.0
V003202,U00543,S0193,150.0,2024-06-20,35.0
V003203,U00541,S0905,500.0,2025-04-08,75.0
V003204,U01516,S0783,500.0,2024-05-05,96.0
V003205,U00334,S0599,500.0,2025-06-05,65.0
V003206,U00761,S0432,209.0,2025-03-25,41.0
V003207,U00862,S0678,500.0,2025-03-20,40.0
V003208,U01896,S0084,104.0,2024-02-26,56.0
V003209,U01753,S0346,500.0,2024-12-21,86.0
V003210,U01250,S0849,96.0,2024-12-25,63.0
V003211,U00077,S0603,500.0,2024-10-12,100.0
V003212,U00651,S0899,500.0,2024-02-11,17.0
V003213,U01939,S0761,182.0,2024-10-05,90.0
V003214,U01698,S0790,71.0,2025-02-17,23.0
V003215,U01308,S1000,220.0,2024-06-10,14.0
V003216,U00920,S0179,198.0,2024-12-04,12.0
V003217,U00708,S0629,500.0,2024-01-06,84.0
V003218,U00997,S0375,500.0,2025-03-29,14.0
V003219,U01469,S0855,111.0,2024-03-30,16.0
V003220,U01433,S0136,500.0,2024-11-08,51.0
V003221,U01734,S0595,500.0,2025-03-22,47.0
V003222,U00872,S0453,500.0,2024-01-31,72.0
V003223,U01358,S0553,159.0,2024-11-30,97.0
V003224,U00828,S0116,500.0,2024-07-02,27.0
V003225,U00058,S0712,176.0,2024-12-12,78.0
V003226,U01948,S0238,106.0,2024-09-21,88.0
V003227,U00344,S0662,500.0,2024-12-17,75.0
V003228,U00013,S0423,198.0,2024-02-23,87.0
V003229,U01139,S0573,27.0,2024-11-19,29.0
V003230,U01649,S0313,127.0,2025-08-02,52.0
V003231,U00011,S0150,500.0,2025-05-28,69.0
V003232,U01464,S0283,12.0,2024-08-03,97.0
V003233,U00198,S0341,500.0,2024-11-20,47.0
V003234,U00418,S0489,500.0,2025-04-29,68.0
V003235,U00639,S0939,215.0,2024-04-14,16.0
V003236,U00197,S0926,500.0,2024-03-22,56.0
V003237,U01906,S0976,500.0,2024-10-27,65.0
V003238,U00582,S0967,500.0,2024-03-13,42.0
V003239,U01851,S0203,126.0,2025-10-06,19.0
V003240,U01211,S0156,500.0,2025-06-01,48.0
V003241,U00046,S0582,500.0,2025-06-08,53.0
V003242,U01627,S0020,500.0,2024-08-15,44.0
V003243,U00151,S0561,500.0,2024-04-02,16.0
V003244,U01053,S0594,67.0,2024-09-28,46.0
V003245,U00663,S0767,203.0,2024-10-10,53.0
V003246,U00507,S0617,18.0,2024-05-21,50.0
V003247,U00155,S0551,85.0,2024-06-19,50.0
V003248,U00685,S0799,127.0,2025-04-06,39.0
V003249,U01412,S0925,500.0,2025-03-30,78.0
V003250,U00091,S0400,500.0,2024-11-25,97.0
V003251,U01513,S0777,500.0,2024-11-18,91.0
V003252,U01547,S0357,160.0,2025-04-28,56.0
V003253,U01506,S0426,500.0,2025-01-27,47.0
V003254,U01927,S0868,500.0,2025-08-02,70.0
V003255,U01898,S0975,500.0,2025-01-02,56.0
V003256,U00114,S0336,40.0,2025-03-06,100.0
V003257,U01019,S0148,500.0,2024-03-25,14.0
V003258,U01342,S0815,500.0,2024-04-04,55.0
V003259,U01421,S0325,500.0,2024-01-26,34.0
V003260,U00052,S0643,111.0,2024-06-23,62.0
V003261,U01012,S0969,186.0,2024-06-21,70.0
V003262,U00670,S0561,148.0,2025-02-18,55.0
V003263,U01099,S0099,143.0,2025-05-08,96.0
V003264,U01473,S0008,197.0,2024-09-23,46.0
V003265,U01477,S0153,46.0,2024-03-02,63.0
V003266,U00670,S0451,218.0,2024-12-02,64.0
V003267,U01907,S0421,500.0,2024-08-12,72.0
V003268,U00185,S0081,63.0,2024-03-26,34.0
V003269,U00672,S0863,500.0,2024-05-29,72.0
V003270,U01408,S0619,500.0,2025-05-28,56.0
V003271,U00843,S0193,219.0,2025-04-24,69.0
V003272,U01360,S0036,500.0,2025-09-06,24.0
V003273,U01080,S0753,203.0,2025-06-23,65.0
V003274,U01891,S0485,62.0,2024-01-05,57.0
V003275,U00073,S0993,16.0,2025-09-04,78.0
V003276,U01174,S0783,500.0,2025-03-27,39.0
V003277,U00071,S0751,175.0,2024-07-08,63.0
V003278,U00556,S0680,131.0,2025-03-18,84.0
V003279,U01382,S0309,41.0,2024-02-19,74.0
V003280,U00690,S0495,106.0,2024-08-04,77.0
V003281,U01746,S0396,15.0,2025-06-22,95.0
V003282,U01374,S0256,219.0,2025-05-20,69.0
V003283,U00729,S0624,30.0,2025-06-16,58.0
V003284,U01662,S0108,500.0,2025-01-19,65.0
V003285,U01394,S0561,82.0,2025-07-06,53.0
V003286,U00876,S0723,500.0,2025-03-04,59.0
V003287,U01453,S0757,500.0,2024-08-15,87.0
V003288,U00492,S0328,500.0,2024-03-16,88.0
V003289,U01569,S0596,77.0,2024-10-20,78.0
V003290,U01708,S0831,500.0,2024-11-05,91.0
V003291,U01142,S0240,500.0,2024-10-20,75.0
V003292,U01800,S0043,500.0,2024-01-12,30.0
V003293,U00023,S0584,500.0,2024-01-13,43.0
V003294,U01806,S0840,500.0,2025-02-22,61.0
V003295,U00420,S0194,199.0,2025-01-21,14.0
V003296,U00301,S0780,166.0,2024-12-23,97.0
V003297,U00297,S0833,14.0,2025-04-01,89.0
V003298,U00678,S0179,202.0,2024-03-03,79.0
V003299,U01815,S0664,500.0,2024-01-08,20.0
V003300,U01268,S0871,500.0,2024-10-08,94.0
V003301,U01693,S0385,500.0,2024-07-03,87.0
V003302,U00550,S0567,500.0,2024-06-03,20.0
V003303,U01933,S0198,220.0,2024-07-20,84.0
V003304,U00914,S0055,500.0,2024-10-07,89.0
V003305,U00120,S0693,6.0,2024-07-12,58.0
V003306,U01404,S0521,500.0,2024-03-19,70.0
V003307,U01527,S0734,219.0,2024-06-01,36.0
V003308,U01499,S0846,500.0,2024-08-09,56.0
V003309,U00352,S0669,99.0,2024-11-16,62.0
V003310,U01123,S0810,158.0,2024-07-18,66.0
V003311,U00392,S0053,500.0,2025-01-02,92.0
V003312,U01287,S0141,500.0,2024-09-06,73.0
V003313,U00769,S0802,500.0,2024-08-27,29.0
V003314,U01082,S0178,21.0,2024-02-25,67.0
V003315,U00596,S0461,158.0,2024-03-19,24.0
V003316,U00946,S0734,28.0,2024-06-28,38.0
V003317,U01982,S0490,106.0,2025-05-04,23.0
V003318,U01565,S0507,500.0,2024-02-05,47.0
V003319,U00890,S0827,88.0,2025-04-07,88.0
V003320,U01449,S0300,500.0,2024-07-13,56.0
V003321,U01049,S0326,500.0,2024-06-09,71.0
V003322,U00054,S0050,500.0,2024-09-11,24.0
V003323,U01875,S0273,500.0,2024-05-02,92.0
V003324,U00307,S0803,500.0,2025-01-30,19.0
V003325,U01575,S0212,500.0,2024-03-03,59.0
V003326,U00323,S0767,500.0,2025-01-20,44.0
V003327,U00932,S0200,500.0,2025-04-11,49.0
V003328,U00159,S0510,500.0,2024-12-24,48.0
V003329,U01314,S0478,70.0,2025-01-05,71.0
V003330,U00533,S0372,58.0,2024-12-31,16.0
V003331,U01793,S0884,500.0,2025-01-28,12.0
V003332,U00721,S0659,195.0,2025-02-17,26.0
V003333,U00858,S0018,206.0,2025-01-22,66.0
V003334,U01802,S0120,31.0,2024-08-10,53.0
V003335,U01587,S0316,500.0,2024-02-15,69.0
V003336,U01748,S0350,500.0,2024-08-19,58.0
V003337,U01797,S0088,29.0,2025-09-04,63.0
V003338,U00282,S0742,219.0,2024-01-20,56.0
V003339,U01050,S0876,64.0,2025-04-18,72.0
V003340,U01799,S0590,500.0,2024-05-24,77.0
V003341,U00528,S0537,500.0,2025-09-04,73.0
V003342,U01305,S0179,500.0,2024-05-01,34.0
V003343,U01916,S0792,500.0,2024-04-04,83.0
V003344,U01450,S0090,88.0,2024-07-11,62.0
V003345,U00062,S0872,500.0,2024-02-01,54.0
V003346,U00329,S0446,179.0,2024-06-03,97.0
V003347,U01575,S0801,219.0,2025-04-19,22.0
V003348,U00446,S0974,500.0,2024-05-26,51.0
V003349,U00181,S0920,500.0,2024-01-11,95.0
V003350,U01328,S0042,142.0,2024-11-28,20.0
V003351,U00699,S0533,500.0,2025-02-23,20.0
V003352,U01952,S0208,500.0,2024-04-06,23.0
V003353,U01142,S0679,500.0,2024-11-19,58.0
V003354,U00494,S0979,500.0,2024-01-08,21.0
V003355,U01150,S0148,500.0,2025-04-25,18.0
V003356,U00025,S0406,500.0,2024-06-28,88.0
V003357,U00609,S0629,500.0,2025-02-23,31.0
V003358,U00337,S0690,75.0,2025-04-09,90.0
V003359,U00970,S0853,10.0,2024-04-21,22.0
V003360,U00656,S0302,500.0,2024-04-16,91.0
V003361,U00601,S0588,133.0,2024-03-03,99.0
V003362,U00204,S0705,219.0,2024-10-07,25.0
V003363,U00755,S0194,116.0,2024-11-25,82.0
V003364,U01832,S0492,500.0,2025-05-27,97.0
V003365,U00568,S0187,500.0,2025-06-06,18.0
V003366,U01641,S0734,500.0,2024-05-29,48.0
V003367,U01052,S0865,160.0,2024-01-17,10.0
V003368,U00841,S0725,49.0,2025-06-05,16.0
V003369,U00356,S0201,500.0,2024-01-23,58.0
V003370,U01392,S0430,56.0,2024-06-18,25.0
V003371,U01693,S0919,500.0,2025-04-03,57.0
V003372,U01820,S0598,500.0,2024-10-08,59.0
V003373,U01236,S0618,500.0,2024-09-28,96.0
V003374,U00369,S0845,500.0,2024-01-08,56.0
V003375,U00179,S0824,119.0,2024-07-02,33.0
V003376,U00641,S0959,75.0,2024-12-06,84.0
V003377,U00059,S0885,500.0,2024-06-18,67.0
V003378,U00340,S0998,500.0,2024-05-30,85.0
V003379,U01836,S0758,500.0,2024-07-08,55.0
V003380,U00689,S0638,500.0,2025-04-14,19.0
V003381,U00408,S0293,500.0,2024-11-05,38.0
V003382,U01593,S0876,500.0,2025-03-15,70.0
V003383,U01275,S0661,82.0,2025-08-05,48.0
V003384,U00649,S0333,213.0,2024-10-30,90.0
V003385,U01554,S0578,210.0,2024-07-21,56.0
V003386,U00984,S0200,171.0,2024-11-19,19.0
V003387,U00457,S0653,500.0,2024-04-14,95.0
V003388,U01875,S0706,500.0,2024-06-25,12.0
V003389,U01612,S0499,131.0,2025-06-03,71.0
V003390,U01420,S0406,89.0,2025-02-19,12.0
V003391,U00738,S0186,138.0,2025-11-05,18.0
V003392,U01333,S0309,500.0,2025-04-14,56.0
V003393,U01632,S0618,219.0,2024-12-22,61.0
V003394,U01188,S0705,177.0,2024-08-22,81.0
V003395,U00412,S0700,500.0,2025-12-06,95.0
V003396,U01233,S0388,26.0,2024-01-11,78.0
V003397,U01236,S0334,49.0,2024-01-30,80.0
V003398,U00978,S0654,109.0,2025-02-05,36.0
V003399,U01807,S0947,211.0,2024-01-18,92.0
V003400,U00020,S0051,175.0,2025-01-17,23.0
V003401,U00023,S0310,500.0,2024-12-12,92.0
V003402,U00534,S0660,500.0,2025-04-01,28.0
V003403,U01104,S0088,500.0,2025-01-04,20.0
V003404,U01486,S0964,23.0,2024-02-02,64.0
V003405,U00507,S0567,47.0,2024-02-28,76.0
V003406,U01046,S0167,208.0,2024-09-13,96.0
V003407,U01808,S0130,500.0,2024-02-10,25.0
V003408,U01076,S0401,5.0,2024-09-28,68.0
V003409,U01321,S0483,145.0,2024-06-06,79.0
V003410,U01871,S0701,500.0,2024-02-12,75.0
V003411,U00519,S0111,38.0,2025-02-27,96.0
V003412,U00853,S0472,500.0,2025-07-01,43.0
V003413,U00194,S0158,500.0,2024-04-08,93.0
V003414,U01339,S0985,118.0,2024-05-09,83.0
V003415,U00483,S0883,500.0,2024-02-16,76.0
V003416,U00360,S0472,500.0,2024-08-19,96.0
V003417,U00166,S0819,500.0,2024-08-01,61.0
V003418,U01991,S0705,123.0,2024-11-26,40.0
V003419,U01873,S0844,500.0,2024-02-12,65.0
V003420,U01729,S0470,126.0,2024-11-25,45.0
V003421,U01714,S0406,60.0,2024-06-22,43.0
V003422,U01069,S0512,500.0,2024-10-09,46.0
V003423,U00484,S0672,170.0,2025-01-22,30.0
V003424,U01234,S0115,108.0,2024-04-02,26.0
V003425,U00450,S0319,500.0,2024-06-24,40.0
V003426,U00324,S0449,5.0,2025-02-20,67.0
V003427,U00357,S0140,500.0,2025-04-06,90.0
V003428,U00050,S0823,53.0,2024-11-04,45.0
V003429,U01756,S0154,500.0,2024-12-09,31.0
V003430,U01479,S0221,14.0,2024-07-11,47.0
V003431,U00157,S0667,500.0,2024-01-08,24.0
V003432,U00125,S0200,500.0,2024-09-05,30.0
V003433,U01742,S0964,500.0,2024-06-05,45.0
V003434,U00760,S0948,196.0,2025-05-12,67.0
V003435,U01826,S0199,219.0,2025-03-02,90.0
V003436,U00079,S0789,19.0,2024-04-01,81.0
V003437,U01112,S0887,500.0,2024-04-08,69.0
V003438,U01312,S0225,16.0,2025-04-27,94.0
V003439,U00868,S0817,500.0,2025-03-21,52.0
V003440,U00044,S0767,79.0,2024-01-18,26.0
V003441,U00709,S0111,12.0,2025-10-05,15.0
V003442,U01766,S0784,89.0,2024-05-11,67.0
V003443,U01080,S0457,500.0,2024-10-31,69.0
V003444,U00015,S0385,69.0,2024-12-19,28.0
V003445,U01658,S0837,188.0,2024-01-16,44.0
V003446,U00804,S0751,500.0,2024-07-05,80.0
V003447,U01108,S0784,79.0,2024-02-09,46.0
V003448,U01689,S0974,500.0,2025-05-16,31.0
V003449,U00724,S0512,154.0,2025-02-03,28.0
V003450,U00349,S0786,500.0,2025-09-06,55.0
V003451,U01602,S0288,122.0,2025-06-22,66.0
V003452,U01788,S0353,76.0,2024-10-08,94.0
V003453,U00285,S0229,86.0,2024-07-15,91.0
V003454,U01003,S0479,122.0,2025-04-19,93.0
V003455,U00587,S0063,42.0,2024-02-09,18.0
V003456,U01738,S0484,500.0,2024-06-11,15.0
V003457,U00225,S0245,500.0,2024-11-21,35.0
V003458,U01282,S0495,500.0,2024-04-02,36.0
V003459,U00071,S0924,500.0,2025-06-15,11.0
V003460,U00666,S0950,62.0,2024-04-26,39.0
V003461,U00001,S0867,500.0,2024-08-17,41.0
V003462,U00510,S0542,9.0,2024-07-19,44.0
V003463,U00581,S0350,500.0,2024-12-14,99.0
V003464,U00493,S0363,6.0,2024-10-27,48.0
V003465,U00500,S0279,500.0,2025-03-03,29.0
V003466,U00213,S0740,500.0,2024-04-16,96.0
V003467,U00261,S0937,500.0,2024-06-09,10.0
V003468,U00857,S0465,500.0,2024-01-08,56.0
V003469,U01542,S0686,219.0,2025-01-22,35.0
V003470,U01323,S0455,191.0,2025-01-25,62.0
V003471,U00994,S0318,500.0,2025-06-20,56.0
V003472,U00141,S0898,42.0,2024-05-29,83.0
V003473,U00555,S0735,82.0,2024-09-16,16.0
V003474,U00118,S0619,132.0,2024-07-19,45.0
V003475,U00734,S0617,500.0,2025-06-24,18.0
V003476,U01838,S0844,500.0,2024-05-08,53.0
V003477,U01533,S0024,10.0,2024-07-29,58.0
V003478,U01661,S0476,73.0,2024-01-23,81.0
V003479,U01861,S0792,219.0,2024-10-08,67.0
V003480,U00252,S0267,500.0,2024-10-10,47.0
V003481,U00047,S0055,112.0,2025-06-16,32.0
V003482,U01104,S0423,500.0,2025-01-25,24.0
V003483,U00956,S0381,500.0,2024-06-08,22.0
V003484,U00904,S0466,500.0,2025-04-05,94.0
V003485,U01525,S0450,500.0,2025-03-15,10.0
V003486,U00386,S0566,53.0,2024-02-26,61.0
V003487,U00577,S0786,139.0,2024-09-25,51.0
V003488,U00163,S0838,163.0,2025-09-03,21.0
V003489,U01238,S0007,500.0,2025-06-20,47.0
V003490,U01134,S0997,500.0,2025-03-21,18.0
V003491,U01083,S0840,54.0,2024-07-26,88.0
V003492,U01144,S0375,219.0,2025-04-02,56.0
V003493,U01151,S0817,500.0,2024-12-12,49.0
V003494,U01308,S0765,500.0,2024-05-31,82.0
V003495,U00474,S0088,500.0,2024-01-13,84.0
V003496,U00870,S0826,500.0,2024-06-01,82.0
V003497,U01685,S0337,33.0,2025-06-23,81.0
V003498,U00724,S0553,7.0,2024-06-15,69.0
V003499,U01368,S0695,9.0,2024-07-20,96.0
V003500,U01219,S0887,76.0,2024-08-01,31.0
V003501,U00249,S0675,35.0,2025-03-22,11.0
V003502,U00602,S0619,500.0,2024-12-08,20.0
V003503,U01898,S0325,500.0,2024-09-13,79.0
V003504,U01877,S0594,500.0,2024-07-21,85.0
V003505,U00475,S0129,181.0,2024-12-26,17.0
V003506,U00013,S0560,118.0,2025-06-09,70.0
V003507,U01225,S0467,500.0,2024-01-31,55.0
V003508,U01564,S0790,102.0,2025-10-03,85.0
V003509,U00328,S0710,6.0,2024-11-02,56.0
V003510,U00122,S0924,500.0,2024-04-20,44.0
V003511,U00356,S0153,500.0,2025-02-25,23.0
V003512,U01103,S0221,199.0,2025-06-18,31.0
V003513,U00805,S0075,500.0,2025-05-24,54.0
V003514,U01631,S0853,500.0,2025-03-31,95.0
V003515,U01002,S0569,84.0,2025-06-16,58.0
V003516,U00084,S0402,127.0,2024-08-02,52.0
V003517,U00361,S0341,500.0,2024-09-08,98.0
V003518,U00836,S0072,38.0,2024-04-30,45.0
V003519,U01325,S0725,500.0,2024-05-19,87.0
V003520,U00695,S0259,500.0,2024-07-25,41.0
V003521,U00296,S0656,131.0,2024-05-04,87.0
V003522,U01291,S0508,500.0,2024-03-20,97.0
V003523,U01348,S0012,500.0,2025-09-06,56.0
V003524,U01116,S0357,207.0,2024-10-05,43.0
V003525,U00433,S0534,500.0,2024-03-11,64.0
V003526,U01707,S0770,500.0,2024-02-26,86.0
V003527,U01003,S0719,500.0,2025-03-22,52.0
V003528,U00250,S0421,59.0,2025-02-06,59.0
V003529,U00284,S0918,144.0,2024-11-19,43.0
V003530,U01566,S0135,12.0,2024-04-26,55.0
V003531,U01747,S0818,12.0,2024-04-21,18.0
V003532,U00870,S0298,500.0,2024-11-20,20.0
V003533,U00836,S0621,500.0,2024-09-14,19.0
V003534,U00890,S0430,123.0,2025-06-18,85.0
V003535,U01369,S0842,500.0,2024-06-27,29.0
V003536,U00401,S0448,169.0,2024-03-12,14.0
V003537,U01510,S0600,500.0,2024-11-09,90.0
V003538,U00428,S0155,92.0,2025-11-02,16.0
V003539,U01613,S0959,500.0,2024-05-14,22.0
V003540,U00438,S0900,500.0,2024-07-21,33.0
V003541,U01002,S0533,184.0,2024-08-02,49.0
V003542,U01628,S0767,500.0,2025-03-06,43.0
V003543,U00739,S0198,500.0,2024-04-24,26.0
V003544,U01896,S0252,184.0,2024-03-03,33.0
V003545,U01597,S0378,200.0,2024-04-22,93.0
V003546,U01753,S0023,7.0,2025-03-24,78.0
V003547,U01549,S0244,30.0,2024-10-18,89.0
V003548,U00533,S0035,179.0,2024-02-15,84.0
V003549,U00588,S0501,10.0,2024-04-29,45.0
V003550,U00143,S0356,173.0,2024-01-14,78.0
V003551,U00855,S0183,153.0,2024-10-29,42.0
V003552,U01217,S0290,74.0,2024-03-27,15.0
V003553,U00160,S0147,500.0,2024-03-14,88.0
V003554,U01601,S0967,500.0,2025-10-04,63.0
V003555,U01860,S0213,99.0,2024-01-07,92.0
V003556,U00128,S0897,133.0,2024-11-06,20.0
V003557,U01450,S0116,500.0,2024-05-10,31.0
V003558,U01139,S0408,500.0,2024-08-18,39.0
V003559,U00505,S0452,500.0,2024-12-11,88.0
V003560,U00302,S0365,500.0,2024-04-12,49.0
V003561,U00458,S0083,500.0,2024-06-15,12.0
V003562,U01154,S0297,163.0,2025-01-02,51.0
V003563,U01851,S0798,151.0,2024-08-11,71.0
V003564,U00279,S0857,500.0,2025-06-03,37.0
V003565,U00397,S0422,180.0,2024-12-28,30.0
V003566,U01202,S0466,500.0,2024-01-30,65.0
V003567,U01348,S0442,500.0,2024-05-13,99.0
V003568,U01095,S0584,169.0,2024-05-02,55.0
V003569,U01045,S0342,500.0,2024-11-01,43.0
V003570,U01608,S0363,52.0,2024-07-27,40.0
V003571,U00494,S0249,500.0,2024-08-03,75.0
V003572,U00204,S0043,118.0,2024-03-14,38.0
V003573,U01575,S0600,60.0,2024-10-20,19.0
V003574,U01209,S0995,500.0,2025-03-15,33.0
V003575,U00410,S0363,500.0,2024-12-08,21.0
V003576,U01776,S0560,36.0,2024-09-15,88.0
V003577,U00521,S0185,127.0,2025-02-12,31.0
V003578,U00057,S0548,500.0,2024-11-17,37.0
V003579,U00317,S0648,36.0,2025-03-16,35.0
V003580,U00987,S0984,500.0,2025-01-17,39.0
V003581,U00581,S0753,500.0,2024-05-09,11.0
V003582,U01028,S0405,88.0,2025-02-05,47.0
V003583,U00293,S0644,196.0,2024-10-06,53.0
V003584,U00677,S0647,500.0,2024-06-06,41.0
V003585,U00655,S0800,38.0,2025-05-14,76.0
V003586,U01698,S0521,141.0,2025-05-24,21.0
V003587,U01757,S0246,500.0,2024-04-02,24.0
V003588,U00009,S0642,86.0,2025-04-22,96.0
V003589,U00806,S0044,54.0,2024-02-29,83.0
V003590,U00881,S0547,219.0,2024-12-01,76.0
V003591,U00533,S0471,93.0,2024-03-29,64.0
V003592,U00317,S0014,189.0,2025-02-24,56.0
V003593,U00437,S0263,219.0,2024-01-24,22.0
V003594,U01825,S0419,500.0,2024-02-20,75.0
V003595,U01942,S0626,500.0,2024-01-15,38.0
V003596,U01775,S0272,500.0,2024-03-03,42.0
V003597,U00996,S0472,219.0,2025-11-05,73.0
V003598,U01098,S0071,500.0,2025-03-10,22.0
V003599,U01975,S0774,194.0,2024-08-19,53.0
V003600,U01801,S0884,70.0,2025-01-16,75.0
V003601,U00692,S0169,500.0,2024-03-07,43.0
V003602,U01104,S0459,500.0,2024-01-04,43.0
V003603,U00422,S0165,200.0,2025-05-05,52.0
V003604,U01494,S0943,199.0,2024-05-06,33.0
V003605,U01539,S0695,37.0,2024-09-23,83.0
V003606,U01679,S0439,112.0,2024-05-12,16.0
V003607,U01739,S0618,500.0,2025-11-01,55.0
V003608,U00430,S0980,107.0,2024-05-14,29.0
V003609,U01842,S0569,206.0,2024-07-14,10.0
V003610,U01051,S0308,500.0,2025-02-03,29.0
V003611,U01682,S0398,500.0,2025-03-19,58.0
V003612,U00664,S0531,500.0,2024-01-31,99.0
V003613,U00993,S0474,500.0,2025-12-01,56.0
V003614,U01972,S0861,500.0,2024-07-20,60.0
V003615,U00141,S0555,66.0,2024-11-20,99.0
V003616,U00881,S0920,73.0,2025-04-14,75.0
V003617,U01123,S0651,500.0,2024-03-04,19.0
V003618,U01794,S0696,500.0,2025-03-12,63.0
V003619,U01619,S0651,219.0,2024-11-18,15.0
V003620,U01945,S0317,500.0,2024-04-22,11.0
V003621,U01360,S0008,500.0,2025-02-19,83.0
V003622,U01783,S0977,18.0,2024-04-10,64.0
V003623,U01226,S0866,500.0,2024-10-11,24.0
V003624,U00542,S0024,500.0,2024-05-16,79.0
V003625,U01512,S0837,33.0,2024-03-13,18.0
V003626,U00390,S0188,10.0,2024-10-18,45.0
V003627,U01042,S0011,500.0,2025-02-10,87.0
V003628,U00898,S0277,198.0,2024-11-15,61.0
V003629,U00868,S0939,500.0,2024-04-13,68.0
V003630,U01776,S0473,500.0,2025-03-09,80.0
V003631,U01793,S0818,109.0,2024-07-24,20.0
V003632,U01175,S0220,75.0,2024-08-22,98.0
V003633,U01900,S0149,142.0,2024-06-07,65.0
V003634,U00614,S0514,500.0,2025-12-06,56.0
V003635,U00684,S0431,61.0,2024-11-07,32.0
V003636,U01754,S0951,210.0,2024-03-23,80.0
V003637,U01984,S0957,500.0,2025-02-12,25.0
V003638,U01465,S0193,500.0,2024-01-03,23.0
V003639,U00820,S0542,500.0,2025-06-24,34.0
V003640,U01619,S0347,500.0,2024-02-23,56.0
V003641,U00225,S0946,39.0,2024-10-26,56.0
V003642,U01436,S0314,61.0,2025-06-16,52.0
V003643,U00652,S0559,75.0,2024-01-09,42.0
V003644,U01472,S0651,500.0,2025-11-01,14.0
V003645,U01438,S0807,139.0,2025-02-11,94.0
V003646,U01907,S0422,500.0,2024-03-09,89.0
V003647,U01740,S0849,500.0,2024-05-08,69.0
V003648,U01542,S0436,219.0,2024-02-16,60.0
V003649,U00380,S0920,139.0,2024-11-28,49.0
V003650,U00093,S0960,500.0,2024-09-14,97.0
V003651,U00071,S0746,99.0,2024-10-26,99.0
V003652,U01631,S0080,500.0,2024-02-17,54.0
V003653,U01501,S0589,500.0,2024-09-18,19.0
V003654,U00514,S0069,500.0,2024-11-12,18.0
V003655,U01108,S0367,500.0,2024-06-24,17.0
V003656,U01506,S0664,500.0,2025-03-21,56.0
V003657,U01275,S0798,106.0,2024-07-23,52.0
V003658,U00527,S0188,101.0,2025-04-20,86.0
V003659,U00773,S0257,500.0,2025-06-02,99.0
V003660,U00910,S0536,19.0,2024-06-15,47.0
V003661,U00715,S0791,500.0,2024-04-16,15.0
V003662,U01869,S0716,500.0,2024-05-27,61.0
V003663,U00624,S0660,500.0,2025-04-19,56.0
V003664,U01508,S0386,186.0,2025-01-02,19.0
V003665,U00530,S0087,500.0,2024-12-16,81.0
V003666,U00317,S0655,52.0,2024-05-04,82.0
V003667,U01756,S0842,46.0,2024-10-19,93.0
V003668,U01946,S0383,500.0,2025-05-12,32.0
V003669,U00261,S0327,500.0,2024-01-02,37.0
V003670,U01663,S0544,500.0,2025-10-04,20.0
V003671,U00319,S0263,189.0,2024-01-26,64.0
V003672,U00753,S0519,500.0,2024-02-02,61.0
V003673,U00240,S0840,5.0,2024-06-06,34.0
V003674,U00837,S0936,500.0,2024-07-07,65.0
V003675,U00665,S0017,103.0,2024-11-21,65.0
V003676,U00243,S0849,500.0,2024-02-27,49.0
V003677,U01061,S0455,148.0,2025-02-19,81.0
V003678,U00422,S0071,33.0,2024-10-28,88.0
V003679,U00716,S0632,500.0,2024-05-09,54.0
V003680,U00542,S0430,500.0,2024-04-05,83.0
V003681,U01429,S0279,219.0,2025-11-06,92.0
V003682,U00231,S0191,500.0,2024-03-15,46.0
V003683,U00726,S0422,500.0,2024-05-21,10.0
V003684,U00781,S0312,500.0,2025-03-04,47.0
V003685,U01906,S0336,39.0,2025-11-05,97.0
V003686,U01883,S0923,500.0,2024-02-27,82.0
V003687,U00317,S0668,500.0,2024-05-16,26.0
V003688,U00035,S0488,500.0,2024-05-03,84.0
V003689,U00373,S0741,500.0,2024-11-09,57.0
V003690,U01170,S0206,500.0,2024-05-08,73.0
V003691,U01232,S0166,500.0,2024-08-04,56.0
V003692,U00358,S0628,33.0,2024-11-06,43.0
V003693,U01737,S0254,80.0,2024-03-07,46.0
V003694,U01875,S0810,28.0,2024-08-29,80.0
V003695,U00409,S0807,500.0,2024-08-27,98.0
V003696,U01000,S0253,500.0,2024-05-23,65.0
V003697,U00365,S0978,42.0,2024-01-31,38.0
V003698,U01160,S0809,500.0,2025-03-21,57.0
V003699,U01181,S0786,21.0,2024-04-26,74.0
V003700,U00062,S0470,500.0,2025-03-19,67.0
V003701,U00163,S0290,96.0,2024-11-16,79.0
V003702,U00668,S0735,161.0,2025-01-05,59.0
V003703,U01027,S0945,500.0,2024-05-19,96.0
V003704,U00005,S0721,500.0,2024-03-23,93.0
V003705,U01605,S0648,500.0,2024-08-14,32.0
V003706,U00597,S0727,70.0,2024-08-14,27.0
V003707,U01339,S0839,500.0,2024-10-13,75.0
V003708,U00209,S0975,500.0,2024-03-08,31.0
V003709,U01597,S0784,12.0,2024-11-17,78.0
V003710,U00829,S0473,64.0,2024-07-13,55.0
V003711,U01863,S0231,500.0,2024-03-03,27.0
V003712,U00286,S0656,166.0,2024-12-18,88.0
V003713,U00144,S0054,500.0,2024-09-14,73.0
V003714,U01444,S0278,30.0,2024-04-16,56.0
V003715,U01681,S0392,500.0,2024-07-02,80.0
V003716,U01752,S0590,500.0,2024-05-09,45.0
V003717,U01872,S0603,500.0,2024-03-27,79.0
V003718,U01398,S0822,500.0,2024-09-19,70.0
V003719,U00632,S0625,219.0,2024-09-23,99.0
V003720,U01283,S0753,500.0,2024-11-27,88.0
V003721,U01071,S0005,500.0,2024-01-21,35.0
V003722,U01736,S0644,219.0,2025-06-01,98.0
V003723,U01754,S0805,500.0,2024-02-12,11.0
V003724,U00309,S0529,97.0,2025-01-16,89.0
V003725,U01775,S0526,500.0,2024-07-17,98.0
V003726,U00017,S0271,103.0,2024-08-08,88.0
V003727,U00148,S0233,500.0,2024-07-03,27.0
V003728,U00243,S0558,123.0,2025-02-01,24.0
V003729,U00304,S0231,31.0,2024-06-03,53.0
V003730,U01125,S0782,141.0,2024-09-05,28.0
V003731,U01894,S0116,500.0,2024-10-22,62.0
V003732,U00961,S0168,500.0,2024-03-07,75.0
V003733,U00118,S0498,500.0,2024-09-04,64.0
V003734,U00419,S0472,216.0,2024-01-16,98.0
V003735,U01010,S0823,500.0,2025-02-27,51.0
V003736,U01094,S0395,500.0,2024-04-06,53.0
V003737,U00160,S0228,500.0,2024-04-04,22.0
V003738,U00071,S0380,14.0,2024-10-05,33.0
V003739,U01647,S0478,152.0,2024-03-27,12.0
V003740,U00551,S0396,61.0,2024-06-13,62.0
V003741,U01580,S0768,500.0,2024-01-13,42.0
V003742,U00982,S0346,500.0,2025-03-28,16.0
V003743,U00355,S0247,500.0,2025-03-09,64.0
V003744,U01537,S0067,131.0,2024-07-09,51.0
V003745,U01910,S0344,37.0,2025-02-15,14.0
V003746,U00090,S0364,36.0,2024-09-21,60.0
V003747,U01880,S0483,25.0,2025-02-26,71.0
V003748,U01468,S0574,147.0,2024-05-14,94.0
V003749,U01223,S0471,209.0,2024-10-27,39.0
V003750,U00360,S0693,500.0,2024-02-17,19.0
V003751,U00243,S0031,500.0,2024-01-05,39.0
V003752,U01251,S0613,500.0,2025-02-15,24.0
V003753,U01992,S0034,11.0,2024-08-09,80.0
V003754,U00188,S0034,500.0,2024-09-15,37.0
V003755,U00556,S0915,500.0,2024-01-19,96.0
V003756,U01438,S0452,500.0,2024-02-04,52.0
V003757,U01237,S0502,81.0,2024-09-02,73.0
V003758,U00246,S0745,500.0,2024-02-16,95.0
V003759,U01764,S0680,500.0,2025-05-16,98.0
V003760,U01714,S0439,500.0,2025-03-24,93.0
V003761,U00692,S0446,500.0,2024-12-17,31.0
V003762,U00708,S0342,17.0,2024-08-01,49.0
V003763,U01369,S0851,500.0,2024-10-29,62.0
V003764,U00520,S0288,500.0,2025-05-20,83.0
V003765,U01721,S0724,163.0,2025-06-23,26.0
V003766,U00480,S0021,15.0,2025-05-27,23.0
V003767,U00188,S0340,153.0,2025-05-01,36.0
V003768,U00071,S0765,500.0,2024-08-31,43.0
V003769,U00477,S0756,93.0,2024-10-06,99.0
V003770,U00421,S0395,147.0,2025-05-26,53.0
V003771,U00981,S0151,209.0,2024-02-08,51.0
V003772,U00473,S0756,144.0,2024-03-21,61.0
V003773,U00284,S0012,500.0,2025-01-01,30.0
V003774,U01962,S0383,500.0,2024-01-09,87.0
V003775,U01216,S0772,500.0,2025-01-02,87.0
V003776,U01642,S0408,219.0,2024-09-07,13.0
V003777,U01215,S0896,500.0,2024-01-19,43.0
V003778,U00464,S0665,500.0,2025-01-26,12.0
V003779,U00782,S0165,144.0,2025-03-22,57.0
V003780,U00825,S0754,500.0,2024-07-07,88.0
V003781,U01196,S0356,500.0,2024-01-23,40.0
V003782,U01430,S0041,500.0,2024-07-30,38.0
V003783,U01087,S0862,500.0,2024-02-26,85.0
V003784,U00107,S0012,37.0,2025-04-22,23.0
V003785,U01147,S0197,500.0,2024-07-04,61.0
V003786,U00676,S0943,500.0,2025-02-02,64.0
V003787,U00550,S0793,115.0,2025-04-01,50.0
V003788,U00935,S0948,149.0,2024-11-23,65.0
V003789,U01863,S0308,193.0,2024-10-03,14.0
V003790,U00184,S0935,116.0,2025-06-14,62.0
V003791,U01354,S0341,500.0,2025-01-31,37.0
V003792,U01019,S0342,500.0,2024-06-15,31.0
V003793,U01989,S0555,500.0,2024-05-11,98.0
V003794,U01001,S0403,500.0,2024-12-07,59.0
V003795,U01703,S0168,500.0,2025-04-21,66.0
V003796,U00637,S0488,197.0,2024-03-30,77.0
V003797,U01072,S0659,109.0,2024-01-18,40.0
V003798,U00486,S0963,500.0,2024-06-27,87.0
V003799,U01686,S0337,500.0,2024-05-22,81.0
V003800,U00613,S0581,500.0,2025-01-16,35.0
V003801,U01042,S0052,31.0,2024-11-14,93.0
V003802,U01502,S0769,128.0,2024-09-13,99.0
V003803,U01286,S0977,500.0,2024-07-25,97.0
V003804,U00614,S0616,110.0,2025-02-04,99.0
V003805,U01376,S0836,42.0,2025-01-09,30.0
V003806,U00945,S0513,500.0,2024-11-08,81.0
V003807,U01556,S0689,59.0,2024-09-14,97.0
V003808,U00715,S0058,500.0,2024-04-30,85.0
V003809,U00663,S0445,500.0,2024-01-20,79.0
V003810,U00320,S0277,35.0,2024-01-29,45.0
V003811,U01842,S0669,135.0,2024-02-10,63.0
V003812,U01185,S0713,500.0,2024-01-22,47.0
V003813,U01286,S0643,500.0,2024-02-23,83.0
V003814,U00765,S0737,19.0,2024-06-20,36.0
V003815,U00494,S0627,35.0,2024-04-16,15.0
V003816,U00033,S0906,35.0,2024-07-22,43.0
V003817,U01107,S0848,213.0,2025-03-16,36.0
V003818,U01094,S0922,47.0,2024-12-20,43.0
V003819,U00772,S0007,500.0,2024-02-12,59.0
V003820,U00055,S0314,500.0,2025-02-17,84.0
V003821,U01780,S0557,500.0,2025-02-21,52.0
V003822,U00094,S0098,13.0,2024-12-30,70.0
V003823,U01868,S0823,120.0,2024-12-12,20.0
V003824,U01940,S0553,16.0,2024-06-25,54.0
V003825,U00796,S0594,172.0,2024-05-16,80.0
V003826,U01285,S0753,219.0,2024-01-18,96.0
V003827,U00201,S0341,6.0,2025-06-19,37.0
V003828,U00428,S0755,500.0,2025-06-15,23.0
V003829,U01062,S0237,500.0,2024-03-15,37.0
V003830,U00163,S0843,47.0,2024-08-25,25.0
V003831,U00634,S0809,500.0,2025-08-03,72.0
V003832,U01857,S0673,186.0,2025-01-30,90.0
V003833,U01588,S0099,500.0,2025-02-23,97.0
V003834,U01274,S0999,72.0,2025-05-29,74.0
V003835,U01470,S0584,150.0,2025-06-13,100.0
V003836,U01936,S0980,114.0,2025-06-18,69.0
V003837,U01096,S0307,187.0,2024-11-23,19.0
V003838,U01098,S0626,73.0,2025-01-21,30.0
V003839,U01720,S0308,500.0,2024-02-02,91.0
V003840,U01662,S0753,62.0,2024-02-06,39.0
V003841,U00380,S0971,188.0,2025-04-16,27.0
V003842,U00186,S0264,19.0,2025-11-05,62.0
V003843,U00644,S0139,41.0,2025-01-28,25.0
V003844,U00089,S0425,125.0,2024-04-11,65.0
V003845,U00791,S0630,219.0,2024-05-15,30.0
V003846,U00890,S0524,500.0,2024-12-06,35.0
V003847,U01389,S0597,199.0,2024-09-26,90.0
V003848,U01298,S0003,500.0,2024-11-13,48.0
V003849,U01203,S0919,219.0,2024-09-24,24.0
V003850,U00461,S0540,500.0,2024-06-20,56.0
V003851,U01466,S0777,109.0,2025-10-05,25.0
V003852,U01578,S0580,500.0,2024-02-25,74.0
V003853,U01068,S0334,70.0,2024-08-02,97.0
V003854,U00874,S0969,500.0,2025-01-27,60.0
V003855,U00709,S0520,500.0,2024-03-17,87.0
V003856,U00088,S0318,500.0,2025-03-14,79.0
V003857,U00190,S0192,500.0,2024-03-22,34.0
V003858,U00520,S0380,9.0,2024-12-13,43.0
V003859,U00237,S0794,500.0,2025-03-25,39.0
V003860,U01376,S0508,500.0,2024-07-30,37.0
V003861,U01614,S0076,500.0,2024-11-08,18.0
V003862,U01503,S0508,131.0,2025-03-22,18.0
V003863,U00573,S0148,43.0,2024-11-22,27.0
V003864,U01302,S0372,500.0,2024-04-07,76.0
V003865,U00946,S0485,500.0,2024-09-08,56.0
V003866,U00369,S0247,500.0,2024-07-06,88.0
V003867,U00734,S0657,44.0,2024-07-02,17.0
V003868,U01672,S0908,500.0,2024-02-23,38.0
V003869,U01493,S0888,91.0,2025-05-21,15.0
V003870,U00756,S0225,153.0,2024-09-13,15.0
V003871,U01225,S0772,219.0,2024-01-13,56.0
V003872,U00646,S0214,500.0,2024-07-21,62.0
V003873,U00580,S0494,500.0,2024-01-06,26.0
V003874,U00873,S0126,219.0,2024-05-22,56.0
V003875,U00785,S0486,87.0,2024-05-26,23.0
V003876,U01496,S0911,56.0,2024-12-16,12.0
V003877,U00090,S0458,500.0,2025-11-06,28.0
V003878,U01786,S0892,500.0,2025-11-05,56.0
V003879,U00621,S0057,190.0,2024-01-17,96.0
V003880,U01159,S0488,500.0,2024-01-19,88.0
V003881,U00444,S0007,108.0,2024-03-21,56.0
V003882,U01298,S0321,500.0,2024-04-17,40.0
V003883,U01846,S0782,500.0,2024-08-16,14.0
V003884,U01242,S0998,37.0,2024-06-28,58.0
V003885,U00631,S0862,500.0,2024-11-29,80.0
V003886,U01501,S0182,500.0,2024-10-31,48.0
V003887,U01846,S0687,83.0,2024-04-10,56.0
V003888,U01564,S0710,183.0,2024-04-25,57.0
V003889,U00579,S0466,500.0,2025-04-26,11.0
V003890,U01878,S0012,500.0,2024-09-21,77.0
V003891,U00286,S0698,500.0,2024-05-25,54.0
V003892,U00879,S0760,500.0,2025-02-11,44.0
V003893,U01770,S0171,500.0,2025-07-06,74.0
V003894,U00060,S0254,500.0,2024-02-17,62.0
V003895,U01848,S0406,500.0,2025-04-14,43.0
V003896,U01123,S0447,185.0,2025-02-07,51.0
V003897,U00487,S0477,208.0,2024-05-28,34.0
V003898,U01912,S0801,87.0,2025-03-30,61.0
V003899,U00019,S0571,500.0,2024-10-02,58.0
V003900,U01975,S0722,169.0,2024-04-23,93.0
V003901,U00562,S0119,8.0,2024-08-24,17.0
V003902,U01880,S0965,500.0,2024-08-19,50.0
V003903,U01429,S0019,500.0,2025-03-28,75.0
V003904,U00371,S0293,37.0,2025-02-24,56.0
V003905,U00583,S0822,79.0,2024-04-28,63.0
V003906,U00997,S0923,500.0,2024-10-21,25.0
V003907,U01354,S0282,500.0,2024-04-10,73.0
V003908,U00999,S0617,500.0,2024-07-01,93.0
V003909,U00407,S0723,200.0,2024-08-19,16.0
V003910,U00057,S0026,500.0,2024-08-03,67.0
V003911,U01401,S0342,70.0,2024-05-31,73.0
V003912,U01087,S0050,95.0,2024-07-03,70.0
V003913,U01951,S0051,500.0,2025-10-04,90.0
V003914,U00508,S0225,192.0,2025-02-19,56.0
V003915,U00840,S0809,54.0,2025-04-23,51.0
V003916,U00811,S0505,10.0,2024-07-27,82.0
V003917,U00789,S0324,219.0,2025-02-28,56.0
V003918,U00541,S0001,209.0,2024-05-24,99.0
V003919,U00739,S0571,219.0,2025-02-18,56.0
V003920,U00712,S0269,89.0,2024-02-04,48.0
V003921,U01420,S0533,157.0,2024-07-20,38.0
V003922,U00257,S0152,500.0,2025-02-21,49.0
V003923,U01896,S0754,87.0,2024-12-20,38.0
V003924,U00318,S0753,81.0,2024-02-03,86.0
V003925,U01785,S0301,500.0,2024-04-15,95.0
V003926,U00666,S0699,500.0,2024-11-11,43.0
V003927,U01906,S0284,125.0,2024-02-06,85.0
V003928,U01016,S0442,171.0,2024-07-10,66.0
V003929,U00606,S0826,219.0,2024-03-31,37.0
V003930,U01566,S0670,115.0,2024-04-28,88.0
V003931,U00126,S0326,500.0,2024-01-29,90.0
V003932,U00180,S0806,500.0,2024-10-11,54.0
V003933,U01254,S0445,83.0,2025-01-18,96.0
V003934,U00223,S0091,138.0,2025-06-21,31.0
V003935,U00084,S0145,500.0,2024-11-02,76.0
V003936,U00358,S0543,36.0,2025-04-14,79.0
V003937,U01708,S0068,211.0,2024-06-03,74.0
V003938,U00153,S0087,50.0,2024-02-21,54.0
V003939,U00222,S0531,500.0,2024-02-09,62.0
V003940,U01037,S0430,78.0,2024-04-11,36.0
V003941,U00533,S0599,500.0,2024-09-23,20.0
V003942,U00580,S0989,132.0,2025-02-03,21.0
V003943,U00586,S0786,160.0,2025-04-02,81.0
V003944,U00055,S0845,500.0,2024-12-27,33.0
V003945,U01706,S0516,161.0,2024-10-12,13.0
V003946,U00828,S0933,82.0,2024-10-23,94.0
V003947,U01739,S0239,144.0,2024-05-30,36.0
V003948,U01429,S0473,500.0,2025-02-02,18.0
V003949,U00072,S0890,500.0,2024-11-16,29.0
V003950,U01809,S0993,109.0,2025-04-03,73.0
V003951,U01184,S0174,500.0,2025-06-15,78.0
V003952,U01036,S0430,219.0,2025-08-05,97.0
V003953,U00963,S0458,44.0,2025-06-23,64.0
V003954,U00698,S0620,99.0,2024-03-10,53.0
V003955,U00153,S0488,48.0,2024-06-08,65.0
V003956,U01645,S0860,219.0,2025-04-21,48.0
V003957,U01483,S0087,220.0,2025-05-06,37.0
V003958,U01393,S0520,22.0,2024-03-19,45.0
V003959,U00478,S0673,5.0,2024-11-10,46.0
V003960,U01844,S0468,500.0,2024-02-03,59.0
V003961,U01241,S0900,500.0,2024-09-27,87.0
V003962,U01655,S0305,37.0,2025-02-13,13.0
V003963,U00629,S0764,211.0,2024-02-25,35.0
V003964,U01405,S0898,177.0,2025-08-05,56.0
V003965,U00808,S0912,17.0,2025-06-02,56.0
V003966,U01991,S0188,500.0,2025-06-24,56.0
V003967,U00218,S0004,500.0,2024-03-05,86.0
V003968,U00327,S0997,182.0,2024-10-30,92.0
V003969,U01230,S0847,14.0,2024-07-31,65.0
V003970,U00438,S0792,141.0,2024-06-28,42.0
V003971,U01430,S0005,178.0,2024-04-24,77.0
V003972,U01660,S0385,500.0,2025-02-04,51.0
V003973,U01794,S0652,500.0,2024-03-13,21.0
V003974,U01669,S0048,219.0,2024-03-15,39.0
V003975,U00328,S0852,500.0,2024-03-21,73.0
V003976,U00448,S0709,500.0,2024-07-13,65.0
V003977,U00431,S0492,500.0,2024-02-13,44.0
V003978,U00494,S0789,134.0,2024-10-28,96.0
V003979,U00467,S0401,500.0,2025-04-29,77.0
V003980,U00631,S0509,210.0,2025-06-06,36.0
V003981,U01640,S0250,15.0,2025-04-12,29.0
V003982,U01789,S0099,173.0,2024-03-09,98.0
V003983,U01999,S0348,500.0,2024-01-10,25.0
V003984,U00494,S0542,69.0,2024-07-10,85.0
V003985,U00374,S0329,152.0,2024-07-15,96.0
V003986,U01414,S0460,211.0,2024-04-07,12.0
V003987,U01866,S0846,93.0,2024-09-30,90.0
V003988,U01935,S0915,500.0,2024-07-18,20.0
V003989,U00110,S0246,193.0,2024-02-13,15.0
V003990,U00677,S0965,67.0,2024-04-11,100.0
V003991,U00499,S0079,500.0,2024-05-20,59.0
V003992,U01131,S0855,500.0,2025-03-25,84.0
V003993,U00255,S0377,49.0,2024-08-03,45.0
V003994,U00227,S0075,500.0,2024-09-18,23.0
V003995,U00921,S0578,500.0,2024-04-27,36.0
V003996,U01229,S0704,87.0,2024-05-25,17.0
V003997,U00049,S0467,166.0,2025-01-05,39.0
V003998,U01387,S0345,500.0,2024-06-04,16.0
V003999,U00202,S0092,92.0,2024-08-25,57.0
V004000,U01426,S0929,500.0,2024-07-03,23.0
V004001,U00042,S0997,178.0,2024-05-26,58.0
V004002,U01232,S0255,500.0,2024-08-24,56.0
V004003,U01235,S0970,173.0,2025-05-27,11.0
V004004,U00280,S0618,152.0,2025-06-21,11.0
V004005,U00980,S0144,500.0,2024-01-10,60.0
V004006,U01027,S0047,500.0,2025-05-13,76.0
V004007,U00143,S0375,500.0,2024-05-22,44.0
V004008,U00602,S0769,35.0,2024-05-26,34.0
V004009,U00854,S0398,500.0,2024-11-10,40.0
V004010,U00463,S0579,210.0,2024-11-21,25.0
V004011,U01772,S0222,137.0,2025-04-11,30.0
V004012,U01160,S0216,500.0,2025-05-28,78.0
V004013,U01743,S0518,195.0,2024-06-21,61.0
V004014,U00474,S0440,500.0,2025-03-02,98.0
V004015,U01010,S0493,500.0,2024-06-13,16.0
V004016,U00271,S0774,218.0,2025-06-19,63.0
V004017,U00574,S0847,122.0,2024-01-17,65.0
V004018,U01745,S0120,102.0,2025-02-26,58.0
V004019,U01176,S0571,106.0,2025-03-04,29.0
V004020,U01500,S0571,500.0,2024-01-14,69.0
V004021,U01200,S0580,21.0,2025-03-25,19.0
V004022,U01395,S0305,43.0,2025-04-13,81.0
V004023,U01214,S0760,58.0,2024-01-23,45.0
V004024,U00725,S0803,500.0,2025-03-03,56.0
V004025,U00356,S0814,45.0,2024-09-17,74.0
V004026,U01237,S0131,500.0,2025-05-20,37.0
V004027,U01794,S0024,42.0,2024-06-23,74.0
V004028,U00980,S0183,193.0,2024-12-22,65.0
V004029,U00170,S0623,205.0,2025-12-06,96.0
V004030,U01625,S0981,30.0,2024-12-30,37.0
V004031,U00565,S0048,500.0,2025-01-26,66.0
V004032,U01874,S0834,40.0,2024-10-28,47.0
V004033,U01399,S0381,500.0,2024-03-01,67.0
V004034,U01439,S0427,500.0,2024-03-28,52.0
V004035,U00115,S0795,500.0,2024-12-04,59.0
V004036,U00718,S0471,205.0,2024-02-10,38.0
V004037,U01781,S0445,500.0,2025-04-16,18.0
V004038,U01305,S0877,163.0,2024-09-09,60.0
V004039,U01116,S0836,500.0,2024-04-11,73.0
V004040,U00591,S0006,169.0,2025-05-31,98.0
V004041,U00778,S0511,500.0,2025-03-19,92.0
V004042,U00433,S0913,500.0,2025-06-02,37.0
V004043,U00638,S0798,91.0,2025-11-05,66.0
V004044,U01423,S0142,126.0,2024-01-13,78.0
V004045,U01076,S0237,500.0,2025-04-17,95.0
V004046,U00751,S0893,31.0,2025-05-26,96.0
V004047,U01334,S0859,500.0,2024-06-08,61.0
V004048,U01943,S0792,500.0,2024-07-12,39.0
V004049,U00493,S0245,173.0,2025-08-06,78.0
V004050,U01604,S0381,500.0,2025-02-16,56.0
V004051,U01470,S0923,500.0,2024-09-05,28.0
V004052,U01309,S0069,47.0,2024-10-28,39.0
V004053,U01468,S0282,184.0,2025-04-08,36.0
V004054,U00307,S0923,212.0,2025-02-08,28.0
V004055,U01479,S0644,175.0,2024-10-09,31.0
V004056,U00047,S0714,500.0,2024-03-14,51.0
V004057,U00149,S0873,218.0,2024-11-12,92.0
V004058,U01571,S0786,196.0,2024-09-23,14.0
V004059,U00161,S0332,179.0,2025-06-01,20.0
V004060,U00801,S0167,146.0,2024-01-20,31.0
V004061,U01330,S0035,500.0,2025-01-12,66.0
V004062,U01504,S0652,500.0,2025-05-24,34.0
V004063,U01053,S0541,500.0,2025-11-02,22.0
V004064,U00733,S0615,500.0,2024-09-17,30.0
V004065,U01247,S0712,500.0,2024-11-16,86.0
V004066,U00043,S0518,210.0,2024-01-22,69.0
V004067,U00787,S0948,144.0,2025-03-14,31.0
V004068,U00858,S0789,500.0,2024-04-13,18.0
V004069,U00750,S0541,113.0,2024-11-23,91.0
V004070,U01528,S0772,198.0,2024-08-24,49.0
V004071,U01840,S0367,500.0,2024-06-09,24.0
V004072,U00694,S0477,208.0,2024-10-03,35.0
V004073,U00505,S0471,204.0,2024-03-04,79.0
V004074,U00434,S0477,219.0,2024-12-20,78.0
V004075,U01095,S0597,5.0,2024-07-10,86.0
V004076,U00137,S0954,500.0,2024-04-15,48.0
V004077,U00650,S0485,500.0,2025-01-25,60.0
V004078,U00977,S0827,500.0,2024-07-15,58.0
V004079,U01323,S0431,131.0,2025-01-18,73.0
V004080,U01776,S0146,500.0,2025-04-09,100.0
V004081,U01190,S0478,500.0,2024-10-26,62.0
V004082,U01147,S0276,219.0,2024-03-15,26.0
V004083,U00555,S0277,500.0,2025-01-26,85.0
V004084,U00169,S0146,9.0,2025-04-03,25.0
V004085,U00435,S0874,98.0,2024-04-24,18.0
V004086,U01436,S0825,500.0,2025-03-23,40.0
V004087,U00557,S0881,500.0,2024-09-26,74.0
V004088,U00304,S0691,170.0,2025-06-05,91.0
V004089,U00704,S0060,500.0,2025-05-24,65.0
V004090,U01836,S0056,500.0,2025-01-17,35.0
V004091,U00390,S0531,157.0,2025-01-06,36.0
V004092,U01772,S0796,55.0,2025-05-29,62.0
V004093,U01942,S0381,42.0,2024-06-05,27.0
V004094,U01723,S0549,500.0,2024-09-30,81.0
V004095,U01788,S0310,500.0,2025-10-05,13.0
V004096,U01391,S0393,500.0,2024-07-18,53.0
V004097,U01696,S0963,58.0,2024-02-28,60.0
V004098,U00340,S0355,195.0,2024-05-19,15.0
V004099,U00101,S0971,500.0,2025-01-06,26.0
V004100,U00364,S0118,500.0,2024-04-09,28.0
V004101,U01797,S0261,122.0,2025-05-21,58.0
V004102,U00753,S0134,500.0,2024-10-06,58.0
V004103,U00531,S0007,500.0,2024-07-17,16.0
V004104,U01890,S0244,500.0,2024-01-04,47.0
V004105,U01242,S0527,19.0,2025-03-01,80.0
V004106,U01921,S0247,500.0,2024-10-14,73.0
V004107,U01756,S0669,500.0,2025-03-25,48.0
V004108,U00353,S0134,500.0,2025-09-06,22.0
V004109,U01813,S0497,500.0,2024-07-09,74.0
V004110,U01217,S0190,219.0,2024-10-24,79.0
V004111,U01912,S0302,500.0,2024-03-10,18.0
V004112,U01954,S0767,500.0,2025-01-06,38.0
V004113,U01224,S0874,65.0,2024-03-05,96.0
V004114,U00094,S0114,500.0,2025-06-10,79.0
V004115,U00535,S0919,500.0,2025-12-03,40.0
V004116,U00350,S0333,218.0,2025-01-02,56.0
V004117,U01278,S0832,500.0,2024-09-25,65.0
V004118,U00534,S0249,500.0,2024-04-25,90.0
V004119,U00707,S0349,22.0,2025-10-05,71.0
V004120,U00370,S0028,101.0,2024-07-26,98.0
V004121,U01198,S0247,500.0,2025-02-23,91.0
V004122,U01335,S0270,500.0,2024-06-02,54.0
V004123,U00927,S0029,143.0,2024-01-12,60.0
V004124,U00953,S0531,94.0,2024-12-17,27.0
V004125,U00299,S0077,500.0,2025-01-29,59.0
V004126,U00521,S0480,500.0,2024-08-03,98.0
V004127,U00061,S0998,500.0,2025-06-18,74.0
V004128,U01817,S0229,500.0,2025-02-04,43.0
V004129,U00947,S0818,500.0,2024-04-27,97.0
V004130,U00558,S0598,138.0,2025-10-05,65.0
V004131,U00882,S0475,500.0,2024-09-17,99.0
V004132,U01889,S0729,111.0,2024-12-19,89.0
V004133,U00619,S0300,500.0,2024-07-05,98.0
V004134,U01636,S0408,500.0,2024-08-18,70.0
V004135,U00233,S0738,500.0,2024-11-17,52.0
V004136,U00528,S0144,500.0,2024-08-14,38.0
V004137,U00530,S0091,39.0,2025-03-29,73.0
V004138,U01976,S0138,19.0,2025-05-05,75.0
V004139,U00168,S0806,500.0,2024-07-14,96.0
V004140,U00180,S0642,60.0,2024-05-14,46.0
V004141,U01100,S0616,12.0,2025-06-24,68.0
V004142,U01042,S0004,71.0,2024-11-01,41.0
V004143,U00216,S0301,61.0,2024-03-03,43.0
V004144,U00318,S0467,500.0,2025-01-26,74.0
V004145,U00286,S0735,167.0,2025-03-29,24.0
V004146,U00037,S0400,102.0,2025-02-17,13.0
V004147,U01729,S0684,103.0,2025-02-01,86.0
V004148,U00509,S0661,500.0,2024-07-05,17.0
V004149,U01167,S0018,500.0,2024-07-23,19.0
V004150,U00353,S0390,500.0,2025-04-26,59.0
V004151,U01414,S0317,139.0,2024-11-22,42.0
V004152,U00336,S0658,127.0,2024-04-04,52.0
V004153,U01811,S0420,500.0,2024-08-03,69.0
V004154,U01210,S0404,10.0,2025-06-12,83.0
V004155,U00610,S0721,86.0,2024-03-25,41.0
V004156,U01998,S0832,500.0,2025-02-23,28.0
V004157,U00558,S0472,500.0,2025-04-14,30.0
V004158,U01912,S0382,9.0,2025-03-13,76.0
V004159,U01924,S0968,500.0,2024-01-27,80.0
V004160,U01704,S0202,19.0,2024-11-28,43.0
V004161,U00898,S0795,33.0,2024-02-25,15.0
V004162,U01267,S0168,500.0,2024-11-26,66.0
V004163,U00285,S0534,500.0,2025-07-06,34.0
V004164,U00846,S0312,500.0,2024-03-11,51.0
V004165,U01286,S0955,500.0,2025-06-20,95.0
V004166,U01344,S0632,500.0,2025-05-16,37.0
V004167,U00691,S0778,500.0,2024-12-06,84.0
V004168,U00882,S0044,500.0,2024-05-02,10.0
V004169,U00914,S0846,100.0,2024-10-04,70.0
V004170,U01069,S0457,8.0,2024-02-28,34.0
V004171,U00090,S0747,47.0,2024-06-17,70.0
V004172,U01868,S0316,500.0,2025-02-05,35.0
V004173,U00240,S0839,500.0,2025-06-13,93.0
V004174,U01763,S0979,500.0,2024-12-24,56.0
V004175,U01231,S0330,187.0,2024-10-09,44.0
V004176,U00608,S0847,500.0,2024-03-01,24.0
V004177,U00454,S0926,154.0,2024-01-20,58.0
V004178,U00830,S0836,219.0,2025-10-03,20.0
V004179,U01527,S0796,142.0,2024-11-26,76.0
V004180,U00409,S0727,97.0,2024-07-26,18.0
V004181,U00309,S0115,500.0,2024-01-23,34.0
V004182,U00618,S0274,500.0,2024-11-25,71.0
V004183,U01154,S0586,500.0,2024-10-05,46.0
V004184,U00680,S0111,500.0,2025-02-19,79.0
V004185,U00246,S0895,500.0,2024-01-02,74.0
V004186,U00821,S0070,206.0,2024-08-11,16.0
V004187,U01253,S0079,62.0,2024-01-15,14.0
V004188,U01492,S0807,500.0,2024-01-10,74.0
V004189,U01673,S0603,500.0,2025-01-24,94.0
V004190,U00818,S0899,217.0,2024-12-11,59.0
V004191,U00078,S0847,214.0,2025-12-03,90.0
V004192,U01726,S0240,500.0,2024-03-10,37.0
V004193,U00640,S0939,500.0,2024-08-02,70.0
V004194,U00112,S0473,204.0,2025-06-14,38.0
V004195,U00350,S0901,500.0,2024-09-15,81.0
V004196,U01377,S0368,500.0,2024-06-11,63.0
V004197,U00137,S0457,174.0,2024-04-29,57.0
V004198,U00153,S0934,81.0,2024-08-08,29.0
V004199,U01492,S0478,500.0,2025-01-17,57.0
V004200,U00065,S0905,500.0,2024-09-22,23.0
V004201,U00451,S0597,88.0,2025-05-04,84.0
V004202,U01546,S0023,500.0,2024-11-24,17.0
V004203,U00620,S0035,51.0,2025-10-04,32.0
V004204,U01778,S0913,48.0,2024-11-30,31.0
V004205,U01997,S0791,500.0,2024-05-05,77.0
V004206,U00948,S0947,211.0,2025-03-18,55.0
V004207,U00785,S0494,6.0,2025-03-16,62.0
V004208,U00232,S0223,114.0,2024-06-14,47.0
V004209,U00276,S0392,500.0,2024-06-28,43.0
V004210,U00946,S0756,132.0,2024-08-20,70.0
V004211,U00172,S0663,62.0,2024-04-15,64.0
V004212,U00867,S0491,100.0,2024-02-18,35.0
V004213,U00299,S0554,500.0,2024-11-28,29.0
V004214,U00482,S0250,149.0,2025-06-03,22.0
V004215,U00859,S0930,219.0,2024-10-16,80.0
V004216,U00670,S0221,79.0,2024-05-12,76.0
V004217,U00998,S0271,500.0,2024-11-23,65.0
V004218,U01873,S0418,500.0,2024-02-23,10.0
V004219,U00006,S0932,143.0,2024-03-28,16.0
V004220,U00662,S0088,35.0,2024-09-23,77.0
V004221,U00574,S0639,500.0,2024-06-26,44.0
V004222,U00813,S0097,500.0,2025-05-26,29.0
V004223,U00447,S0935,15.0,2024-08-11,31.0
V004224,U01799,S0716,42.0,2025-05-29,40.0
V004225,U01338,S0778,122.0,2025-03-02,62.0
V004226,U00959,S0078,500.0,2024-03-15,49.0
V004227,U01140,S0276,212.0,2024-06-02,25.0
V004228,U01570,S0149,500.0,2024-03-14,82.0
V004229,U01089,S0762,500.0,2024-08-28,33.0
V004230,U01609,S0473,58.0,2024-09-13,23.0
V004231,U00271,S0210,197.0,2025-01-31,43.0
V004232,U01586,S0102,77.0,2025-02-16,95.0
V004233,U01583,S0362,500.0,2024-04-05,45.0
V004234,U00574,S0479,500.0,2024-03-02,56.0
V004235,U01387,S0956,500.0,2024-02-13,89.0
V004236,U01262,S0851,500.0,2024-01-19,11.0
V004237,U01046,S0706,42.0,2025-02-22,61.0
V004238,U01420,S0604,500.0,2024-05-14,100.0
V004239,U00490,S0376,15.0,2024-05-09,40.0
V004240,U00715,S0979,68.0,2024-03-29,76.0
V004241,U01937,S0724,500.0,2024-08-08,37.0
V004242,U01818,S0518,500.0,2024-05-18,89.0
V004243,U01097,S0568,213.0,2025-04-27,29.0
V004244,U00610,S0651,500.0,2025-03-18,95.0
V004245,U01695,S0205,193.0,2025-02-20,55.0
V004246,U00549,S0465,500.0,2025-06-17,32.0
V004247,U01822,S0947,500.0,2024-07-11,29.0
V004248,U00945,S0975,176.0,2024-08-31,24.0
V004249,U00889,S0168,500.0,2024-09-17,46.0
V004250,U01995,S0475,500.0,2024-07-25,24.0
V004251,U00833,S0970,500.0,2024-10-13,15.0
V004252,U01248,S0396,163.0,2024-09-24,71.0
V004253,U00063,S0359,110.0,2024-12-20,10.0
V004254,U01939,S0511,42.0,2025-03-29,44.0
V004255,U00042,S0051,196.0,2024-03-27,39.0
V004256,U00394,S0406,84.0,2024-01-14,51.0
V004257,U00011,S0083,500.0,2024-05-26,43.0
V004258,U00626,S0314,500.0,2024-03-21,99.0
V004259,U00994,S0395,500.0,2025-04-25,54.0
V004260,U01033,S0497,500.0,2024-08-03,19.0
V004261,U00226,S0508,46.0,2024-01-09,52.0
V004262,U01363,S0863,40.0,2025-03-18,92.0
V004263,U01468,S0409,77.0,2024-07-31,89.0
V004264,U01519,S0277,173.0,2024-03-14,14.0
V004265,U00801,S0998,500.0,2024-04-10,32.0
V004266,U00258,S0737,500.0,2024-03-26,64.0
V004267,U01744,S0130,500.0,2025-02-02,50.0
V004268,U01813,S0573,500.0,2024-09-17,91.0
V004269,U00584,S0195,191.0,2025-02-28,26.0
V004270,U01207,S0208,500.0,2025-03-28,91.0
V004271,U00994,S0974,500.0,2024-05-05,26.0
V004272,U00329,S0730,500.0,2024-02-01,19.0
V004273,U00047,S0127,500.0,2025-02-02,41.0
V004274,U01797,S0053,219.0,2024-10-22,63.0
V004275,U01015,S0343,176.0,2024-10-22,69.0
V004276,U01180,S0665,119.0,2024-05-13,56.0
V004277,U01860,S0290,500.0,2024-03-25,45.0
V004278,U01119,S0850,500.0,2024-11-19,33.0
V004279,U00152,S0278,9.0,2024-03-22,34.0
V004280,U00387,S0652,500.0,2024-09-12,41.0
V004281,U00282,S0397,134.0,2024-11-12,19.0
V004282,U01732,S0700,15.0,2025-09-06,19.0
V004283,U01255,S0757,500.0,2024-04-12,94.0
V004284,U01652,S0421,500.0,2025-02-01,95.0
V004285,U00745,S0875,64.0,2024-02-04,78.0
V004286,U00527,S0725,213.0,2024-06-30,51.0
V004287,U01985,S0041,500.0,2024-12-15,16.0
V004288,U00838,S0424,500.0,2024-03-15,41.0
V004289,U00345,S0427,500.0,2024-11-03,86.0
V004290,U00132,S0596,500.0,2024-01-23,44.0
V004291,U00927,S0607,94.0,2024-12-20,78.0
V004292,U00419,S0266,145.0,2024-01-09,67.0
V004293,U00739,S0967,500.0,2024-07-20,38.0
V004294,U01832,S0446,500.0,2024-10-17,57.0
V004295,U00037,S0349,86.0,2025-01-15,79.0
V004296,U01616,S0740,174.0,2024-09-11,39.0
V004297,U00931,S0063,207.0,2024-11-30,56.0
V004298,U01546,S0548,189.0,2024-01-02,11.0
V004299,U00985,S0900,500.0,2024-04-02,98.0
V004300,U01052,S0176,71.0,2025-04-02,27.0
V004301,U01168,S0300,500.0,2025-04-11,97.0
V004302,U01156,S0903,126.0,2024-10-12,87.0
V004303,U01524,S0613,199.0,2024-12-23,57.0
V004304,U00785,S0554,192.0,2024-09-18,47.0
V004305,U00073,S0151,12.0,2025-02-22,54.0
V004306,U01059,S0026,44.0,2024-07-27,11.0
V004307,U01400,S0784,500.0,2024-10-11,89.0
V004308,U01453,S0266,136.0,2024-11-27,56.0
V004309,U01933,S0695,500.0,2024-10-04,29.0
V004310,U00659,S0052,52.0,2025-09-01,45.0
V004311,U00595,S0379,215.0,2024-04-17,93.0
V004312,U00810,S0635,500.0,2024-12-17,80.0
V004313,U01070,S0992,500.0,2025-01-25,90.0
V004314,U00594,S0416,197.0,2024-01-31,75.0
V004315,U00168,S0036,119.0,2025-06-11,99.0
V004316,U00097,S0910,87.0,2025-02-17,42.0
V004317,U00089,S0540,49.0,2024-08-07,51.0
V004318,U01714,S0981,500.0,2025-04-08,97.0
V004319,U00571,S0908,500.0,2025-12-06,34.0
V004320,U01734,S0843,500.0,2024-09-27,53.0
V004321,U00246,S0786,500.0,2024-11-30,37.0
V004322,U00435,S0822,500.0,2024-12-15,71.0
V004323,U00573,S0065,218.0,2024-07-31,12.0
V004324,U00688,S0121,135.0,2025-04-24,56.0
V004325,U00940,S0114,500.0,2024-02-16,90.0
V004326,U01328,S0037,219.0,2025-11-03,11.0
V004327,U00799,S0814,500.0,2024-05-18,44.0
V004328,U01109,S0810,32.0,2024-11-19,73.0
V004329,U01393,S0835,500.0,2024-07-23,32.0
V004330,U01894,S0161,151.0,2024-11-03,96.0
V004331,U01545,S0500,500.0,2025-11-06,67.0
V004332,U01843,S0019,219.0,2024-12-03,79.0
V004333,U00395,S0764,500.0,2024-11-08,87.0
V004334,U00966,S0791,500.0,2024-06-22,45.0
V004335,U00946,S0948,104.0,2024-04-10,22.0
V004336,U01923,S0349,141.0,2024-01-28,41.0
V004337,U00090,S0230,111.0,2024-09-23,21.0
V004338,U00541,S0509,500.0,2024-05-03,90.0
V004339,U01320,S0445,500.0,2024-01-10,96.0
V004340,U01080,S0215,500.0,2024-02-07,48.0
V004341,U00010,S0624,147.0,2024-05-30,67.0
V004342,U00491,S0833,152.0,2024-12-25,95.0
V004343,U00027,S0358,500.0,2025-03-26,39.0
V004344,U01934,S0539,171.0,2025-06-24,53.0
V004345,U00312,S0510,500.0,2024-05-06,93.0
V004346,U01628,S0187,500.0,2024-07-29,75.0
V004347,U00726,S0440,500.0,2024-06-22,33.0
V004348,U00329,S0856,151.0,2024-07-22,89.0
V004349,U00238,S0532,170.0,2025-01-24,99.0
V004350,U00387,S0190,46.0,2024-07-02,75.0
V004351,U01508,S0969,500.0,2024-03-26,74.0
V004352,U02000,S0460,500.0,2024-10-17,97.0
V004353,U01570,S0804,500.0,2025-04-20,16.0
V004354,U00931,S0607,71.0,2025-02-21,42.0
V004355,U00532,S0416,219.0,2025-03-30,84.0
V004356,U00982,S0644,98.0,2024-03-22,15.0
V004357,U00538,S0731,86.0,2025-01-19,15.0
V004358,U00196,S0209,69.0,2024-06-12,91.0
V004359,U01337,S0863,31.0,2024-11-30,23.0
V004360,U01873,S0906,500.0,2024-11-12,39.0
V004361,U00960,S0530,190.0,2025-02-19,40.0
V004362,U00731,S0216,500.0,2025-02-08,97.0
V004363,U01723,S0170,500.0,2025-05-02,97.0
V004364,U01020,S0982,214.0,2024-11-11,77.0
V004365,U00564,S0839,206.0,2025-08-03,40.0
V004366,U00227,S0876,43.0,2024-02-13,14.0
V004367,U01376,S0698,30.0,2025-02-24,24.0
V004368,U00035,S0140,500.0,2025-03-05,99.0
V004369,U00276,S0875,7.0,2024-12-14,44.0
V004370,U00756,S0524,219.0,2024-12-31,85.0
V004371,U00401,S0870,109.0,2024-02-03,16.0
V004372,U01789,S0739,96.0,2024-07-14,63.0
V004373,U00381,S0020,500.0,2024-11-07,70.0
V004374,U01424,S0503,219.0,2024-07-16,37.0
V004375,U00071,S0327,500.0,2024-10-13,11.0
V004376,U01905,S0801,500.0,2024-06-13,32.0
V004377,U00413,S0136,500.0,2025-11-06,26.0
V004378,U01377,S0551,500.0,2025-02-23,17.0
V004379,U01344,S0235,500.0,2025-03-21,85.0
V004380,U01260,S0485,53.0,2024-07-20,53.0
V004381,U00677,S0616,113.0,2025-04-16,71.0
V004382,U01901,S0998,500.0,2024-03-07,42.0
V004383,U01601,S0729,500.0,2024-11-15,36.0
V004384,U00713,S0121,500.0,2024-11-08,61.0
V004385,U00150,S0465,27.0,2024-07-22,56.0
V004386,U01076,S0303,155.0,2024-11-25,71.0
V004387,U00828,S0909,500.0,2025-02-28,32.0
V004388,U01923,S0618,88.0,2024-04-25,85.0
V004389,U00228,S0338,500.0,2024-04-11,93.0
V004390,U00149,S0098,213.0,2024-07-19,71.0
V004391,U00330,S0614,93.0,2025-06-05,87.0
V004392,U01531,S0135,115.0,2025-11-01,81.0
V004393,U00924,S0098,500.0,2025-02-04,28.0
V004394,U00588,S0370,182.0,2024-11-22,44.0
V004395,U00445,S0990,500.0,2025-02-21,85.0
V004396,U01818,S0043,500.0,2025-05-26,73.0
V004397,U01043,S0583,8.0,2024-02-25,99.0
V004398,U00470,S0849,72.0,2024-03-27,71.0
V004399,U00649,S0841,10.0,2024-09-14,15.0
V004400,U00344,S0735,500.0,2024-06-20,82.0
V004401,U00767,S0351,500.0,2025-03-10,43.0
V004402,U00348,S0848,151.0,2025-02-23,20.0
V004403,U00476,S0384,179.0,2024-07-04,69.0
V004404,U01144,S0052,500.0,2025-03-19,17.0
V004405,U00762,S0480,119.0,2025-02-01,30.0
V004406,U00831,S0706,219.0,2025-01-22,92.0
V004407,U01194,S0459,137.0,2024-05-30,94.0
V004408,U00688,S0852,218.0,2024-01-24,88.0
V004409,U01247,S0543,218.0,2024-01-26,73.0
V004410,U00465,S0833,500.0,2025-01-12,78.0
V004411,U01868,S0604,500.0,2025-01-20,47.0
V004412,U01091,S0757,15.0,2025-01-31,76.0
V004413,U01445,S0468,500.0,2025-02-28,49.0
V004414,U01014,S0096,90.0,2024-01-24,59.0
V004415,U01811,S0136,34.0,2024-12-16,35.0
V004416,U00237,S0560,500.0,2024-10-26,81.0
V004417,U00339,S0865,500.0,2024-07-24,47.0
V004418,U00989,S0694,500.0,2024-02-17,89.0
V004419,U00225,S0414,66.0,2025-07-05,34.0
V004420,U00447,S0051,500.0,2024-03-17,45.0
V004421,U00339,S0848,82.0,2024-04-01,29.0
V004422,U01716,S0865,61.0,2024-08-16,66.0
V004423,U01313,S0566,177.0,2024-02-09,24.0
V004424,U01500,S0007,500.0,2025-02-19,97.0
V004425,U01980,S0909,500.0,2025-04-14,23.0
V004426,U00460,S0869,98.0,2024-10-10,71.0
V004427,U01166,S0738,500.0,2024-05-15,85.0
V004428,U00525,S0883,500.0,2025-06-06,54.0
V004429,U02000,S0827,84.0,2024-04-26,10.0
V004430,U01429,S0821,198.0,2024-11-04,50.0
V004431,U00192,S0820,500.0,2025-01-03,67.0
V004432,U00252,S0450,500.0,2025-09-06,90.0
V004433,U00826,S0746,45.0,2024-10-15,28.0
V004434,U01430,S0965,219.0,2024-06-10,85.0
V004435,U00465,S0279,6.0,2025-02-04,75.0
V004436,U00420,S0075,212.0,2024-09-12,93.0
V004437,U00524,S0438,500.0,2024-04-27,43.0
V004438,U00917,S0472,500.0,2025-05-06,53.0
V004439,U00542,S0107,500.0,2024-11-02,46.0
V004440,U01555,S0879,74.0,2025-01-09,62.0
V004441,U00032,S0095,500.0,2025-02-14,46.0
V004442,U01999,S0074,500.0,2024-03-11,72.0
V004443,U01617,S0853,177.0,2024-05-04,87.0
V004444,U01773,S0610,500.0,2025-01-13,25.0
V004445,U01505,S0657,500.0,2025-03-31,68.0
V004446,U00025,S0549,500.0,2024-10-23,95.0
V004447,U01473,S0857,500.0,2025-05-19,99.0
V004448,U01292,S0245,196.0,2024-05-10,42.0
V004449,U00597,S0485,196.0,2024-08-19,93.0
V004450,U00675,S0481,68.0,2024-03-13,93.0
V004451,U01028,S0038,500.0,2024-02-06,77.0
V004452,U01888,S0278,500.0,2024-05-17,18.0
V004453,U01029,S0767,120.0,2024-02-28,74.0
V004454,U01178,S0008,71.0,2024-11-21,61.0
V004455,U00412,S0184,500.0,2024-04-26,58.0
V004456,U01721,S0258,200.0,2024-05-01,88.0
V004457,U00246,S0474,110.0,2024-08-28,68.0
V004458,U01389,S0106,167.0,2025-06-23,26.0
V004459,U01323,S0082,32.0,2025-05-31,54.0
V004460,U01862,S0023,500.0,2024-07-25,95.0
V004461,U01021,S0150,86.0,2024-10-30,57.0
V004462,U00772,S0596,101.0,2025-02-28,21.0
V004463,U00636,S0232,500.0,2024-07-10,83.0
V004464,U01682,S0361,500.0,2024-06-16,99.0
V004465,U01121,S0990,70.0,2024-03-01,59.0
V004466,U01075,S0537,138.0,2025-05-06,56.0
V004467,U01505,S0970,500.0,2025-01-19,41.0
V004468,U01035,S0640,500.0,2024-04-17,90.0
V004469,U00351,S0050,45.0,2024-03-06,68.0
V004470,U01689,S0008,42.0,2024-11-09,65.0
V004471,U00356,S0960,207.0,2024-02-28,58.0
V004472,U01192,S0761,47.0,2025-01-19,64.0
V004473,U01294,S0502,500.0,2024-03-21,47.0
V004474,U00736,S0195,500.0,2025-01-25,76.0
V004475,U01064,S0071,210.0,2024-12-29,95.0
V004476,U00673,S0137,8.0,2025-06-01,17.0
V004477,U00351,S0400,500.0,2025-01-25,24.0
V004478,U01352,S0145,500.0,2024-06-22,79.0
V004479,U00127,S0843,119.0,2024-12-14,89.0
V004480,U01148,S0625,213.0,2025-04-13,53.0
V004481,U00063,S0844,500.0,2024-07-19,74.0
V004482,U01195,S1000,169.0,2024-02-23,10.0
V004483,U00800,S0583,11.0,2025-05-21,35.0
V004484,U00513,S0091,500.0,2025-04-05,62.0
V004485,U01407,S0223,132.0,2024-06-12,91.0
V004486,U01118,S0957,500.0,2024-05-22,87.0
V004487,U01698,S0259,500.0,2024-10-19,77.0
V004488,U00633,S0729,191.0,2025-03-26,76.0
V004489,U01163,S0714,500.0,2025-05-17,56.0
V004490,U01868,S0839,500.0,2024-02-15,61.0
V004491,U00475,S0708,500.0,2025-01-10,69.0
V004492,U01104,S0759,500.0,2024-04-16,66.0
V004493,U00492,S0943,180.0,2025-05-18,57.0
V004494,U00488,S0298,189.0,2024-10-05,41.0
V004495,U01776,S0658,151.0,2024-01-30,38.0
V004496,U01237,S0111,500.0,2024-05-16,98.0
V004497,U01405,S0281,500.0,2025-04-04,72.0
V004498,U01292,S0601,500.0,2024-05-12,11.0
V004499,U01680,S0933,202.0,2025-04-22,27.0
V004500,U00665,S0771,500.0,2024-08-29,30.0
V004501,U00322,S0562,85.0,2024-02-09,25.0
V004502,U00915,S0460,500.0,2024-02-02,69.0
V004503,U01273,S0602,13.0,2024-09-29,74.0
V004504,U00657,S0841,65.0,2024-11-30,33.0
V004505,U01214,S0018,127.0,2025-05-19,48.0
V004506,U01655,S0275,500.0,2025-05-23,52.0
V004507,U01518,S0963,28.0,2025-04-30,29.0
V004508,U01993,S0610,500.0,2024-01-02,72.0
V004509,U01367,S0890,500.0,2024-06-20,21.0
V004510,U01035,S0734,136.0,2024-03-06,10.0
V004511,U00640,S0014,500.0,2025-05-13,13.0
V004512,U00198,S0821,500.0,2024-08-29,70.0
V004513,U00421,S0135,78.0,2024-02-05,67.0
V004514,U00114,S0855,500.0,2024-06-06,81.0
V004515,U01838,S0178,124.0,2025-11-04,39.0
V004516,U01704,S0864,80.0,2024-06-08,75.0
V004517,U01953,S0655,500.0,2024-01-22,17.0
V004518,U01794,S0597,17.0,2025-01-17,55.0
V004519,U00875,S0118,500.0,2024-11-11,98.0
V004520,U00470,S0266,500.0,2024-08-28,77.0
V004521,U00712,S0833,500.0,2024-11-24,100.0
V004522,U01898,S0973,84.0,2025-06-19,24.0
V004523,U01594,S0246,500.0,2025-04-04,56.0
V004524,U01971,S0050,157.0,2024-11-13,73.0
V004525,U00541,S0743,8.0,2024-08-02,31.0
V004526,U00035,S0105,500.0,2024-03-06,60.0
V004527,U00963,S0091,500.0,2024-03-07,17.0
V004528,U01195,S0701,62.0,2024-02-12,15.0
V004529,U00819,S0373,500.0,2025-05-23,12.0
V004530,U00112,S0078,500.0,2024-01-04,41.0
V004531,U01516,S0282,500.0,2025-04-06,55.0
V004532,U01424,S0464,500.0,2024-09-03,99.0
V004533,U00099,S0715,174.0,2024-03-30,47.0
V004534,U01644,S0083,500.0,2024-10-28,28.0
V004535,U01292,S0755,500.0,2025-04-23,65.0
V004536,U01245,S0245,210.0,2024-08-15,20.0
V004537,U00158,S0701,175.0,2024-02-20,46.0
V004538,U00970,S0526,500.0,2024-02-20,29.0
V004539,U00177,S0401,28.0,2025-07-01,10.0
V004540,U00604,S0592,219.0,2025-02-06,75.0
V004541,U00817,S0067,116.0,2025-05-20,30.0
V004542,U00420,S0390,204.0,2025-04-10,35.0
V004543,U00859,S0130,500.0,2025-07-01,81.0
V004544,U00452,S0243,500.0,2024-12-10,34.0
V004545,U01876,S0900,55.0,2024-08-29,76.0
V004546,U00047,S0397,500.0,2025-05-16,49.0
V004547,U01262,S0939,500.0,2025-05-23,87.0
V004548,U00286,S0864,500.0,2024-05-05,53.0
V004549,U00709,S0821,500.0,2025-06-07,87.0
V004550,U01665,S0830,128.0,2024-06-21,82.0
V004551,U01009,S0674,126.0,2025-03-13,67.0
V004552,U01944,S0583,49.0,2024-07-17,19.0
V004553,U00694,S0544,48.0,2024-05-08,70.0
V004554,U01653,S0526,10.0,2024-05-26,74.0
V004555,U01122,S0003,500.0,2024-04-17,48.0
V004556,U00297,S0197,19.0,2025-05-17,45.0
V004557,U01737,S0687,165.0,2024-10-07,82.0
V004558,U00522,S0241,204.0,2024-09-12,63.0
V004559,U01653,S0307,183.0,2025-05-19,12.0
V004560,U01447,S0725,85.0,2024-03-22,96.0
V004561,U00007,S0631,87.0,2025-04-01,33.0
V004562,U01334,S0765,500.0,2024-06-23,25.0
V004563,U01456,S0689,176.0,2024-06-05,20.0
V004564,U00182,S0951,96.0,2025-08-01,34.0
V004565,U01428,S0413,500.0,2024-03-28,94.0
V004566,U00369,S0627,500.0,2025-04-28,45.0
V004567,U01902,S0874,219.0,2025-03-31,23.0
V004568,U01907,S0055,500.0,2024-02-15,91.0
V004569,U01528,S0987,500.0,2024-03-03,35.0
V004570,U00464,S0886,79.0,2024-07-03,77.0
V004571,U01979,S0881,108.0,2025-05-06,39.0
V004572,U01577,S0247,207.0,2024-08-16,23.0
V004573,U01271,S0221,500.0,2025-05-12,81.0
V004574,U01544,S0184,500.0,2025-07-05,95.0
V004575,U00964,S0291,35.0,2025-01-11,69.0
V004576,U01028,S0094,500.0,2024-01-22,59.0
V004577,U01662,S0814,500.0,2024-11-25,63.0
V004578,U01527,S0267,500.0,2024-01-13,21.0
V004579,U01085,S0573,94.0,2024-05-21,60.0
V004580,U00581,S0743,500.0,2025-06-02,96.0
V004581,U00904,S0049,500.0,2024-08-05,59.0
V004582,U01394,S0909,162.0,2024-04-20,63.0
V004583,U00401,S0108,26.0,2025-04-25,78.0
V004584,U01624,S0030,87.0,2025-05-01,91.0
V004585,U00652,S0022,125.0,2025-02-17,73.0
V004586,U00769,S0698,500.0,2025-04-04,29.0
V004587,U01077,S0785,75.0,2024-07-28,12.0
V004588,U00310,S0487,500.0,2024-07-09,74.0
V004589,U00070,S0752,164.0,2024-03-22,10.0
V004590,U01399,S0508,500.0,2024-07-14,90.0
V004591,U00704,S0239,500.0,2025-01-16,66.0
V004592,U01788,S0145,71.0,2024-01-04,61.0
V004593,U00572,S0565,500.0,2025-02-20,44.0
V004594,U00111,S0256,29.0,2024-11-26,18.0
V004595,U00668,S0093,87.0,2025-05-12,32.0
V004596,U01969,S0990,500.0,2025-03-06,50.0
V004597,U00512,S0088,43.0,2024-04-06,43.0
V004598,U00078,S0367,500.0,2024-05-20,62.0
V004599,U01583,S0131,219.0,2025-03-13,37.0
V004600,U01051,S0610,500.0,2024-03-20,51.0
V004601,U01620,S0596,169.0,2024-12-30,89.0
V004602,U00804,S0931,500.0,2024-07-01,41.0
V004603,U01309,S0693,74.0,2025-04-22,76.0
V004604,U01670,S0915,500.0,2025-10-05,85.0
V004605,U01886,S0577,500.0,2025-02-25,50.0
V004606,U00434,S0703,500.0,2024-12-17,79.0
V004607,U00101,S0099,16.0,2024-08-09,43.0
V004608,U01243,S0203,117.0,2024-04-19,73.0
V004609,U00141,S0412,500.0,2025-01-13,92.0
V004610,U00552,S0493,116.0,2024-05-26,75.0
V004611,U00657,S0575,500.0,2024-02-04,21.0
V004612,U00847,S0375,174.0,2025-01-23,53.0
V004613,U01796,S0003,500.0,2025-03-31,80.0
V004614,U00656,S0014,500.0,2025-04-04,68.0
V004615,U01852,S0392,500.0,2024-04-23,57.0
V004616,U00372,S0147,219.0,2024-06-06,68.0
V004617,U00082,S0780,132.0,2024-07-16,31.0
V004618,U01705,S0737,500.0,2024-12-20,46.0
V004619,U00632,S0902,90.0,2024-05-12,21.0
V004620,U00360,S0828,219.0,2025-05-01,11.0
V004621,U01188,S0707,207.0,2025-02-27,60.0
V004622,U01986,S0257,500.0,2024-11-10,21.0
V004623,U01975,S0802,500.0,2024-04-30,44.0
V004624,U00631,S0088,14.0,2025-06-23,56.0
V004625,U01575,S0403,500.0,2024-12-02,52.0
V004626,U00744,S0805,25.0,2024-11-21,51.0
V004627,U01481,S0546,500.0,2025-02-15,71.0
V004628,U01765,S0738,500.0,2025-02-11,50.0
V004629,U00853,S0650,132.0,2025-04-26,95.0
V004630,U00413,S0122,219.0,2024-05-16,25.0
V004631,U01807,S0568,500.0,2024-10-01,75.0
V004632,U01928,S0100,500.0,2024-10-22,25.0
V004633,U01782,S0597,500.0,2025-04-15,12.0
V004634,U00004,S0273,500.0,2025-04-04,42.0
V004635,U00040,S0384,150.0,2024-09-07,10.0
V004636,U00243,S0895,500.0,2024-01-04,61.0
V004637,U00636,S0678,59.0,2024-08-04,10.0
V004638,U01097,S0808,500.0,2024-03-13,99.0
V004639,U01939,S0814,500.0,2025-05-04,100.0
V004640,U01728,S0179,500.0,2025-03-18,44.0
V004641,U01435,S0195,500.0,2025-05-02,43.0
V004642,U00537,S0038,86.0,2025-05-16,70.0
V004643,U00054,S0368,134.0,2024-01-13,48.0
V004644,U01886,S0434,35.0,2025-07-06,30.0
V004645,U01112,S0495,500.0,2024-04-24,29.0
V004646,U00234,S0966,500.0,2024-05-22,45.0
V004647,U01352,S0353,184.0,2024-08-14,81.0
V004648,U00138,S0619,145.0,2024-03-12,14.0
V004649,U01723,S0146,500.0,2025-07-03,33.0
V004650,U00794,S0771,500.0,2025-11-03,48.0
V004651,U00051,S0390,500.0,2024-07-25,21.0
V004652,U00118,S0168,500.0,2025-08-01,38.0
V004653,U01515,S0236,500.0,2024-07-30,64.0
V004654,U01064,S0979,205.0,2024-01-30,11.0
V004655,U01603,S0734,162.0,2024-03-01,59.0
V004656,U01316,S0708,500.0,2025-03-13,91.0
V004657,U01914,S0185,161.0,2024-11-27,89.0
V004658,U01207,S0958,500.0,2024-07-11,41.0
V004659,U00282,S0555,104.0,2024-05-26,47.0
V004660,U00262,S0862,500.0,2024-11-27,66.0
V004661,U00318,S0266,500.0,2024-06-29,82.0
V004662,U00958,S0334,500.0,2025-08-04,93.0
V004663,U00751,S0408,153.0,2024-11-01,25.0
V004664,U01767,S0483,121.0,2025-04-20,37.0
V004665,U00462,S0397,500.0,2024-04-21,34.0
V004666,U01986,S0838,500.0,2024-09-28,70.0
V004667,U01283,S0008,500.0,2025-01-19,26.0
V004668,U00980,S0689,133.0,2025-02-24,82.0
V004669,U00415,S0484,19.0,2025-06-16,88.0
V004670,U00905,S0516,500.0,2024-07-09,99.0
V004671,U00749,S0176,500.0,2024-01-01,88.0
V004672,U01041,S0285,500.0,2025-02-19,82.0
V004673,U01290,S0342,500.0,2024-01-29,12.0
V004674,U01624,S0877,500.0,2025-07-04,56.0
V004675,U00061,S0431,163.0,2024-10-09,26.0
V004676,U00654,S0244,165.0,2024-08-17,98.0
V004677,U00972,S0468,187.0,2024-09-03,67.0
V004678,U00867,S0481,150.0,2024-05-12,78.0
V004679,U00286,S0631,130.0,2025-01-18,37.0
V004680,U00565,S0565,500.0,2024-10-19,71.0
V004681,U01260,S0767,500.0,2025-02-04,10.0
V004682,U00249,S0301,34.0,2024-06-03,88.0
V004683,U00497,S0350,500.0,2025-03-31,28.0
V004684,U01569,S0956,125.0,2024-07-02,56.0
V004685,U00323,S0417,57.0,2025-03-31,69.0
V004686,U01164,S0216,218.0,2025-03-10,71.0
V004687,U01055,S0850,65.0,2025-05-10,73.0
V004688,U00460,S0084,219.0,2025-03-08,97.0
V004689,U00293,S0381,500.0,2024-01-28,41.0
V004690,U00961,S0727,500.0,2024-09-06,65.0
V004691,U00809,S0081,500.0,2024-09-29,67.0
V004692,U00722,S0209,500.0,2024-01-04,65.0
V004693,U01606,S0140,68.0,2024-05-05,67.0
V004694,U00102,S0135,180.0,2024-06-22,56.0
V004695,U00740,S0668,132.0,2024-09-08,74.0
V004696,U01517,S0777,500.0,2025-05-17,96.0
V004697,U00096,S0243,500.0,2024-09-12,43.0
V004698,U00761,S0699,500.0,2024-07-12,60.0
V004699,U01076,S0697,500.0,2024-10-31,21.0
V004700,U00446,S0557,500.0,2024-08-20,52.0
V004701,U00733,S0441,115.0,2024-02-26,21.0
V004702,U01917,S0523,500.0,2025-06-19,32.0
V004703,U01665,S0715,189.0,2024-09-03,63.0
V004704,U00381,S0223,14.0,2025-01-28,58.0
V004705,U00354,S0593,500.0,2025-04-14,10.0
V004706,U00965,S0789,7.0,2024-11-05,19.0
V004707,U01151,S0435,175.0,2024-01-27,59.0
V004708,U01502,S0744,500.0,2024-11-10,92.0
V004709,U01881,S0111,173.0,2024-02-28,13.0
V004710,U00933,S0657,500.0,2024-11-07,29.0
V004711,U00532,S0084,8.0,2024-03-14,19.0
V004712,U01422,S0206,500.0,2024-12-08,40.0
V004713,U01826,S0037,122.0,2025-04-04,91.0
V004714,U01796,S0157,106.0,2025-01-05,100.0
V004715,U01143,S0152,500.0,2025-04-14,87.0
V004716,U00377,S0917,500.0,2025-01-21,79.0
V004717,U01686,S0448,196.0,2024-10-04,37.0
V004718,U01510,S0979,500.0,2024-05-15,19.0
V004719,U00996,S0131,110.0,2025-03-23,61.0
V004720,U00946,S0668,65.0,2025-03-10,49.0
V004721,U01213,S0105,500.0,2024-10-20,45.0
V004722,U00276,S0478,219.0,2025-01-05,50.0
V004723,U01688,S0235,108.0,2024-04-16,27.0
V004724,U00015,S0726,500.0,2024-08-29,67.0
V004725,U00650,S0479,12.0,2025-06-06,88.0
V004726,U00908,S0404,217.0,2024-07-19,89.0
V004727,U00267,S0987,500.0,2025-04-27,77.0
V004728,U00130,S0517,500.0,2024-10-18,34.0
V004729,U00491,S0931,500.0,2024-12-26,98.0
V004730,U01707,S0473,500.0,2024-02-23,55.0
V004731,U01774,S0492,500.0,2025-05-06,21.0
V004732,U00308,S0729,188.0,2024-02-16,20.0
V004733,U00045,S0959,113.0,2024-12-05,29.0
V004734,U01401,S0219,500.0,2024-08-04,59.0
V004735,U00192,S0093,95.0,2024-05-02,96.0
V004736,U01937,S0250,500.0,2025-03-17,44.0
V004737,U01242,S0688,39.0,2025-03-03,10.0
V004738,U00861,S0714,500.0,2025-02-05,89.0
V004739,U01905,S0060,187.0,2024-05-06,34.0
V004740,U01982,S0524,500.0,2024-05-24,32.0
V004741,U00434,S0270,500.0,2024-02-06,74.0
V004742,U00385,S0599,500.0,2024-01-12,31.0
V004743,U00639,S0763,500.0,2025-06-14,20.0
V004744,U01421,S0402,117.0,2025-04-28,55.0
V004745,U00054,S0695,500.0,2024-07-01,51.0
V004746,U01151,S0711,187.0,2025-01-14,91.0
V004747,U00665,S0391,16.0,2024-11-07,88.0
V004748,U00209,S0497,95.0,2024-08-07,68.0
V004749,U00223,S0700,500.0,2025-06-02,54.0
V004750,U00221,S0525,141.0,2025-05-14,43.0
V004751,U01965,S0685,500.0,2025-10-01,38.0
V004752,U00053,S0920,500.0,2025-02-06,89.0
V004753,U00482,S0249,70.0,2025-10-06,81.0
V004754,U00282,S0576,112.0,2025-02-27,45.0
V004755,U01914,S0213,127.0,2024-08-23,56.0
V004756,U01263,S0335,500.0,2025-06-16,76.0
V004757,U01210,S0378,215.0,2024-09-25,37.0
V004758,U01255,S0440,500.0,2025-03-14,32.0
V004759,U00081,S0114,500.0,2025-08-03,74.0
V004760,U01875,S0833,5.0,2025-01-26,82.0
V004761,U01025,S0608,500.0,2024-02-01,56.0
V004762,U00039,S0274,138.0,2025-06-19,68.0
V004763,U00427,S0813,59.0,2025-04-30,47.0
V004764,U01716,S0011,138.0,2024-10-27,94.0
V004765,U00486,S0260,133.0,2024-04-17,34.0
V004766,U00774,S0600,500.0,2024-08-31,47.0
V004767,U00808,S0524,85.0,2024-04-12,29.0
V004768,U00608,S0606,500.0,2024-03-26,91.0
V004769,U00805,S0498,500.0,2025-05-03,54.0
V004770,U01989,S0288,219.0,2025-04-30,43.0
V004771,U00179,S0265,39.0,2025-01-02,65.0
V004772,U01746,S0862,196.0,2024-07-01,81.0
V004773,U00288,S0355,500.0,2024-02-29,80.0
V004774,U01831,S0018,117.0,2025-05-25,92.0
V004775,U00282,S0107,136.0,2024-05-25,65.0
V004776,U01886,S0408,500.0,2024-03-29,24.0
V004777,U00767,S0393,81.0,2025-01-20,59.0
V004778,U01216,S0015,500.0,2024-05-24,46.0
V004779,U01909,S0166,500.0,2024-05-17,24.0
V004780,U00714,S0822,500.0,2024-01-17,44.0
V004781,U00321,S0910,500.0,2024-10-18,88.0
V004782,U00070,S0923,219.0,2024-04-26,53.0
V004783,U01041,S0674,500.0,2024-10-24,21.0
V004784,U00795,S0026,110.0,2024-12-07,77.0
V004785,U00479,S0759,75.0,2024-04-02,53.0
V004786,U00762,S0080,500.0,2024-07-03,69.0
V004787,U00009,S0863,500.0,2024-11-04,61.0
V004788,U01948,S0762,500.0,2024-03-05,33.0
V004789,U00063,S0051,100.0,2025-09-06,56.0
V004790,U00211,S0366,500.0,2024-09-04,24.0
V004791,U01983,S0016,500.0,2024-04-06,80.0
V004792,U00642,S0183,500.0,2025-04-14,67.0
V004793,U01979,S0816,500.0,2024-09-14,87.0
V004794,U00305,S0629,33.0,2024-11-26,27.0
V004795,U00046,S0111,128.0,2024-09-21,13.0
V004796,U01880,S0705,500.0,2024-08-16,56.0
V004797,U01873,S0335,500.0,2025-01-15,82.0
V004798,U01196,S0143,207.0,2025-05-25,17.0
V004799,U00232,S0589,82.0,2024-09-10,37.0
V004800,U01243,S0299,500.0,2024-04-03,26.0
V004801,U00064,S0268,500.0,2025-05-25,85.0
V004802,U01888,S0567,500.0,2025-01-16,85.0
V004803,U01183,S0507,500.0,2024-07-12,77.0
V004804,U00533,S0152,175.0,2024-09-28,37.0
V004805,U01952,S0399,144.0,2024-08-31,42.0
V004806,U01962,S0311,214.0,2024-10-06,41.0
V004807,U00055,S0475,500.0,2024-09-21,61.0
V004808,U00126,S0419,500.0,2025-02-10,37.0
V004809,U00793,S0345,500.0,2024-03-30,47.0
V004810,U00907,S0548,500.0,2024-11-01,27.0
V004811,U01065,S0632,199.0,2024-07-21,92.0
V004812,U00249,S0957,500.0,2025-05-16,35.0
V004813,U01987,S0489,29.0,2024-10-10,49.0
V004814,U01330,S0069,500.0,2024-04-24,76.0
V004815,U01454,S0330,500.0,2024-11-06,86.0
V004816,U00688,S0666,141.0,2025-04-23,86.0
V004817,U00225,S0430,500.0,2024-09-27,56.0
V004818,U01737,S0183,500.0,2024-11-08,87.0
V004819,U01667,S0076,191.0,2024-02-25,58.0
V004820,U00728,S0142,48.0,2025-03-19,35.0
V004821,U00906,S0557,500.0,2024-07-26,57.0
V004822,U00129,S0959,500.0,2025-05-26,56.0
V004823,U00636,S0478,500.0,2024-12-30,10.0
V004824,U01973,S0808,144.0,2025-05-22,65.0
V004825,U00711,S0291,80.0,2024-02-11,79.0
V004826,U01321,S0015,500.0,2024-04-24,80.0
V004827,U01445,S0784,199.0,2025-06-17,54.0
V004828,U00941,S0270,135.0,2024-10-13,88.0
V004829,U01785,S0871,55.0,2025-05-03,84.0
V004830,U01211,S0451,500.0,2025-03-26,38.0
V004831,U00102,S0154,87.0,2024-05-18,92.0
V004832,U00428,S0504,32.0,2025-05-27,97.0
V004833,U01102,S0109,500.0,2025-08-04,92.0
V004834,U01869,S0885,30.0,2025-07-02,54.0
V004835,U00806,S0959,117.0,2025-01-17,23.0
V004836,U01221,S0221,134.0,2024-01-16,53.0
V004837,U01122,S0867,218.0,2024-01-26,33.0
V004838,U01091,S0805,500.0,2024-08-14,23.0
V004839,U00280,S0637,500.0,2025-02-20,37.0
V004840,U01962,S0674,42.0,2025-01-01,95.0
V004841,U00888,S0698,500.0,2024-04-14,95.0
V004842,U01683,S0002,126.0,2024-12-16,93.0
V004843,U01177,S0374,166.0,2024-04-21,72.0
V004844,U01741,S0507,500.0,2024-01-03,83.0
V004845,U00406,S0288,500.0,2025-04-01,57.0
V004846,U00181,S0756,26.0,2024-06-22,43.0
V004847,U01963,S0540,500.0,2024-06-26,41.0
V004848,U00796,S0814,500.0,2024-07-16,16.0
V004849,U00967,S0369,500.0,2024-02-25,42.0
V004850,U00035,S0329,49.0,2024-01-14,52.0
V004851,U00031,S0393,500.0,2025-04-14,70.0
V004852,U01603,S0196,219.0,2024-08-04,69.0
V004853,U01859,S0875,111.0,2025-12-05,66.0
V004854,U00045,S0751,500.0,2024-04-25,86.0
V004855,U00608,S0746,162.0,2025-08-03,20.0
V004856,U01788,S0406,15.0,2024-06-13,87.0
V004857,U00927,S0705,188.0,2025-04-25,56.0
V004858,U01204,S0417,26.0,2024-11-09,77.0
V004859,U00573,S0562,500.0,2024-07-16,10.0
V004860,U00808,S0204,167.0,2024-05-16,92.0
V004861,U00297,S0014,500.0,2024-09-13,70.0
V004862,U00127,S0125,500.0,2025-10-04,74.0
V004863,U00489,S0482,37.0,2024-06-07,17.0
V004864,U00880,S0276,128.0,2025-02-05,47.0
V004865,U00067,S0212,140.0,2024-09-01,49.0
V004866,U00324,S0629,173.0,2025-05-29,52.0
V004867,U01098,S0060,219.0,2024-07-27,37.0
V004868,U00924,S0855,87.0,2024-03-19,96.0
V004869,U01714,S0726,140.0,2024-12-07,98.0
V004870,U01177,S0478,143.0,2024-07-08,19.0
V004871,U01051,S0190,148.0,2024-09-05,27.0
V004872,U00514,S0154,500.0,2025-03-23,69.0
V004873,U00624,S0309,157.0,2024-07-16,35.0
V004874,U01674,S0379,500.0,2024-01-02,55.0
V004875,U01546,S0754,500.0,2024-10-05,97.0
V004876,U00661,S0384,155.0,2024-08-02,31.0
V004877,U00505,S0738,500.0,2024-04-07,65.0
V004878,U01051,S0838,219.0,2025-02-18,88.0
V004879,U01506,S0783,500.0,2024-01-03,24.0
V004880,U00899,S0999,163.0,2024-05-12,19.0
V004881,U01318,S0722,64.0,2024-05-23,11.0
V004882,U00407,S0697,74.0,2024-11-27,93.0
V004883,U00828,S0108,97.0,2024-12-05,21.0
V004884,U00595,S0904,500.0,2024-07-08,92.0
V004885,U01784,S0311,500.0,2024-09-08,54.0
V004886,U00598,S0274,87.0,2024-12-18,98.0
V004887,U01986,S0701,124.0,2024-10-10,74.0
V004888,U01600,S0183,500.0,2024-05-11,65.0
V004889,U00805,S0201,500.0,2024-11-12,52.0
V004890,U00334,S0383,164.0,2024-11-14,38.0
V004891,U00289,S0832,500.0,2025-05-17,68.0
V004892,U01158,S0912,500.0,2024-02-06,52.0
V004893,U00791,S0621,500.0,2024-09-08,29.0
V004894,U01493,S0724,500.0,2025-01-01,68.0
V004895,U01625,S0331,184.0,2024-10-29,48.0
V004896,U00718,S0631,500.0,2024-01-22,15.0
V004897,U00736,S0337,500.0,2025-10-02,95.0
V004898,U01232,S0368,500.0,2024-07-04,54.0
V004899,U00834,S0520,210.0,2024-05-17,30.0
V004900,U01165,S0904,135.0,2024-06-02,13.0
V004901,U00859,S0919,500.0,2024-12-25,80.0
V004902,U00294,S0222,500.0,2024-07-06,20.0
V004903,U01706,S0173,500.0,2024-08-01,40.0
V004904,U01224,S0605,62.0,2024-05-02,56.0
V004905,U00292,S0418,171.0,2024-02-07,90.0
V004906,U00946,S0920,500.0,2025-02-28,45.0
V004907,U01376,S0048,500.0,2025-05-29,65.0
V004908,U00934,S0205,88.0,2024-05-24,56.0
V004909,U01949,S0932,182.0,2024-08-28,37.0
V004910,U01678,S0706,500.0,2024-06-14,56.0
V004911,U01220,S0752,500.0,2025-02-18,54.0
V004912,U00012,S0152,37.0,2024-08-04,18.0
V004913,U01723,S0035,500.0,2025-02-13,93.0
V004914,U00021,S0342,500.0,2024-06-22,56.0
V004915,U00054,S0155,500.0,2024-12-09,60.0
V004916,U00571,S0611,500.0,2024-12-21,25.0
V004917,U00793,S0098,212.0,2024-02-29,43.0
V004918,U01393,S0745,13.0,2025-01-05,96.0
V004919,U01674,S0312,162.0,2024-11-10,45.0
V004920,U01279,S0736,500.0,2024-02-12,25.0
V004921,U01952,S0872,500.0,2024-02-02,31.0
V004922,U00885,S0077,500.0,2024-08-12,25.0
V004923,U00477,S0386,500.0,2024-04-13,66.0
V004924,U01847,S0244,131.0,2024-02-21,69.0
V004925,U01056,S0956,188.0,2025-04-25,96.0
V004926,U00026,S0715,500.0,2024-10-10,73.0
V004927,U00057,S0965,150.0,2024-09-12,96.0
V004928,U01794,S0433,500.0,2024-11-02,99.0
V004929,U00496,S0855,500.0,2024-02-03,75.0
V004930,U00618,S0622,95.0,2025-03-28,95.0
V004931,U00256,S0614,500.0,2024-06-29,83.0
V004932,U00518,S0303,500.0,2024-09-17,47.0
V004933,U00048,S0570,115.0,2024-06-04,92.0
V004934,U00048,S0521,125.0,2024-10-04,37.0
V004935,U01697,S0297,54.0,2024-12-20,43.0
V004936,U01246,S0581,500.0,2024-05-29,12.0
V004937,U01314,S0009,500.0,2024-05-13,55.0
V004938,U01820,S0265,160.0,2024-01-09,86.0
V004939,U00147,S0737,500.0,2024-11-25,50.0
V004940,U00936,S0674,500.0,2025-03-06,62.0
V004941,U01942,S0953,500.0,2025-04-30,32.0
V004942,U00734,S0446,87.0,2024-05-24,42.0
V004943,U00672,S0375,198.0,2024-02-03,17.0
V004944,U00368,S0905,500.0,2024-09-18,86.0
V004945,U01881,S0596,62.0,2024-05-20,23.0
V004946,U00613,S0638,73.0,2024-11-22,20.0
V004947,U01621,S0546,112.0,2025-01-26,56.0
V004948,U00350,S0507,500.0,2024-05-09,87.0
V004949,U01503,S0917,500.0,2024-04-13,56.0
V004950,U00953,S0011,500.0,2025-04-23,95.0
V004951,U01560,S0296,70.0,2024-07-23,27.0
V004952,U00881,S0307,15.0,2024-07-10,82.0
V004953,U00736,S0740,55.0,2024-04-19,42.0
V004954,U00739,S0128,219.0,2024-03-20,36.0
V004955,U00274,S0077,500.0,2024-11-09,56.0
V004956,U01811,S0211,500.0,2025-06-15,97.0
V004957,U01252,S0700,500.0,2024-04-20,31.0
V004958,U01190,S0609,500.0,2024-03-05,15.0
V004959,U01457,S0803,500.0,2024-12-06,60.0
V004960,U01525,S0001,165.0,2024-04-02,56.0
V004961,U01144,S0564,500.0,2025-06-07,67.0
V004962,U00235,S0396,500.0,2024-10-26,91.0
V004963,U00120,S0408,219.0,2024-02-17,40.0
V004964,U00878,S0084,500.0,2024-05-12,86.0
V004965,U00461,S0049,500.0,2024-12-06,42.0
V004966,U00826,S0302,189.0,2025-06-20,99.0
V004967,U00899,S0741,500.0,2024-10-31,35.0
V004968,U01660,S0150,500.0,2025-01-12,30.0
V004969,U00685,S0783,500.0,2025-03-19,32.0
V004970,U01584,S0715,131.0,2025-10-04,88.0
V004971,U00019,S0681,500.0,2025-01-21,56.0
V004972,U00637,S0255,54.0,2024-11-13,63.0
V004973,U00824,S0186,500.0,2024-09-20,57.0
V004974,U00718,S0986,500.0,2025-09-06,76.0
V004975,U01523,S0559,500.0,2024-11-28,40.0
V004976,U00955,S0262,500.0,2024-04-30,68.0
V004977,U00676,S0451,500.0,2025-06-22,91.0
V004978,U01672,S0143,39.0,2025-02-16,39.0
V004979,U01836,S0899,93.0,2025-06-23,50.0
V004980,U00312,S0199,126.0,2024-09-20,46.0
V004981,U01425,S0192,219.0,2024-12-19,66.0
V004982,U01331,S0843,500.0,2025-02-25,18.0
V004983,U00179,S0820,500.0,2024-05-09,66.0
V004984,U00805,S0142,500.0,2024-12-16,56.0
V004985,U01734,S0781,146.0,2024-09-16,55.0
V004986,U01124,S0104,113.0,2024-09-16,89.0
V004987,U00229,S0532,500.0,2024-02-25,97.0
V004988,U01722,S0778,500.0,2024-05-02,55.0
V004989,U00482,S0492,160.0,2025-05-11,53.0
V004990,U00110,S0042,97.0,2024-04-25,72.0
V004991,U00046,S0551,500.0,2025-02-22,50.0
V004992,U00785,S0151,42.0,2025-03-03,49.0
V004993,U00684,S0216,165.0,2025-03-08,27.0
V004994,U00113,S0774,157.0,2024-04-01,21.0
V004995,U01977,S0681,500.0,2025-05-20,19.0
V004996,U00640,S0789,500.0,2024-12-20,92.0
V004997,U00803,S0770,500.0,2024-02-09,70.0
V004998,U01290,S0554,500.0,2024-04-29,12.0
V004999,U00007,S0404,11.0,2024-06-17,75.0
V005000,U01249,S0446,160.0,2024-01-25,41.0
V005001,U01762,S0721,500.0,2024-09-24,56.0
V005002,U00874,S0664,51.0,2024-08-05,83.0
V005003,U00754,S0692,500.0,2024-06-30,49.0
V005004,U00732,S0005,219.0,2025-04-27,35.0
V005005,U01107,S0687,94.0,2025-09-02,32.0
V005006,U00827,S0557,500.0,2024-06-02,39.0
V005007,U00832,S0576,114.0,2024-01-27,63.0
V005008,U01932,S0578,21.0,2025-04-26,60.0
V005009,U01892,S0940,500.0,2024-09-22,14.0
V005010,U01012,S0099,210.0,2024-04-04,55.0
V005011,U01452,S0055,81.0,2025-05-05,22.0
V005012,U00985,S0281,74.0,2024-09-19,67.0
V005013,U00352,S0956,500.0,2024-03-02,42.0
V005014,U00888,S0281,26.0,2025-02-02,87.0
V005015,U00758,S0326,500.0,2025-01-16,95.0
V005016,U01348,S0793,184.0,2025-11-03,62.0
V005017,U01214,S0683,59.0,2024-12-11,74.0
V005018,U00198,S0683,500.0,2025-02-13,91.0
V005019,U00375,S0333,108.0,2024-11-29,56.0
V005020,U00732,S0676,81.0,2024-04-18,84.0
V005021,U00283,S0241,500.0,2025-02-01,22.0
V005022,U00588,S0813,152.0,2024-04-14,77.0
V005023,U01652,S0141,87.0,2024-06-29,41.0
V005024,U01045,S0685,500.0,2025-04-22,93.0
V005025,U01797,S0548,500.0,2024-06-13,55.0
V005026,U00836,S0659,500.0,2024-10-01,84.0
V005027,U01201,S0239,500.0,2025-06-24,59.0
V005028,U00082,S0534,105.0,2024-01-14,91.0
V005029,U00068,S0935,500.0,2025-01-12,55.0
V005030,U00794,S0171,64.0,2024-11-22,70.0
V005031,U00659,S0128,143.0,2024-12-27,73.0
V005032,U01278,S0186,106.0,2024-04-12,18.0
V005033,U00655,S0883,27.0,2024-11-11,97.0
V005034,U00618,S0224,138.0,2024-10-06,23.0
V005035,U01206,S0288,119.0,2024-07-11,56.0
V005036,U01115,S0299,184.0,2024-12-31,91.0
V005037,U00363,S0601,500.0,2024-02-12,29.0
V005038,U00424,S0399,219.0,2024-05-28,80.0
V005039,U00697,S0120,500.0,2024-05-22,63.0
V005040,U00987,S0193,500.0,2024-04-07,36.0
V005041,U01428,S0058,500.0,2025-06-06,33.0
V005042,U01235,S0256,33.0,2025-03-04,47.0
V005043,U01898,S0442,101.0,2024-09-08,66.0
V005044,U00489,S0376,214.0,2025-03-24,70.0
V005045,U00396,S0357,100.0,2024-06-20,52.0
V005046,U01469,S0397,146.0,2024-02-26,27.0
V005047,U00222,S0746,500.0,2024-10-04,12.0
V005048,U01204,S0735,175.0,2025-04-02,77.0
V005049,U00258,S0326,76.0,2024-04-20,75.0
V005050,U01056,S0631,500.0,2025-02-28,74.0
V005051,U01784,S0410,500.0,2024-06-18,33.0
V005052,U01984,S0695,137.0,2024-07-04,56.0
V005053,U01536,S0091,67.0,2024-10-11,67.0
V005054,U00802,S0062,114.0,2025-01-14,30.0
V005055,U00505,S0007,500.0,2025-04-01,70.0
V005056,U01732,S0093,500.0,2024-06-09,29.0
V005057,U01515,S0435,500.0,2025-04-02,11.0
V005058,U00357,S0905,500.0,2024-06-21,32.0
V005059,U00912,S0297,22.0,2024-06-26,30.0
V005060,U00973,S0455,101.0,2025-11-04,52.0
V005061,U01373,S0978,500.0,2024-01-15,98.0
V005062,U00576,S0004,52.0,2024-02-12,46.0
V005063,U01927,S0951,181.0,2024-07-08,18.0
V005064,U00863,S0246,500.0,2024-11-16,39.0
V005065,U01636,S0390,500.0,2025-08-01,37.0
V005066,U00538,S0039,500.0,2024-01-01,52.0
V005067,U01698,S0306,500.0,2025-08-06,31.0
V005068,U01729,S0228,179.0,2024-12-17,53.0
V005069,U01014,S0438,200.0,2025-05-05,64.0
V005070,U01372,S0202,107.0,2025-04-05,87.0
V005071,U00763,S0545,500.0,2024-10-01,76.0
V005072,U00843,S0363,500.0,2025-01-12,40.0
V005073,U00989,S0610,141.0,2024-09-11,68.0
V005074,U01176,S0842,500.0,2024-07-20,43.0
V005075,U01272,S0962,500.0,2024-02-27,65.0
V005076,U01849,S0098,500.0,2024-03-11,51.0
V005077,U01016,S0056,210.0,2025-02-21,18.0
V005078,U01250,S0499,110.0,2024-09-25,72.0
V005079,U00806,S0413,212.0,2024-02-23,57.0
V005080,U00325,S0227,500.0,2024-05-13,84.0
V005081,U01589,S0069,50.0,2024-08-14,14.0
V005082,U01168,S0066,22.0,2025-03-28,27.0
V005083,U01075,S0928,500.0,2024-07-09,86.0
V005084,U01963,S0182,152.0,2024-03-31,16.0
V005085,U01668,S0631,500.0,2024-03-17,83.0
V005086,U00046,S0468,500.0,2025-04-02,10.0
V005087,U00202,S0811,500.0,2024-12-09,88.0
V005088,U01053,S0548,500.0,2024-11-11,12.0
V005089,U01628,S0544,500.0,2024-04-14,92.0
V005090,U00316,S0422,500.0,2024-02-05,90.0
V005091,U00332,S0741,151.0,2025-06-02,43.0
V005092,U00866,S0534,500.0,2024-03-22,82.0
V005093,U00578,S0350,500.0,2024-09-11,75.0
V005094,U01838,S0322,500.0,2025-03-04,43.0
V005095,U00935,S0598,106.0,2025-01-15,79.0
V005096,U01872,S0331,41.0,2024-11-05,12.0
V005097,U00460,S0830,58.0,2025-03-22,66.0
V005098,U00196,S0821,90.0,2024-07-20,40.0
V005099,U01045,S0376,500.0,2024-09-02,70.0
V005100,U01807,S0795,204.0,2025-05-16,77.0
V005101,U01457,S0186,500.0,2025-02-21,85.0
V005102,U01284,S0181,132.0,2025-05-06,14.0
V005103,U01120,S0904,500.0,2024-08-09,67.0
V005104,U00327,S0964,219.0,2024-05-30,25.0
V005105,U01411,S0018,219.0,2024-01-12,15.0
V005106,U00573,S0055,172.0,2024-05-06,99.0
V005107,U01525,S0589,13.0,2025-03-12,33.0
V005108,U01887,S0511,75.0,2024-12-04,95.0
V005109,U00994,S0133,173.0,2024-05-19,47.0
V005110,U01093,S0232,500.0,2024-02-08,87.0
V005111,U00082,S0240,49.0,2024-10-02,24.0
V005112,U00652,S0971,500.0,2024-09-02,67.0
V005113,U00361,S0811,38.0,2024-02-28,82.0
V005114,U00675,S0014,500.0,2024-05-17,58.0
V005115,U00751,S0694,105.0,2024-04-05,42.0
V005116,U01557,S0499,193.0,2025-03-20,69.0
V005117,U01790,S0606,500.0,2025-03-07,20.0
V005118,U01761,S0628,219.0,2025-06-09,45.0
V005119,U01440,S0137,190.0,2025-07-05,76.0
V005120,U01196,S0026,500.0,2024-02-24,53.0
V005121,U01510,S0477,500.0,2024-03-29,59.0
V005122,U00812,S0310,500.0,2025-02-21,20.0
V005123,U00283,S0915,187.0,2025-08-05,38.0
V005124,U01524,S0604,500.0,2024-10-17,72.0
V005125,U01495,S0298,197.0,2025-05-02,13.0
V005126,U01080,S0876,180.0,2025-01-25,78.0
V005127,U00342,S0408,203.0,2025-04-15,54.0
V005128,U00865,S0319,500.0,2025-04-18,83.0
V005129,U01704,S0151,212.0,2024-06-29,48.0
V005130,U00688,S0259,137.0,2024-11-04,90.0
V005131,U00379,S0755,500.0,2024-08-26,83.0
V005132,U01577,S0215,189.0,2025-03-21,28.0
V005133,U00524,S0724,149.0,2025-05-08,15.0
V005134,U01563,S0735,181.0,2025-08-05,82.0
V005135,U01863,S0678,75.0,2024-10-21,87.0
V005136,U01124,S0055,120.0,2024-03-09,79.0
V005137,U01240,S0237,500.0,2024-07-08,26.0
V005138,U00807,S0351,59.0,2024-06-05,61.0
V005139,U00808,S0178,125.0,2025-03-30,95.0
V005140,U00391,S0810,500.0,2024-07-16,91.0
V005141,U00966,S0762,500.0,2024-07-04,28.0
V005142,U00765,S0168,500.0,2024-09-24,86.0
V005143,U01231,S0370,29.0,2025-05-01,56.0
V005144,U00172,S0332,500.0,2024-08-15,88.0
V005145,U01463,S0129,219.0,2025-06-10,25.0
V005146,U01029,S0757,500.0,2024-02-28,61.0
V005147,U01060,S0666,500.0,2024-04-26,76.0
V005148,U00598,S0911,500.0,2024-03-21,20.0
V005149,U01721,S0671,500.0,2024-02-15,50.0
V005150,U01523,S0344,500.0,2025-03-25,76.0
V005151,U00733,S0997,35.0,2024-12-07,12.0
V005152,U01003,S0941,500.0,2024-06-12,69.0
V005153,U01726,S0373,500.0,2024-11-09,89.0
V005154,U00711,S0062,500.0,2024-05-07,17.0
V005155,U01183,S0849,219.0,2025-05-06,56.0
V005156,U00304,S0486,500.0,2024-12-29,45.0
V005157,U00764,S0057,500.0,2024-08-01,80.0
V005158,U00360,S0996,93.0,2024-02-29,51.0
V005159,U01284,S0412,500.0,2025-03-14,100.0
V005160,U00559,S0495,81.0,2025-04-02,29.0
V005161,U01104,S0406,500.0,2024-11-21,29.0
V005162,U01798,S0168,32.0,2024-07-08,68.0
V005163,U01915,S0006,97.0,2024-10-09,95.0
V005164,U00947,S0635,500.0,2024-01-14,19.0
V005165,U01254,S0921,131.0,2025-01-31,48.0
V005166,U01339,S0102,53.0,2025-02-06,27.0
V005167,U01350,S0483,30.0,2025-05-25,37.0
V005168,U01611,S0864,500.0,2025-03-22,74.0
V005169,U00574,S0707,500.0,2024-02-19,65.0
V005170,U01132,S0420,500.0,2025-05-24,82.0
V005171,U01870,S0078,219.0,2024-02-09,58.0
V005172,U01337,S0011,201.0,2025-09-05,92.0
V005173,U00014,S0148,70.0,2025-04-02,75.0
V005174,U00670,S0253,54.0,2024-09-15,44.0
V005175,U01359,S0199,500.0,2025-03-27,45.0
V005176,U01111,S0886,182.0,2024-07-25,70.0
V005177,U00882,S0626,500.0,2024-12-10,40.0
V005178,U00978,S0861,500.0,2024-05-22,84.0
V005179,U00653,S0143,122.0,2025-06-18,11.0
V005180,U01167,S0104,219.0,2024-05-09,84.0
V005181,U00521,S0228,119.0,2024-04-14,13.0
V005182,U00393,S0313,26.0,2024-10-07,57.0
V005183,U00679,S0162,500.0,2024-03-04,32.0
V005184,U00093,S0821,500.0,2024-05-13,73.0
V005185,U01061,S0522,500.0,2025-06-23,13.0
V005186,U00642,S0429,500.0,2025-01-30,47.0
V005187,U01739,S0243,194.0,2025-03-29,23.0
V005188,U01746,S0958,180.0,2024-08-02,29.0
V005189,U01259,S0773,40.0,2024-02-19,75.0
V005190,U00401,S0476,109.0,2025-04-18,22.0
V005191,U00037,S0099,500.0,2024-04-17,22.0
V005192,U01811,S0743,500.0,2025-04-25,80.0
V005193,U00145,S0298,114.0,2024-04-17,23.0
V005194,U01642,S0006,500.0,2024-11-11,18.0
V005195,U01562,S0576,171.0,2025-03-09,61.0
V005196,U01075,S0282,143.0,2024-01-13,14.0
V005197,U01016,S0331,500.0,2025-01-13,51.0
V005198,U01615,S0940,90.0,2024-05-31,65.0
V005199,U00352,S0275,177.0,2024-01-28,86.0
V005200,U00429,S0754,500.0,2024-11-25,86.0
V005201,U01810,S0726,31.0,2024-07-10,62.0
V005202,U00761,S0508,500.0,2024-02-05,41.0
V005203,U00820,S0864,500.0,2025-01-17,67.0
V005204,U01317,S0530,500.0,2024-02-23,56.0
V005205,U00610,S0035,61.0,2024-03-14,56.0
V005206,U00511,S0130,500.0,2024-04-02,39.0
V005207,U00498,S0060,500.0,2024-06-28,18.0
V005208,U00044,S0223,75.0,2024-01-27,11.0
V005209,U00822,S0679,178.0,2024-06-21,36.0
V005210,U00903,S0362,187.0,2024-02-17,24.0
V005211,U01172,S0052,132.0,2024-05-19,29.0
V005212,U00078,S0499,198.0,2024-01-09,58.0
V005213,U00879,S0764,500.0,2024-03-01,50.0
V005214,U00524,S0748,52.0,2024-05-10,21.0
V005215,U00751,S0541,500.0,2025-06-23,50.0
V005216,U01163,S0465,500.0,2025-01-14,43.0
V005217,U00009,S0967,137.0,2024-03-14,28.0
V005218,U01634,S0827,147.0,2024-01-18,52.0
V005219,U01344,S0583,500.0,2024-07-02,94.0
V005220,U00856,S0756,164.0,2024-11-16,19.0
V005221,U00798,S0419,172.0,2025-03-27,66.0
V005222,U00790,S0169,500.0,2024-11-27,75.0
V005223,U01488,S0326,500.0,2024-06-16,31.0
V005224,U01711,S0039,22.0,2024-11-12,100.0
V005225,U00929,S0853,188.0,2025-10-06,28.0
V005226,U00397,S0786,10.0,2024-08-28,36.0
V005227,U01386,S0975,18.0,2024-03-23,37.0
V005228,U01609,S0948,33.0,2024-07-14,79.0
V005229,U01553,S0241,206.0,2025-04-19,35.0
V005230,U00906,S0518,500.0,2025-11-05,23.0
V005231,U00611,S0631,500.0,2024-03-06,48.0
V005232,U00928,S0969,500.0,2024-12-04,72.0
V005233,U01749,S0720,500.0,2025-06-22,91.0
V005234,U01274,S0430,139.0,2024-10-06,39.0
V005235,U01549,S0010,49.0,2025-08-04,11.0
V005236,U00771,S0920,167.0,2025-03-22,92.0
V005237,U00729,S0509,500.0,2025-02-03,18.0
V005238,U00024,S0237,108.0,2024-11-04,34.0
V005239,U00434,S0367,140.0,2025-06-13,59.0
V005240,U01157,S0035,126.0,2025-10-06,52.0
V005241,U01790,S0196,185.0,2024-05-16,10.0
V005242,U00986,S0271,27.0,2025-04-26,35.0
V005243,U01186,S0780,500.0,2024-01-23,54.0
V005244,U00313,S0803,203.0,2024-11-26,45.0
V005245,U00065,S0445,154.0,2024-09-17,80.0
V005246,U01281,S0255,500.0,2025-01-08,72.0
V005247,U00210,S0154,500.0,2024-02-07,99.0
V005248,U00614,S0135,89.0,2025-04-22,69.0
V005249,U01100,S0014,130.0,2025-01-29,63.0
V005250,U00027,S0670,67.0,2024-08-16,13.0
V005251,U01572,S0767,60.0,2025-05-01,16.0
V005252,U00178,S0833,109.0,2024-02-28,70.0
V005253,U00240,S0839,219.0,2024-02-20,33.0
V005254,U01848,S0776,500.0,2025-05-16,89.0
V005255,U01384,S0322,500.0,2025-04-19,42.0
V005256,U00396,S0396,189.0,2024-07-31,32.0
V005257,U00880,S0104,500.0,2024-11-05,89.0
V005258,U01678,S0872,159.0,2024-08-14,72.0
V005259,U01665,S0239,500.0,2025-07-01,78.0
V005260,U00419,S0202,500.0,2024-05-22,83.0
V005261,U01743,S0760,180.0,2024-03-29,12.0
V005262,U01613,S0139,160.0,2024-05-23,55.0
V005263,U01700,S0117,500.0,2025-03-11,53.0
V005264,U00120,S0150,500.0,2024-06-23,80.0
V005265,U01308,S0189,500.0,2024-11-18,92.0
V005266,U00696,S0198,500.0,2024-12-09,60.0
V005267,U01514,S0529,500.0,2025-04-23,95.0
V005268,U01633,S0166,35.0,2024-12-05,22.0
V005269,U01661,S0556,38.0,2025-04-21,14.0
V005270,U00940,S0110,500.0,2024-02-14,95.0
V005271,U00175,S0588,500.0,2024-11-04,74.0
V005272,U00375,S0862,500.0,2024-03-18,28.0
V005273,U01665,S0920,500.0,2024-02-20,19.0
V005274,U01569,S0687,500.0,2024-02-12,60.0
V005275,U01244,S0526,500.0,2024-07-05,76.0
V005276,U01881,S0336,145.0,2025-03-29,84.0
V005277,U01600,S0741,214.0,2024-10-07,30.0
V005278,U01750,S0195,500.0,2024-11-19,86.0
V005279,U00473,S0258,500.0,2024-02-21,96.0
V005280,U00324,S0006,500.0,2024-04-01,15.0
V005281,U01190,S0238,500.0,2024-07-29,63.0
V005282,U01961,S0079,130.0,2025-01-12,67.0
V005283,U01972,S0451,30.0,2025-01-06,80.0
V005284,U01624,S0948,149.0,2025-05-22,85.0
V005285,U00076,S0381,215.0,2024-02-18,30.0
V005286,U00001,S0575,29.0,2024-03-04,43.0
V005287,U01273,S0967,219.0,2025-06-04,17.0
V005288,U00220,S0693,210.0,2024-12-20,55.0
V005289,U00403,S0388,500.0,2024-01-13,58.0
V005290,U01703,S0798,500.0,2024-10-20,38.0
V005291,U00713,S0194,500.0,2024-03-09,93.0
V005292,U01318,S0400,40.0,2024-06-20,68.0
V005293,U01627,S0451,211.0,2024-08-07,63.0
V005294,U01903,S0477,500.0,2024-12-16,75.0
V005295,U00229,S0217,118.0,2024-10-13,36.0
V005296,U01224,S0741,500.0,2024-09-09,14.0
V005297,U00630,S0533,500.0,2025-05-14,32.0
V005298,U01499,S0111,500.0,2024-05-23,24.0
V005299,U01930,S0221,500.0,2024-01-28,75.0
V005300,U01756,S0686,500.0,2025-04-16,56.0
V005301,U00071,S0195,219.0,2024-12-16,62.0
V005302,U01310,S0722,500.0,2025-03-26,38.0
V005303,U00501,S0968,167.0,2024-04-05,53.0
V005304,U00376,S0135,500.0,2024-04-27,77.0
V005305,U01033,S0772,175.0,2024-02-03,39.0
V005306,U00380,S0492,500.0,2024-10-10,77.0
V005307,U01372,S0123,500.0,2025-01-30,21.0
V005308,U00474,S0040,195.0,2024-11-06,12.0
V005309,U00566,S0940,194.0,2024-05-20,26.0
V005310,U00884,S0875,102.0,2024-09-10,54.0
V005311,U01553,S0128,500.0,2025-03-08,56.0
V005312,U00142,S0302,500.0,2024-01-19,90.0
V005313,U00454,S0864,42.0,2025-02-01,41.0
V005314,U01767,S0351,80.0,2024-12-18,24.0
V005315,U00976,S0648,500.0,2024-05-13,16.0
V005316,U00045,S0694,500.0,2024-02-17,49.0
V005317,U00526,S0179,500.0,2025-04-21,47.0
V005318,U00853,S0762,139.0,2025-06-18,80.0
V005319,U01843,S0431,500.0,2024-02-20,39.0
V005320,U00716,S0921,74.0,2024-09-11,85.0
V005321,U01164,S0673,149.0,2025-06-14,34.0
V005322,U00788,S0583,88.0,2025-02-28,56.0
V005323,U00204,S0785,500.0,2024-12-13,66.0
V005324,U01855,S0556,60.0,2024-10-12,35.0
V005325,U00877,S0943,145.0,2024-11-14,80.0
V005326,U00883,S0114,500.0,2024-11-15,42.0
V005327,U01038,S0104,500.0,2025-07-03,91.0
V005328,U00340,S0687,96.0,2025-03-17,36.0
V005329,U00553,S0755,35.0,2025-08-04,69.0
V005330,U00903,S0415,500.0,2025-01-20,48.0
V005331,U00757,S0238,500.0,2025-04-16,86.0
V005332,U01467,S0889,216.0,2024-12-22,70.0
V005333,U00213,S0432,500.0,2024-08-17,70.0
V005334,U00093,S0911,500.0,2024-04-23,37.0
V005335,U00255,S0788,500.0,2024-12-13,66.0
V005336,U01782,S0430,500.0,2024-06-19,52.0
V005337,U00023,S0143,500.0,2024-05-02,98.0
V005338,U00618,S0358,30.0,2025-06-05,65.0
V005339,U00352,S0659,11.0,2025-02-14,98.0
V005340,U00926,S0428,149.0,2024-02-20,34.0
V005341,U00475,S0386,112.0,2024-02-04,77.0
V005342,U01430,S0492,86.0,2024-03-08,19.0
V005343,U01418,S0634,500.0,2024-10-26,11.0
V005344,U00700,S0056,127.0,2024-02-28,88.0
V005345,U00974,S0217,500.0,2024-11-22,49.0
V005346,U01545,S0492,500.0,2025-03-26,37.0
V005347,U00784,S0839,98.0,2025-12-03,56.0
V005348,U00597,S0545,210.0,2024-10-19,11.0
V005349,U01766,S0052,64.0,2024-02-13,25.0
V005350,U00649,S0832,53.0,2024-05-14,11.0
V005351,U00992,S0329,186.0,2025-05-12,22.0
V005352,U00862,S0378,500.0,2024-09-01,16.0
V005353,U00264,S0019,175.0,2025-10-04,60.0
V005354,U00477,S0153,26.0,2025-01-29,68.0
V005355,U00219,S0618,500.0,2024-12-10,86.0
V005356,U00585,S0974,33.0,2025-05-01,38.0
V005357,U01107,S0660,102.0,2025-05-27,51.0
V005358,U01114,S0771,179.0,2024-07-10,12.0
V005359,U00166,S0630,90.0,2025-02-23,94.0
V005360,U01082,S0780,500.0,2025-06-23,28.0
V005361,U01762,S0858,500.0,2024-03-19,33.0
V005362,U00482,S0107,37.0,2024-06-16,40.0
V005363,U00287,S0672,500.0,2025-04-22,63.0
V005364,U01350,S0984,16.0,2025-06-12,57.0
V005365,U01666,S0590,7.0,2024-06-27,57.0
V005366,U00675,S0927,105.0,2024-09-28,44.0
V005367,U01461,S0289,500.0,2024-07-11,100.0
V005368,U01234,S0309,500.0,2024-11-26,88.0
V005369,U01025,S0176,500.0,2024-01-04,49.0
V005370,U01433,S0499,500.0,2025-05-03,25.0
V005371,U01875,S0719,49.0,2025-07-03,33.0
V005372,U00420,S0767,22.0,2024-05-13,35.0
V005373,U00395,S0015,500.0,2024-09-22,30.0
V005374,U01868,S0211,191.0,2024-12-05,53.0
V005375,U00390,S0838,500.0,2024-12-26,48.0
V005376,U00736,S0535,500.0,2025-01-19,39.0
V005377,U01595,S0543,500.0,2024-11-25,85.0
V005378,U01224,S0809,192.0,2025-03-26,71.0
V005379,U01588,S0526,500.0,2025-08-04,48.0
V005380,U00372,S0871,500.0,2024-04-23,45.0
V005381,U01617,S0632,500.0,2024-09-11,58.0
V005382,U01720,S0815,219.0,2024-02-09,78.0
V005383,U00946,S0976,191.0,2024-02-14,28.0
V005384,U00869,S0805,70.0,2024-11-11,85.0
V005385,U00657,S0040,500.0,2024-03-15,65.0
V005386,U01684,S0996,209.0,2024-08-22,19.0
V005387,U00470,S0071,500.0,2025-03-25,91.0
V005388,U01197,S0626,174.0,2024-02-29,16.0
V005389,U01976,S0866,500.0,2024-12-09,33.0
V005390,U00003,S0492,500.0,2024-05-29,41.0
V005391,U01657,S0525,500.0,2025-06-06,63.0
V005392,U01346,S0991,57.0,2025-08-01,63.0
V005393,U00326,S0019,219.0,2025-01-05,35.0
V005394,U00549,S0304,500.0,2024-08-12,79.0
V005395,U00865,S0179,500.0,2024-01-08,76.0
V005396,U01331,S0248,36.0,2024-12-08,33.0
V005397,U00274,S0273,500.0,2025-04-18,83.0
V005398,U01089,S0787,151.0,2024-06-04,61.0
V005399,U00535,S0217,500.0,2025-01-25,37.0
V005400,U00099,S0806,500.0,2024-09-18,88.0
V005401,U00949,S0081,500.0,2024-04-26,10.0
V005402,U00613,S0856,41.0,2024-05-05,97.0
V005403,U00247,S0510,132.0,2024-11-22,42.0
V005404,U01619,S0167,129.0,2024-11-14,41.0
V005405,U00554,S0256,500.0,2025-05-01,26.0
V005406,U00125,S0528,500.0,2025-03-09,56.0
V005407,U01826,S0734,500.0,2025-01-04,67.0
V005408,U00910,S0744,25.0,2025-01-21,41.0
V005409,U01032,S0559,30.0,2025-08-02,49.0
V005410,U00262,S0781,500.0,2024-09-27,31.0
V005411,U00475,S0351,134.0,2024-05-20,43.0
V005412,U00655,S0128,500.0,2025-12-06,99.0
V005413,U01532,S0078,219.0,2024-06-04,14.0
V005414,U01143,S0820,216.0,2025-03-20,63.0
V005415,U01513,S0575,72.0,2025-04-28,76.0
V005416,U01062,S0449,500.0,2024-08-03,15.0
V005417,U00618,S0336,500.0,2024-04-23,19.0
V005418,U00092,S0384,186.0,2024-04-25,83.0
V005419,U01774,S0218,146.0,2025-04-06,79.0
V005420,U01260,S0729,500.0,2025-12-06,15.0
V005421,U01693,S0786,500.0,2024-11-06,16.0
V005422,U00262,S0209,172.0,2025-01-28,70.0
V005423,U00399,S0361,152.0,2025-06-23,53.0
V005424,U01319,S0873,56.0,2024-07-27,42.0
V005425,U01091,S0270,500.0,2024-04-28,69.0
V005426,U00730,S0566,500.0,2024-05-30,89.0
V005427,U00785,S0878,500.0,2024-04-16,99.0
V005428,U00421,S0561,500.0,2025-10-06,39.0
V005429,U00833,S0632,500.0,2025-05-14,86.0
V005430,U00078,S0641,70.0,2024-07-31,48.0
V005431,U00054,S0266,54.0,2024-02-23,42.0
V005432,U01251,S0128,500.0,2024-12-02,70.0
V005433,U00089,S0040,500.0,2024-06-25,80.0
V005434,U01211,S0752,219.0,2025-03-03,89.0
V005435,U00677,S0538,500.0,2024-03-10,43.0
V005436,U01777,S0491,24.0,2024-05-03,92.0
V005437,U01126,S0237,28.0,2024-10-15,91.0
V005438,U00352,S0743,219.0,2024-03-29,70.0
V005439,U00697,S0717,500.0,2024-05-25,56.0
V005440,U00219,S0312,500.0,2025-05-30,25.0
V005441,U01831,S0504,172.0,2025-06-16,100.0
V005442,U01664,S0564,113.0,2025-02-17,84.0
V005443,U01539,S0286,500.0,2025-01-16,53.0
V005444,U01439,S0488,500.0,2024-12-26,68.0
V005445,U01465,S0043,500.0,2025-05-14,32.0
V005446,U01309,S0569,500.0,2024-03-18,22.0
V005447,U00893,S0455,500.0,2025-05-06,77.0
V005448,U01393,S0930,41.0,2024-03-12,77.0
V005449,U00314,S0150,26.0,2025-05-20,75.0
V005450,U00866,S0962,500.0,2025-01-05,58.0
V005451,U01928,S0200,219.0,2024-12-16,39.0
V005452,U01555,S0753,170.0,2025-09-05,86.0
V005453,U01972,S0889,135.0,2025-02-14,14.0
V005454,U00471,S0519,99.0,2025-01-31,47.0
V005455,U01035,S0880,500.0,2025-01-25,58.0
V005456,U00957,S0399,17.0,2024-12-11,89.0
V005457,U00753,S0274,108.0,2024-10-14,60.0
V005458,U00500,S0784,500.0,2024-06-03,41.0
V005459,U01571,S0316,27.0,2025-11-01,70.0
V005460,U00162,S0520,171.0,2025-11-06,35.0
V005461,U00610,S0899,197.0,2024-08-01,46.0
V005462,U00366,S0572,71.0,2024-11-21,11.0
V005463,U01682,S0420,146.0,2024-03-21,17.0
V005464,U01491,S0013,500.0,2024-01-22,40.0
V005465,U01809,S0793,500.0,2024-02-16,26.0
V005466,U00402,S0564,164.0,2025-03-03,82.0
V005467,U00916,S0678,500.0,2025-10-03,72.0
V005468,U00354,S0651,500.0,2024-12-22,35.0
V005469,U01816,S0485,500.0,2024-01-11,67.0
V005470,U01774,S0559,500.0,2024-02-13,10.0
V005471,U00186,S0198,152.0,2025-05-24,59.0
V005472,U00895,S0477,106.0,2025-04-29,53.0
V005473,U01398,S0444,188.0,2024-10-07,53.0
V005474,U00530,S0716,500.0,2024-02-26,34.0
V005475,U01358,S0300,500.0,2024-03-19,75.0
V005476,U00998,S0565,500.0,2024-03-17,13.0
V005477,U00402,S0842,500.0,2024-05-06,19.0
V005478,U01332,S0386,500.0,2024-07-25,31.0
V005479,U00782,S0574,23.0,2024-12-18,56.0
V005480,U01503,S0799,157.0,2024-08-22,66.0
V005481,U00065,S0168,152.0,2025-03-04,92.0
V005482,U01006,S0240,500.0,2024-08-05,90.0
V005483,U01338,S0799,500.0,2024-09-21,56.0
V005484,U01001,S0399,159.0,2024-05-29,56.0
V005485,U01324,S0654,500.0,2024-10-05,63.0
V005486,U00501,S0556,194.0,2024-12-21,18.0
V005487,U01448,S0905,500.0,2024-09-12,36.0
V005488,U00651,S0490,500.0,2025-03-19,62.0
V005489,U00922,S0188,101.0,2024-12-30,33.0
V005490,U00842,S0255,500.0,2025-01-27,51.0
V005491,U01225,S0066,500.0,2024-02-01,60.0
V005492,U00689,S0038,166.0,2024-03-05,69.0
V005493,U01859,S0009,98.0,2024-03-03,86.0
V005494,U00793,S0297,500.0,2024-10-04,75.0
V005495,U01270,S0593,500.0,2024-11-27,23.0
V005496,U00844,S0998,500.0,2024-01-02,14.0
V005497,U01621,S0730,193.0,2024-06-26,35.0
V005498,U01064,S0799,213.0,2024-03-03,65.0
V005499,U00925,S0097,89.0,2024-08-24,83.0
V005500,U01605,S0754,184.0,2024-06-03,43.0
V005501,U01310,S0861,88.0,2024-01-24,33.0
V005502,U00192,S0640,211.0,2024-04-03,69.0
V005503,U01035,S0948,500.0,2024-11-04,96.0
V005504,U00651,S0333,151.0,2024-03-24,99.0
V005505,U00800,S0974,500.0,2024-12-07,69.0
V005506,U00832,S0448,196.0,2024-05-11,100.0
V005507,U00762,S0514,500.0,2025-03-23,95.0
V005508,U00109,S0445,500.0,2024-04-07,70.0
V005509,U00519,S0195,149.0,2024-11-28,66.0
V005510,U01580,S0640,500.0,2024-03-16,32.0
V005511,U01556,S0470,120.0,2024-10-18,90.0
V005512,U01760,S0728,44.0,2025-04-29,14.0
V005513,U01338,S0543,500.0,2024-12-26,12.0
V005514,U01266,S0779,210.0,2024-12-09,62.0
V005515,U01428,S0926,500.0,2025-05-21,90.0
V005516,U01563,S0931,500.0,2024-10-18,45.0
V005517,U00889,S0750,156.0,2025-01-04,93.0
V005518,U00276,S0713,500.0,2024-04-14,12.0
V005519,U01467,S0781,500.0,2024-04-24,72.0
V005520,U00528,S0139,500.0,2024-12-12,95.0
V005521,U01447,S0394,153.0,2024-10-01,76.0
V005522,U01613,S0258,102.0,2025-04-05,60.0
V005523,U01091,S0418,178.0,2024-01-30,66.0
V005524,U01340,S0283,500.0,2025-05-30,90.0
V005525,U00263,S0515,500.0,2025-06-15,65.0
V005526,U00038,S0076,500.0,2025-01-30,19.0
V005527,U00679,S0052,500.0,2024-07-22,69.0
V005528,U01660,S0273,95.0,2024-07-04,90.0
V005529,U01925,S0516,81.0,2025-03-04,53.0
V005530,U00757,S0214,219.0,2024-06-22,82.0
V005531,U00489,S0835,97.0,2025-02-17,14.0
V005532,U00451,S0912,32.0,2024-04-30,17.0
V005533,U01413,S0714,500.0,2024-06-12,90.0
V005534,U00366,S0298,38.0,2025-05-13,100.0
V005535,U01116,S0780,500.0,2024-08-02,65.0
V005536,U00686,S0974,500.0,2024-12-31,81.0
V005537,U00249,S0205,500.0,2024-09-28,90.0
V005538,U00411,S0546,16.0,2024-04-13,74.0
V005539,U01888,S0048,500.0,2024-09-26,24.0
V005540,U01460,S0044,500.0,2024-09-02,55.0
V005541,U00877,S0383,500.0,2025-04-19,75.0
V005542,U01117,S0138,500.0,2025-02-19,27.0
V005543,U01133,S0734,180.0,2024-05-30,27.0
V005544,U01242,S0912,203.0,2024-03-04,34.0
V005545,U00856,S0811,500.0,2024-01-25,47.0
V005546,U00193,S0375,500.0,2024-06-12,58.0
V005547,U01832,S0881,500.0,2024-07-18,45.0
V005548,U00055,S0707,500.0,2024-12-30,88.0
V005549,U00059,S0755,500.0,2024-06-04,25.0
V005550,U01887,S0188,78.0,2024-10-05,82.0
V005551,U01804,S0461,164.0,2024-03-23,66.0
V005552,U00677,S0194,214.0,2024-02-02,81.0
V005553,U00839,S0556,500.0,2025-01-10,57.0
V005554,U00649,S0038,500.0,2024-05-22,64.0
V005555,U01907,S0702,500.0,2025-02-01,95.0
V005556,U01877,S0421,103.0,2025-01-17,14.0
V005557,U01744,S0558,500.0,2025-03-09,37.0
V005558,U00615,S0568,39.0,2024-06-19,36.0
V005559,U01361,S0011,500.0,2024-11-24,63.0
V005560,U00919,S0566,128.0,2024-07-09,83.0
V005561,U01365,S0464,500.0,2024-05-28,37.0
V005562,U01990,S0720,500.0,2024-07-25,94.0
V005563,U01714,S0172,500.0,2024-07-20,62.0
V005564,U01577,S0403,500.0,2024-06-24,33.0
V005565,U00440,S0162,500.0,2024-09-17,56.0
V005566,U01569,S0029,500.0,2025-01-19,64.0
V005567,U01203,S0736,500.0,2025-05-05,68.0
V005568,U00089,S0971,500.0,2024-04-03,99.0
V005569,U00557,S0904,500.0,2025-02-20,47.0
V005570,U00010,S0143,500.0,2024-08-04,71.0
V005571,U01990,S0713,500.0,2025-03-21,100.0
V005572,U00575,S0455,95.0,2024-05-21,96.0
V005573,U00363,S0550,500.0,2025-05-21,56.0
V005574,U01985,S0958,83.0,2024-06-20,15.0
V005575,U00662,S0271,500.0,2025-04-08,97.0
V005576,U00432,S0240,500.0,2024-07-02,18.0
V005577,U01957,S0681,127.0,2024-05-09,80.0
V005578,U01783,S0178,500.0,2025-10-01,64.0
V005579,U01068,S0066,500.0,2024-12-22,79.0
V005580,U00787,S0377,74.0,2024-04-12,25.0
V005581,U00659,S0320,145.0,2025-01-21,99.0
V005582,U01592,S0327,28.0,2025-05-15,75.0
V005583,U00654,S0798,122.0,2024-08-03,26.0
V005584,U00985,S0841,500.0,2024-08-29,61.0
V005585,U00363,S0869,500.0,2024-01-26,77.0
V005586,U00204,S0058,114.0,2025-05-02,36.0
V005587,U01228,S0229,500.0,2024-02-12,93.0
V005588,U01580,S0552,500.0,2024-01-05,88.0
V005589,U00816,S0158,160.0,2024-02-06,39.0
V005590,U01638,S0422,47.0,2024-02-24,64.0
V005591,U01023,S0694,500.0,2024-10-09,54.0
V005592,U00996,S0896,500.0,2024-08-22,92.0
V005593,U01678,S0954,132.0,2024-09-03,81.0
V005594,U01099,S0265,500.0,2024-03-16,57.0
V005595,U01844,S0911,500.0,2024-11-01,55.0
V005596,U01526,S0444,500.0,2025-02-06,33.0
V005597,U01731,S0036,500.0,2024-05-12,75.0
V005598,U01934,S0936,27.0,2025-02-21,92.0
V005599,U00683,S0375,18.0,2024-06-30,90.0
V005600,U00756,S0952,131.0,2024-10-29,67.0
V005601,U00265,S0598,500.0,2025-01-10,71.0
V005602,U01169,S0928,500.0,2024-12-21,58.0
V005603,U00198,S0143,500.0,2025-04-15,19.0
V005604,U01910,S0310,500.0,2025-06-23,14.0
V005605,U01180,S0339,500.0,2025-01-14,62.0
V005606,U01014,S0482,500.0,2024-10-15,13.0
V005607,U00834,S0532,131.0,2024-01-10,29.0
V005608,U00687,S0577,134.0,2025-04-18,48.0
V005609,U01997,S0224,167.0,2024-05-21,49.0
V005610,U01500,S0856,500.0,2024-04-21,17.0
V005611,U01540,S0922,500.0,2024-06-17,19.0
V005612,U00924,S0864,500.0,2024-11-19,46.0
V005613,U00242,S0059,74.0,2025-03-17,65.0
V005614,U01912,S0695,138.0,2024-05-09,81.0
V005615,U00918,S0760,500.0,2024-04-03,82.0
V005616,U00389,S0192,185.0,2024-08-14,73.0
V005617,U00872,S0585,35.0,2025-11-06,98.0
V005618,U01105,S0311,51.0,2024-07-15,61.0
V005619,U01341,S0527,166.0,2025-03-15,80.0
V005620,U01418,S0603,145.0,2024-11-12,60.0
V005621,U00170,S0839,500.0,2024-12-29,56.0
V005622,U00754,S0672,500.0,2024-08-04,81.0
V005623,U00321,S0386,500.0,2025-02-28,52.0
V005624,U00275,S0108,500.0,2024-08-01,13.0
V005625,U00545,S0644,220.0,2024-03-14,26.0
V005626,U00496,S0702,500.0,2024-05-12,80.0
V005627,U00818,S0246,219.0,2025-01-03,32.0
V005628,U00187,S0961,70.0,2024-06-26,45.0
V005629,U01519,S0950,500.0,2025-01-28,26.0
V005630,U01293,S0193,500.0,2024-12-03,12.0
V005631,U01606,S0211,500.0,2024-02-01,71.0
V005632,U00521,S0073,500.0,2024-08-18,88.0
V005633,U01266,S0197,500.0,2024-03-20,45.0
V005634,U01427,S0546,190.0,2024-09-02,44.0
V005635,U01563,S0361,194.0,2024-08-16,82.0
V005636,U00275,S0399,144.0,2024-10-25,67.0
V005637,U00264,S0059,159.0,2024-01-05,87.0
V005638,U00876,S0439,500.0,2024-06-28,17.0
V005639,U01778,S0943,214.0,2024-09-12,58.0
V005640,U01519,S0785,23.0,2024-08-05,55.0
V005641,U01414,S0350,179.0,2025-04-26,78.0
V005642,U01288,S0704,500.0,2025-01-30,46.0
V005643,U01473,S0168,68.0,2024-06-06,36.0
V005644,U00839,S0558,500.0,2024-10-30,43.0
V005645,U01514,S0645,500.0,2025-02-18,44.0
V005646,U00375,S0103,500.0,2025-05-15,55.0
V005647,U01816,S0410,219.0,2025-02-20,64.0
V005648,U00677,S0894,190.0,2024-04-18,23.0
V005649,U01209,S0134,500.0,2024-07-29,21.0
V005650,U00363,S0430,219.0,2024-12-26,29.0
V005651,U00032,S0518,500.0,2025-03-04,23.0
V005652,U01581,S0465,188.0,2024-12-18,93.0
V005653,U00082,S0403,217.0,2025-12-03,57.0
V005654,U01625,S0265,500.0,2025-12-05,99.0
V005655,U01708,S0493,133.0,2024-05-10,21.0
V005656,U01704,S0426,71.0,2024-10-08,18.0
V005657,U00791,S0300,152.0,2024-06-16,65.0
V005658,U01534,S0112,163.0,2025-01-15,24.0
V005659,U01731,S0430,38.0,2024-02-25,88.0
V005660,U01420,S0943,123.0,2024-10-19,72.0
V005661,U00152,S0867,500.0,2024-10-06,63.0
V005662,U00650,S0703,90.0,2024-09-23,13.0
V005663,U00986,S0916,181.0,2024-04-19,79.0
V005664,U00804,S0679,500.0,2025-04-28,84.0
V005665,U00292,S0552,175.0,2024-02-10,76.0
V005666,U01253,S0464,33.0,2024-05-21,56.0
V005667,U00460,S0780,27.0,2025-05-25,56.0
V005668,U01915,S0766,160.0,2025-01-01,90.0
V005669,U00773,S0116,104.0,2024-07-19,98.0
V005670,U00476,S0763,500.0,2025-04-12,60.0
V005671,U01518,S0308,207.0,2025-05-16,55.0
V005672,U00029,S0207,500.0,2024-11-05,23.0
V005673,U00402,S0951,500.0,2024-12-26,38.0
V005674,U00729,S0563,46.0,2024-01-03,25.0
V005675,U00008,S0481,187.0,2024-07-22,56.0
V005676,U01122,S0323,219.0,2024-06-12,79.0
V005677,U00005,S0412,500.0,2024-02-11,64.0
V005678,U01187,S0387,500.0,2024-05-30,60.0
V005679,U01567,S0361,82.0,2024-07-29,17.0
V005680,U00283,S0703,500.0,2025-04-28,45.0
V005681,U00861,S0013,500.0,2025-03-22,56.0
V005682,U00736,S0312,500.0,2024-04-28,76.0
V005683,U00006,S0716,500.0,2024-06-24,40.0
V005684,U00037,S0805,500.0,2024-10-11,41.0
V005685,U00260,S0894,101.0,2024-06-24,92.0
V005686,U01585,S0834,500.0,2024-09-24,51.0
V005687,U00348,S0714,500.0,2024-01-14,30.0
V005688,U01066,S0812,163.0,2024-05-01,56.0
V005689,U01890,S0773,50.0,2025-02-26,41.0
V005690,U01506,S0128,16.0,2024-08-20,36.0
V005691,U01542,S0319,137.0,2025-05-06,53.0
V005692,U00966,S0641,49.0,2024-12-30,20.0
V005693,U00075,S0460,500.0,2025-05-19,81.0
V005694,U00381,S0204,500.0,2024-07-27,18.0
V005695,U01570,S0610,196.0,2024-11-22,100.0
V005696,U01867,S0458,145.0,2025-04-13,69.0
V005697,U01191,S0965,500.0,2024-07-28,80.0
V005698,U00699,S0195,154.0,2025-04-27,83.0
V005699,U01204,S0360,500.0,2024-12-05,31.0
V005700,U00570,S0966,500.0,2024-10-29,40.0
V005701,U01100,S0643,208.0,2025-03-01,71.0
V005702,U01851,S0851,57.0,2024-10-06,91.0
V005703,U01638,S0586,94.0,2024-09-16,72.0
V005704,U01852,S0463,77.0,2024-10-16,75.0
V005705,U01760,S0034,500.0,2024-07-17,96.0
V005706,U00398,S0537,500.0,2024-10-26,14.0
V005707,U00729,S0925,500.0,2025-03-23,62.0
V005708,U00091,S0518,113.0,2025-05-23,100.0
V005709,U01658,S0402,500.0,2025-11-02,60.0
V005710,U00509,S0516,180.0,2025-01-31,60.0
V005711,U00382,S0316,143.0,2024-04-12,68.0
V005712,U01281,S0695,157.0,2024-11-23,56.0
V005713,U00710,S0227,38.0,2024-11-05,82.0
V005714,U00973,S0207,6.0,2024-11-28,47.0
V005715,U00107,S0292,500.0,2024-02-16,44.0
V005716,U00772,S0005,500.0,2024-02-02,83.0
V005717,U01644,S0761,173.0,2024-10-24,49.0
V005718,U01318,S0457,57.0,2024-11-02,100.0
V005719,U00736,S0143,85.0,2024-10-18,69.0
V005720,U01073,S0599,219.0,2025-02-04,74.0
V005721,U01437,S0093,19.0,2024-10-01,88.0
V005722,U00209,S0958,500.0,2024-12-06,41.0
V005723,U00087,S0326,500.0,2024-10-13,37.0
V005724,U00424,S0440,500.0,2025-02-05,10.0
V005725,U01514,S0645,500.0,2024-02-03,70.0
V005726,U00147,S0852,20.0,2024-05-22,42.0
V005727,U00411,S0680,197.0,2024-03-12,29.0
V005728,U00949,S0242,500.0,2024-07-08,51.0
V005729,U01316,S0071,87.0,2025-01-31,68.0
V005730,U01571,S0232,45.0,2025-06-19,34.0
V005731,U00138,S0338,65.0,2024-01-25,86.0
V005732,U01055,S0651,138.0,2024-09-02,56.0
V005733,U00869,S0455,62.0,2025-01-27,87.0
V005734,U01759,S0866,120.0,2024-02-21,70.0
V005735,U01106,S0586,70.0,2025-06-14,53.0
V005736,U01999,S0345,135.0,2024-06-16,44.0
V005737,U01249,S0438,500.0,2024-12-25,60.0
V005738,U01296,S0249,107.0,2025-06-06,71.0
V005739,U00318,S0671,81.0,2025-05-11,53.0
V005740,U01732,S0822,205.0,2024-03-20,24.0
V005741,U00863,S0189,87.0,2024-11-17,91.0
V005742,U00236,S0892,500.0,2025-03-05,73.0
V005743,U00326,S0969,77.0,2024-07-24,77.0
V005744,U01174,S0997,220.0,2024-10-24,14.0
V005745,U00511,S0081,500.0,2024-04-30,62.0
V005746,U00910,S0323,500.0,2025-05-06,23.0
V005747,U01972,S0694,63.0,2024-04-18,80.0
V005748,U00257,S0934,500.0,2024-05-18,95.0
V005749,U01840,S0603,200.0,2024-07-10,91.0
V005750,U00291,S0793,500.0,2024-05-09,22.0
V005751,U00142,S0197,67.0,2024-05-23,89.0
V005752,U01578,S0204,219.0,2025-09-02,79.0
V005753,U00044,S0666,500.0,2025-06-22,92.0
V005754,U00804,S0371,500.0,2024-08-26,65.0
V005755,U01172,S0492,30.0,2024-09-15,18.0
V005756,U01556,S0551,114.0,2025-04-28,24.0
V005757,U00962,S0011,160.0,2024-01-23,73.0
V005758,U01101,S0402,500.0,2024-10-25,23.0
V005759,U00671,S0994,209.0,2024-02-16,15.0
V005760,U00107,S0198,133.0,2024-10-26,79.0
V005761,U00019,S0062,175.0,2025-02-26,18.0
V005762,U00892,S0581,500.0,2025-07-01,28.0
V005763,U00873,S0211,178.0,2024-05-22,90.0
V005764,U01021,S0928,500.0,2024-07-07,73.0
V005765,U00041,S0932,500.0,2024-04-09,85.0
V005766,U01649,S0643,500.0,2024-06-26,17.0
V005767,U00745,S0620,500.0,2024-05-09,76.0
V005768,U00289,S0422,110.0,2024-12-09,19.0
V005769,U00900,S0676,500.0,2025-04-18,27.0
V005770,U00931,S0840,500.0,2025-04-12,56.0
V005771,U00128,S0194,500.0,2024-01-02,56.0
V005772,U01272,S0393,141.0,2025-03-11,96.0
V005773,U00229,S0543,16.0,2024-06-16,47.0
V005774,U00840,S0877,219.0,2025-11-02,25.0
V005775,U01533,S0623,24.0,2024-04-04,56.0
V005776,U00559,S0383,500.0,2025-12-03,86.0
V005777,U00582,S0688,129.0,2024-06-02,56.0
V005778,U00248,S0165,500.0,2024-09-09,48.0
V005779,U01083,S0801,124.0,2024-08-09,35.0
V005780,U00807,S0344,106.0,2024-01-27,67.0
V005781,U01207,S0136,500.0,2024-06-28,90.0
V005782,U00575,S0991,155.0,2025-04-27,96.0
V005783,U00610,S0784,219.0,2024-03-27,40.0
V005784,U01223,S0213,79.0,2025-02-19,17.0
V005785,U01779,S0768,500.0,2024-01-08,67.0
V005786,U00545,S0242,219.0,2024-02-13,36.0
V005787,U01510,S0595,209.0,2024-10-09,28.0
V005788,U00524,S0188,500.0,2024-07-10,59.0
V005789,U00907,S0355,107.0,2024-06-03,78.0
V005790,U00140,S0342,500.0,2024-06-27,56.0
V005791,U00556,S0567,500.0,2025-04-19,59.0
V005792,U00045,S0549,22.0,2024-12-05,46.0
V005793,U01941,S0157,500.0,2024-05-15,80.0
V005794,U00480,S0982,500.0,2025-01-06,52.0
V005795,U00711,S0708,14.0,2024-05-28,47.0
V005796,U01083,S0542,154.0,2024-07-08,45.0
V005797,U00039,S0745,500.0,2024-04-11,32.0
V005798,U01044,S0182,500.0,2025-11-06,30.0
V005799,U01983,S0019,187.0,2025-05-14,78.0
V005800,U00047,S0242,200.0,2024-03-12,56.0
V005801,U01862,S0514,112.0,2025-05-05,11.0
V005802,U01084,S0747,17.0,2024-07-13,88.0
V005803,U01138,S0492,117.0,2025-04-16,16.0
V005804,U00560,S0192,60.0,2025-03-22,55.0
V005805,U01523,S0402,142.0,2024-01-27,74.0
V005806,U00973,S0237,195.0,2025-03-05,35.0
V005807,U01878,S0634,142.0,2024-02-12,88.0
V005808,U01134,S0816,500.0,2025-03-06,95.0
V005809,U01284,S0890,42.0,2025-02-24,24.0
V005810,U01088,S0968,500.0,2024-08-22,39.0
V005811,U01779,S0452,167.0,2024-11-01,35.0
V005812,U01417,S0184,500.0,2025-05-07,79.0
V005813,U01584,S0189,500.0,2024-10-13,84.0
V005814,U01411,S0476,17.0,2024-07-21,19.0
V005815,U00489,S0794,26.0,2024-11-03,79.0
V005816,U01847,S0662,163.0,2024-04-08,35.0
V005817,U00299,S0403,500.0,2024-08-30,81.0
V005818,U00723,S0994,84.0,2024-10-17,78.0
V005819,U00487,S0300,183.0,2025-01-05,45.0
V005820,U01392,S0177,500.0,2024-05-29,81.0
V005821,U00896,S0281,500.0,2024-09-18,86.0
V005822,U01788,S0992,165.0,2024-11-14,36.0
V005823,U00654,S0056,7.0,2024-11-07,57.0
V005824,U01953,S0695,129.0,2025-04-16,45.0
V005825,U01270,S0448,167.0,2024-11-21,40.0
V005826,U01504,S0406,500.0,2024-10-24,65.0
V005827,U01371,S0490,500.0,2024-07-05,40.0
V005828,U00662,S0684,500.0,2024-02-05,59.0
V005829,U00757,S0582,500.0,2024-05-12,41.0
V005830,U00443,S0465,500.0,2024-05-17,87.0
V005831,U00248,S0550,500.0,2024-12-12,51.0
V005832,U00606,S0092,219.0,2025-02-04,85.0
V005833,U01961,S0486,122.0,2024-09-19,61.0
V005834,U01314,S0854,500.0,2025-11-04,57.0
V005835,U01315,S0588,500.0,2024-11-09,20.0
V005836,U01555,S0024,500.0,2024-09-26,72.0
V005837,U01302,S0515,216.0,2024-10-31,16.0
V005838,U01352,S0488,500.0,2025-06-08,81.0
V005839,U00631,S0699,500.0,2024-09-15,18.0
V005840,U01352,S0119,174.0,2025-05-05,26.0
V005841,U00128,S0358,500.0,2024-03-17,61.0
V005842,U01516,S0888,99.0,2024-04-07,88.0
V005843,U01304,S0366,500.0,2024-05-17,72.0
V005844,U00089,S0484,500.0,2025-06-17,96.0
V005845,U00083,S0077,500.0,2024-10-03,51.0
V005846,U01349,S0444,500.0,2024-12-09,18.0
V005847,U01566,S0269,500.0,2024-07-19,38.0
V005848,U00120,S0296,169.0,2024-01-13,48.0
V005849,U01441,S0288,500.0,2025-02-17,81.0
V005850,U00068,S0025,500.0,2025-06-07,99.0
V005851,U01622,S0033,150.0,2025-01-25,92.0
V005852,U00503,S0751,162.0,2024-01-25,74.0
V005853,U01004,S0047,178.0,2024-04-10,52.0
V005854,U00574,S0058,500.0,2025-02-23,47.0
V005855,U00330,S0001,115.0,2025-05-13,12.0
V005856,U00050,S0719,219.0,2024-04-29,72.0
V005857,U00601,S0286,71.0,2024-09-17,87.0
V005858,U01885,S0014,500.0,2024-01-23,100.0
V005859,U00602,S0535,76.0,2024-02-24,31.0
V005860,U00206,S0615,500.0,2024-12-26,86.0
V005861,U01205,S0633,177.0,2025-05-26,67.0
V005862,U01320,S0451,199.0,2024-11-09,26.0
V005863,U00068,S0021,120.0,2024-06-08,60.0
V005864,U00247,S0839,500.0,2025-01-23,86.0
V005865,U01211,S0986,213.0,2024-05-16,79.0
V005866,U01545,S0545,500.0,2024-04-03,51.0
V005867,U01178,S0738,500.0,2025-06-05,29.0
V005868,U00417,S0108,500.0,2024-12-16,79.0
V005869,U00896,S0776,500.0,2024-06-02,45.0
V005870,U01055,S0654,500.0,2024-01-12,77.0
V005871,U01732,S0478,500.0,2025-01-18,58.0
V005872,U00496,S0864,127.0,2024-12-17,45.0
V005873,U01107,S0453,63.0,2024-05-07,78.0
V005874,U01719,S0783,500.0,2024-10-01,50.0
V005875,U00239,S0546,500.0,2024-01-16,50.0
V005876,U00209,S0279,500.0,2024-03-15,58.0
V005877,U01710,S0049,500.0,2024-03-17,88.0
V005878,U01936,S0741,183.0,2024-04-26,65.0
V005879,U00599,S0971,500.0,2024-05-31,78.0
V005880,U00924,S0588,500.0,2024-05-02,12.0
V005881,U01546,S0665,79.0,2024-06-27,97.0
V005882,U00150,S0120,157.0,2024-01-17,36.0
V005883,U00400,S0110,181.0,2024-05-19,81.0
V005884,U00831,S0852,147.0,2025-01-24,63.0
V005885,U00850,S0211,219.0,2025-03-27,86.0
V005886,U00582,S0685,500.0,2024-01-04,81.0
V005887,U01764,S0004,500.0,2024-08-19,93.0
V005888,U00140,S0050,500.0,2025-01-21,87.0
V005889,U00248,S0367,39.0,2024-01-18,36.0
V005890,U01849,S0138,56.0,2025-10-03,59.0
V005891,U01289,S0351,181.0,2024-09-15,33.0
V005892,U00503,S0869,166.0,2024-09-13,47.0
V005893,U00861,S0352,140.0,2024-08-03,21.0
V005894,U01217,S0925,146.0,2024-08-07,73.0
V005895,U01316,S0943,500.0,2024-07-06,20.0
V005896,U00408,S0274,500.0,2024-11-12,69.0
V005897,U01504,S0683,96.0,2025-01-06,18.0
V005898,U01835,S0083,214.0,2024-08-04,43.0
V005899,U01807,S0504,500.0,2025-02-26,89.0
V005900,U01511,S0334,213.0,2025-02-24,88.0
V005901,U01241,S0504,47.0,2024-08-21,78.0
V005902,U00888,S0718,219.0,2024-01-21,31.0
V005903,U01864,S0434,500.0,2024-04-06,26.0
V005904,U00833,S0176,500.0,2025-11-05,30.0
V005905,U01795,S0164,500.0,2024-04-20,61.0
V005906,U01194,S0570,500.0,2024-02-02,37.0
V005907,U00268,S0349,47.0,2025-03-17,67.0
V005908,U00897,S0454,500.0,2024-08-10,23.0
V005909,U01250,S0851,500.0,2024-01-01,73.0
V005910,U01906,S0119,125.0,2025-04-25,76.0
V005911,U01514,S0293,212.0,2025-05-31,99.0
V005912,U01583,S0761,500.0,2024-06-02,93.0
V005913,U00881,S0858,200.0,2025-03-20,47.0
V005914,U01264,S0746,199.0,2024-04-16,66.0
V005915,U00939,S0213,162.0,2024-05-28,19.0
V005916,U01222,S0045,500.0,2024-05-30,87.0
V005917,U00885,S0112,14.0,2025-01-06,56.0
V005918,U01638,S0424,39.0,2025-09-03,39.0
V005919,U01081,S0194,122.0,2025-02-27,24.0
V005920,U01018,S0754,31.0,2025-08-04,35.0
V005921,U00490,S0946,219.0,2025-09-06,76.0
V005922,U01207,S0807,500.0,2025-02-19,83.0
V005923,U00821,S0203,500.0,2025-02-03,21.0
V005924,U01151,S0436,219.0,2025-06-19,39.0
V005925,U01574,S0483,182.0,2025-04-26,98.0
V005926,U00439,S0874,111.0,2024-06-05,32.0
V005927,U00656,S0039,500.0,2025-11-05,40.0
V005928,U00403,S0085,500.0,2024-05-08,52.0
V005929,U00920,S0514,500.0,2024-12-05,27.0
V005930,U01995,S0094,500.0,2024-04-24,64.0
V005931,U01447,S0517,500.0,2024-03-05,97.0
V005932,U01803,S0752,104.0,2024-10-09,92.0
V005933,U00289,S0412,205.0,2025-06-19,40.0
V005934,U01314,S0131,183.0,2025-01-15,10.0
V005935,U00114,S0827,500.0,2024-01-01,84.0
V005936,U01616,S0169,500.0,2025-01-16,51.0
V005937,U00859,S0010,219.0,2025-04-19,26.0
V005938,U00529,S0488,163.0,2024-11-15,63.0
V005939,U01119,S0166,500.0,2024-07-17,44.0
V005940,U00372,S0380,104.0,2025-06-17,81.0
V005941,U00830,S0760,21.0,2024-09-12,59.0
V005942,U01153,S0669,14.0,2024-05-31,74.0
V005943,U00297,S0525,52.0,2024-07-31,90.0
V005944,U00463,S0665,500.0,2024-03-02,39.0
V005945,U01825,S0665,500.0,2025-04-28,86.0
V005946,U00627,S0770,500.0,2025-04-04,42.0
V005947,U00068,S0925,53.0,2025-01-02,44.0
V005948,U01850,S0232,192.0,2025-03-27,50.0
V005949,U01999,S0612,219.0,2024-03-21,33.0
V005950,U01239,S0128,138.0,2025-06-17,80.0
V005951,U00874,S0192,219.0,2025-05-30,45.0
V005952,U01340,S0298,500.0,2025-04-04,55.0
V005953,U01118,S0391,500.0,2025-05-14,56.0
V005954,U01396,S0801,188.0,2024-05-15,91.0
V005955,U00649,S0972,500.0,2024-07-07,75.0
V005956,U00199,S0552,500.0,2024-02-16,61.0
V005957,U01143,S0781,11.0,2024-07-24,95.0
V005958,U00687,S0864,15.0,2024-10-03,73.0
V005959,U00132,S0710,500.0,2025-09-01,10.0
V005960,U00916,S0501,500.0,2025-04-14,75.0
V005961,U00497,S0058,8.0,2025-01-05,35.0
V005962,U00416,S0369,97.0,2024-04-20,18.0
V005963,U01358,S0581,67.0,2024-09-05,98.0
V005964,U01144,S0203,145.0,2024-08-19,98.0
V005965,U00189,S0884,71.0,2024-11-14,69.0
V005966,U01960,S0273,123.0,2025-03-12,33.0
V005967,U00892,S0146,104.0,2024-04-26,55.0
V005968,U01723,S0619,89.0,2024-06-05,92.0
V005969,U00104,S0555,123.0,2024-12-31,45.0
V005970,U00996,S0161,500.0,2024-06-08,20.0
V005971,U01981,S0154,172.0,2024-07-03,78.0
V005972,U00609,S0714,500.0,2025-01-02,70.0
V005973,U01442,S0320,41.0,2024-03-20,92.0
V005974,U00262,S0430,500.0,2025-01-20,80.0
V005975,U00800,S0246,63.0,2024-06-01,100.0
V005976,U01319,S0089,61.0,2025-06-03,89.0
V005977,U01882,S0551,167.0,2024-02-09,72.0
V005978,U00082,S0062,33.0,2024-05-07,11.0
V005979,U00086,S0126,500.0,2024-08-26,88.0
V005980,U00491,S0411,500.0,2024-06-20,67.0
V005981,U01560,S0932,500.0,2025-08-03,12.0
V005982,U00763,S0300,500.0,2025-03-04,33.0
V005983,U00767,S0974,39.0,2024-03-21,58.0
V005984,U00053,S0822,500.0,2024-07-19,38.0
V005985,U00116,S0511,66.0,2025-01-23,52.0
V005986,U00690,S0846,63.0,2024-06-27,100.0
V005987,U01001,S0896,500.0,2024-01-28,84.0
V005988,U01585,S0887,24.0,2024-10-03,72.0
V005989,U01089,S0364,161.0,2024-06-28,81.0
V005990,U01426,S0160,180.0,2024-03-30,56.0
V005991,U01312,S0657,181.0,2025-02-02,21.0
V005992,U00274,S0426,118.0,2025-08-03,97.0
V005993,U00974,S0287,18.0,2025-02-06,82.0
V005994,U00398,S0876,153.0,2025-05-13,13.0
V005995,U00751,S0649,500.0,2025-04-14,56.0
V005996,U00634,S0308,81.0,2025-02-04,57.0
V005997,U00047,S0323,219.0,2024-01-26,56.0
V005998,U00870,S0204,500.0,2024-05-17,64.0
V005999,U00233,S0518,193.0,2024-07-19,87.0
V006000,U00219,S0062,500.0,2024-03-29,86.0
V006001,U00557,S0671,500.0,2025-05-31,47.0
V006002,U01123,S0107,500.0,2025-04-30,99.0
V006003,U01606,S0514,500.0,2024-06-29,38.0
V006004,U00127,S0283,96.0,2024-12-11,32.0
V006005,U01200,S0880,103.0,2024-02-14,73.0
V006006,U00072,S0795,219.0,2025-12-06,44.0
V006007,U00222,S0930,48.0,2024-01-16,87.0
V006008,U01086,S0372,500.0,2024-04-28,17.0
V006009,U01347,S0397,500.0,2024-06-13,21.0
V006010,U00394,S0198,14.0,2025-05-30,27.0
V006011,U01031,S0272,500.0,2024-02-29,12.0
V006012,U01954,S0591,500.0,2024-01-11,21.0
V006013,U00978,S0615,89.0,2024-12-21,67.0
V006014,U01219,S0732,174.0,2025-03-14,68.0
V006015,U00438,S0692,209.0,2024-01-19,36.0
V006016,U01966,S0061,139.0,2024-10-19,47.0
V006017,U00728,S0649,200.0,2025-05-02,62.0
V006018,U00081,S0642,500.0,2025-05-17,63.0
V006019,U01013,S0380,500.0,2024-03-28,13.0
V006020,U00702,S0321,124.0,2024-05-28,31.0
V006021,U01838,S0348,500.0,2025-05-11,23.0
V006022,U01109,S0528,187.0,2024-03-05,56.0
V006023,U01921,S0371,500.0,2025-05-29,57.0
V006024,U01639,S0670,500.0,2024-02-12,85.0
V006025,U00411,S0181,500.0,2024-12-27,24.0
V006026,U00422,S0221,500.0,2024-11-27,11.0
V006027,U00590,S0974,500.0,2025-02-23,44.0
V006028,U00404,S0653,500.0,2024-05-21,55.0
V006029,U00568,S0175,500.0,2024-08-15,65.0
V006030,U01971,S0074,200.0,2024-04-08,38.0
V006031,U01970,S0219,500.0,2024-12-25,10.0
V006032,U01199,S0264,500.0,2024-03-04,40.0
V006033,U01963,S0591,500.0,2025-06-02,76.0
V006034,U00601,S0104,156.0,2024-05-20,93.0
V006035,U01538,S0905,500.0,2025-06-14,17.0
V006036,U01050,S0424,52.0,2024-01-28,44.0
V006037,U01691,S0060,500.0,2025-05-15,98.0
V006038,U00637,S0221,500.0,2024-07-24,80.0
V006039,U00854,S0839,71.0,2024-05-13,26.0
V006040,U01100,S0465,500.0,2025-06-18,63.0
V006041,U01917,S0402,500.0,2024-11-20,49.0
V006042,U01161,S0431,500.0,2024-08-16,36.0
V006043,U00592,S0221,500.0,2024-08-01,18.0
V006044,U00723,S0241,24.0,2024-12-06,24.0
V006045,U01402,S0069,500.0,2024-05-03,35.0
V006046,U01312,S0253,500.0,2024-03-18,48.0
V006047,U01492,S0718,500.0,2025-06-02,21.0
V006048,U00830,S0846,45.0,2024-03-14,32.0
V006049,U01253,S0853,500.0,2025-04-04,12.0
V006050,U01229,S0782,500.0,2024-06-29,61.0
V006051,U01674,S0722,118.0,2025-03-05,54.0
V006052,U00406,S0755,178.0,2025-05-12,54.0
V006053,U01295,S0891,213.0,2025-03-20,55.0
V006054,U01242,S0214,500.0,2024-02-04,88.0
V006055,U01626,S0466,202.0,2024-12-25,63.0
V006056,U01009,S0960,500.0,2024-04-22,49.0
V006057,U01552,S0663,76.0,2024-07-12,70.0
V006058,U01793,S0846,51.0,2025-12-05,87.0
V006059,U00254,S0980,63.0,2024-07-07,41.0
V006060,U01284,S0835,500.0,2025-03-01,33.0
V006061,U01678,S0017,165.0,2025-03-29,11.0
V006062,U01707,S0153,219.0,2024-06-14,57.0
V006063,U00328,S0856,500.0,2024-04-12,48.0
V006064,U01207,S0867,219.0,2024-10-01,100.0
V006065,U01181,S0058,65.0,2025-04-17,64.0
V006066,U00337,S0716,120.0,2025-02-17,57.0
V006067,U01339,S0961,219.0,2024-01-06,25.0
V006068,U00662,S0166,167.0,2025-03-29,61.0
V006069,U01090,S0980,500.0,2024-08-07,72.0
V006070,U01229,S0102,99.0,2024-03-01,29.0
V006071,U01446,S0165,500.0,2025-05-27,47.0
V006072,U01025,S0818,500.0,2025-04-21,77.0
V006073,U01385,S0281,500.0,2024-07-17,20.0
V006074,U01354,S0812,38.0,2024-08-19,53.0
V006075,U01786,S0158,500.0,2024-01-15,14.0
V006076,U00875,S0128,94.0,2024-10-14,52.0
V006077,U01153,S0659,162.0,2024-07-02,56.0
V006078,U01383,S0093,219.0,2024-03-04,97.0
V006079,U01625,S0980,500.0,2024-03-18,17.0
V006080,U01634,S0408,93.0,2025-05-25,69.0
V006081,U01658,S0578,205.0,2025-06-06,100.0
V006082,U00346,S0150,500.0,2024-02-16,49.0
V006083,U00711,S0719,500.0,2024-12-26,50.0
V006084,U00662,S0451,135.0,2024-07-11,40.0
V006085,U00337,S0817,500.0,2024-04-18,54.0
V006086,U00952,S0368,102.0,2024-12-27,79.0
V006087,U01806,S0991,500.0,2024-11-05,58.0
V006088,U01648,S0703,500.0,2025-05-05,54.0
V006089,U01674,S0378,500.0,2024-04-11,19.0
V006090,U00163,S0141,135.0,2024-02-16,20.0
V006091,U01737,S0400,500.0,2024-07-23,36.0
V006092,U01307,S0952,500.0,2024-08-09,83.0
V006093,U01976,S0770,128.0,2024-02-01,94.0
V006094,U01061,S0099,500.0,2025-02-21,78.0
V006095,U01522,S0323,116.0,2024-01-10,92.0
V006096,U00585,S0412,75.0,2025-01-28,88.0
V006097,U01753,S0497,500.0,2025-02-16,64.0
V006098,U00379,S0775,40.0,2024-11-03,78.0
V006099,U00523,S0543,500.0,2024-02-29,14.0
V006100,U01983,S0932,199.0,2025-04-19,77.0
V006101,U01261,S0547,197.0,2024-10-25,66.0
V006102,U01560,S0645,94.0,2025-01-28,23.0
V006103,U00738,S0217,207.0,2024-12-12,14.0
V006104,U01642,S0218,105.0,2024-04-05,72.0
V006105,U01422,S0395,500.0,2024-10-29,60.0
V006106,U01975,S0488,209.0,2024-08-28,25.0
V006107,U01571,S0603,38.0,2024-04-04,26.0
V006108,U00291,S0968,95.0,2024-01-27,78.0
V006109,U00973,S0763,124.0,2025-02-28,56.0
V006110,U01239,S0213,500.0,2025-03-04,15.0
V006111,U01740,S0435,197.0,2024-03-10,99.0
V006112,U01626,S0596,500.0,2024-02-13,39.0
V006113,U00415,S0957,40.0,2025-05-19,15.0
V006114,U00950,S0206,144.0,2025-06-21,52.0
V006115,U01485,S0906,219.0,2025-09-06,42.0
V006116,U00218,S0421,124.0,2025-03-02,58.0
V006117,U01794,S0148,500.0,2024-12-25,86.0
V006118,U01253,S0176,111.0,2024-08-02,56.0
V006119,U00282,S0111,500.0,2024-11-17,78.0
V006120,U01439,S0745,7.0,2025-02-25,55.0
V006121,U00108,S0303,500.0,2025-05-16,26.0
V006122,U01853,S0241,72.0,2024-04-30,56.0
V006123,U00732,S0695,500.0,2024-05-04,38.0
V006124,U01783,S0018,500.0,2025-06-19,46.0
V006125,U00528,S0303,119.0,2024-05-13,25.0
V006126,U01104,S0489,500.0,2024-01-09,29.0
V006127,U00602,S0959,97.0,2024-08-22,56.0
V006128,U01653,S0532,154.0,2024-03-30,74.0
V006129,U00886,S0580,67.0,2024-02-19,33.0
V006130,U00259,S0205,219.0,2024-12-05,44.0
V006131,U00656,S0290,76.0,2024-08-30,48.0
V006132,U01761,S0293,184.0,2024-01-17,50.0
V006133,U01107,S0200,500.0,2024-06-04,11.0
V006134,U01913,S0590,500.0,2024-06-15,21.0
V006135,U00541,S0045,500.0,2024-04-24,76.0
V006136,U00652,S0520,195.0,2024-01-06,69.0
V006137,U01652,S0371,500.0,2025-04-24,71.0
V006138,U00770,S0592,500.0,2024-01-22,46.0
V006139,U01158,S0504,132.0,2025-06-15,56.0
V006140,U01746,S0587,500.0,2024-09-06,28.0
V006141,U00368,S0214,139.0,2024-04-15,56.0
V006142,U01030,S0264,170.0,2024-08-14,34.0
V006143,U01423,S0121,500.0,2024-04-11,13.0
V006144,U00692,S0087,500.0,2024-03-19,95.0
V006145,U00143,S0584,219.0,2024-04-23,92.0
V006146,U00113,S0646,9.0,2024-02-02,72.0
V006147,U00243,S0521,500.0,2024-05-05,50.0
V006148,U00900,S0697,32.0,2024-05-27,87.0
V006149,U01517,S0660,500.0,2025-09-01,64.0
V006150,U01349,S0554,500.0,2025-04-19,12.0
V006151,U00644,S0099,500.0,2024-05-31,98.0
V006152,U00531,S0065,219.0,2024-07-09,88.0
V006153,U00715,S0289,24.0,2024-11-03,11.0
V006154,U01449,S0730,97.0,2024-11-18,92.0
V006155,U00326,S0979,500.0,2024-06-09,53.0
V006156,U01017,S0969,100.0,2024-05-11,80.0
V006157,U00420,S0905,133.0,2025-03-20,12.0
V006158,U01540,S0151,24.0,2025-05-11,27.0
V006159,U01642,S0686,500.0,2025-03-18,100.0
V006160,U01548,S0710,500.0,2024-12-20,69.0
V006161,U00707,S0376,500.0,2024-02-21,66.0
V006162,U01288,S0419,500.0,2024-05-21,21.0
V006163,U01647,S0273,85.0,2025-05-16,87.0
V006164,U00401,S0612,192.0,2025-04-03,94.0
V006165,U01095,S0960,162.0,2025-01-26,96.0
V006166,U01874,S0178,500.0,2025-04-14,34.0
V006167,U01444,S0977,13.0,2024-12-15,59.0
V006168,U01570,S0014,113.0,2025-03-28,83.0
V006169,U00462,S0742,500.0,2025-03-30,85.0
V006170,U00797,S0191,500.0,2024-05-12,71.0
V006171,U00896,S0323,220.0,2024-08-04,35.0
V006172,U00523,S0412,500.0,2024-03-11,41.0
V006173,U01521,S0035,178.0,2025-05-30,90.0
V006174,U01481,S0660,182.0,2024-05-18,100.0
V006175,U01487,S0859,500.0,2024-07-04,66.0
V006176,U01482,S0587,500.0,2025-01-20,81.0
V006177,U00319,S0354,500.0,2024-02-23,67.0
V006178,U01966,S0850,104.0,2024-10-17,26.0
V006179,U01597,S0263,500.0,2025-05-21,34.0
V006180,U01741,S0306,217.0,2025-01-23,70.0
V006181,U00944,S0733,136.0,2024-01-15,94.0
V006182,U01353,S0963,41.0,2025-02-10,56.0
V006183,U01385,S0176,500.0,2024-03-01,88.0
V006184,U01350,S0135,500.0,2024-02-01,49.0
V006185,U00659,S0668,129.0,2024-10-25,62.0
V006186,U00638,S0209,500.0,2024-08-23,28.0
V006187,U00726,S0074,30.0,2025-06-23,37.0
V006188,U00288,S0807,24.0,2024-04-25,93.0
V006189,U00166,S0583,500.0,2025-12-02,85.0
V006190,U00471,S0862,500.0,2025-01-04,33.0
V006191,U01546,S0385,219.0,2024-08-11,30.0
V006192,U01463,S0660,500.0,2025-05-25,67.0
V006193,U00270,S0712,500.0,2024-03-02,94.0
V006194,U00978,S0365,500.0,2024-03-20,37.0
V006195,U01063,S0481,219.0,2024-11-12,100.0
V006196,U00831,S0175,148.0,2025-02-02,62.0
V006197,U01157,S0837,151.0,2024-07-30,11.0
V006198,U00831,S0087,500.0,2024-10-30,51.0
V006199,U01955,S0214,173.0,2025-02-01,75.0
V006200,U00333,S0391,500.0,2024-02-06,15.0
V006201,U00851,S0801,9.0,2025-04-11,66.0
V006202,U00267,S0691,500.0,2025-02-20,44.0
V006203,U01793,S0078,67.0,2025-05-22,65.0
V006204,U00815,S0324,21.0,2025-04-05,77.0
V006205,U01422,S0383,40.0,2024-06-13,50.0
V006206,U01189,S0438,500.0,2024-08-16,56.0
V006207,U01199,S0596,500.0,2024-06-01,51.0
V006208,U00011,S0656,142.0,2025-05-28,64.0
V006209,U00255,S0703,144.0,2024-11-30,18.0
V006210,U01220,S0721,500.0,2024-05-01,55.0
V006211,U01874,S0308,207.0,2025-02-24,64.0
V006212,U01044,S0132,59.0,2024-09-04,84.0
V006213,U00845,S0656,500.0,2024-01-28,62.0
V006214,U01505,S0185,14.0,2024-02-19,84.0
V006215,U01406,S0356,219.0,2024-12-25,76.0
V006216,U01729,S0573,500.0,2025-02-23,15.0
V006217,U01086,S0379,500.0,2024-12-19,87.0
V006218,U01692,S0167,500.0,2024-11-28,22.0
V006219,U01541,S0518,12.0,2025-04-25,38.0
V006220,U00747,S0681,138.0,2024-04-02,62.0
V006221,U01452,S0208,108.0,2024-03-23,36.0
V006222,U00019,S0412,17.0,2025-05-16,54.0
V006223,U00263,S0278,500.0,2025-05-09,56.0
V006224,U00730,S0816,19.0,2024-05-19,12.0
V006225,U00669,S0850,125.0,2025-01-16,38.0
V006226,U01297,S0925,500.0,2024-02-18,58.0
V006227,U00539,S0317,185.0,2025-10-01,55.0
V006228,U01409,S0296,21.0,2024-01-27,95.0
V006229,U01122,S0815,11.0,2024-06-27,69.0
V006230,U00373,S0678,500.0,2025-02-14,40.0
V006231,U00877,S0243,219.0,2024-03-25,71.0
V006232,U01338,S0561,500.0,2025-05-31,68.0
V006233,U00101,S0914,500.0,2024-12-22,55.0
V006234,U00552,S0440,219.0,2025-04-03,70.0
V006235,U01283,S0856,84.0,2024-07-30,19.0
V006236,U01186,S0626,500.0,2025-05-15,63.0
V006237,U00417,S0726,105.0,2024-04-30,56.0
V006238,U00919,S0939,500.0,2024-08-03,92.0
V006239,U00778,S0150,219.0,2025-02-01,32.0
V006240,U00588,S0424,138.0,2024-02-12,56.0
V006241,U01995,S0002,100.0,2025-05-27,57.0
V006242,U01805,S0441,500.0,2024-09-08,15.0
V006243,U00004,S0451,126.0,2024-03-23,11.0
V006244,U01523,S0164,38.0,2024-07-11,56.0
V006245,U01770,S0980,177.0,2025-06-13,66.0
V006246,U00376,S0819,500.0,2024-10-16,69.0
V006247,U00738,S0367,204.0,2024-01-14,25.0
V006248,U01514,S0195,500.0,2025-01-06,48.0
V006249,U01400,S0629,500.0,2025-03-14,59.0
V006250,U00147,S0375,11.0,2024-04-12,94.0
V006251,U00366,S0404,500.0,2025-02-14,14.0
V006252,U01787,S0629,61.0,2024-03-05,24.0
V006253,U00900,S0121,500.0,2024-05-16,68.0
V006254,U01360,S0402,500.0,2024-02-18,81.0
V006255,U00917,S0381,38.0,2024-11-28,54.0
V006256,U01080,S0761,500.0,2025-01-27,74.0
V006257,U00901,S0791,500.0,2025-09-05,83.0
V006258,U01596,S0295,199.0,2024-02-17,72.0
V006259,U00869,S0321,500.0,2024-08-21,22.0
V006260,U00582,S0284,500.0,2025-06-21,45.0
V006261,U00360,S0157,70.0,2025-03-31,98.0
V006262,U00973,S0459,132.0,2024-05-06,49.0
V006263,U00811,S0150,500.0,2024-04-21,97.0
V006264,U00649,S0721,500.0,2024-09-26,64.0
V006265,U00935,S0022,103.0,2025-11-04,88.0
V006266,U01498,S0454,21.0,2024-06-26,18.0
V006267,U00356,S0731,18.0,2024-08-26,92.0
V006268,U00693,S0774,93.0,2024-08-01,46.0
V006269,U01762,S0372,500.0,2024-03-04,80.0
V006270,U00287,S0609,500.0,2024-03-17,57.0
V006271,U00043,S0001,500.0,2025-05-18,42.0
V006272,U00082,S0292,202.0,2025-06-19,98.0
V006273,U00900,S0089,500.0,2024-12-20,67.0
V006274,U00342,S0802,37.0,2024-02-04,14.0
V006275,U00608,S0462,500.0,2024-08-20,69.0
V006276,U01889,S0865,500.0,2024-01-12,21.0
V006277,U00510,S0833,500.0,2024-03-29,54.0
V006278,U01986,S0656,220.0,2024-02-27,90.0
V006279,U01080,S0765,137.0,2025-03-01,25.0
V006280,U00110,S0225,500.0,2024-05-28,96.0
V006281,U00541,S0211,177.0,2024-02-26,46.0
V006282,U01614,S0949,500.0,2024-01-04,89.0
V006283,U01422,S0109,219.0,2025-05-02,58.0
V006284,U00009,S0009,500.0,2025-01-25,73.0
V006285,U01362,S0684,500.0,2024-03-08,63.0
V006286,U01414,S0253,500.0,2024-04-02,54.0
V006287,U00505,S0009,500.0,2024-05-02,44.0
V006288,U01184,S0146,89.0,2024-03-01,38.0
V006289,U01272,S0434,125.0,2024-05-04,93.0
V006290,U01827,S0351,500.0,2024-11-24,96.0
V006291,U00449,S0877,167.0,2024-03-10,31.0
V006292,U01368,S0856,500.0,2024-02-12,71.0
V006293,U00064,S0672,140.0,2025-02-21,13.0
V006294,U00744,S0598,500.0,2024-05-12,56.0
V006295,U01622,S0799,180.0,2024-06-29,40.0
V006296,U00204,S0536,500.0,2024-10-16,56.0
V006297,U00412,S0475,500.0,2024-11-15,69.0
V006298,U00302,S0632,166.0,2024-07-20,10.0
V006299,U00133,S0706,500.0,2024-06-04,75.0
V006300,U01398,S0730,208.0,2025-02-02,15.0
V006301,U01921,S0544,500.0,2024-08-26,21.0
V006302,U01857,S0974,500.0,2025-09-04,11.0
V006303,U00899,S0248,94.0,2025-01-13,40.0
V006304,U00086,S0345,211.0,2024-06-03,75.0
V006305,U01190,S0444,500.0,2024-10-22,61.0
V006306,U01100,S0324,15.0,2024-05-18,36.0
V006307,U01382,S0058,144.0,2024-04-28,71.0
V006308,U00430,S0674,500.0,2024-10-13,84.0
V006309,U00446,S0829,500.0,2025-06-23,53.0
V006310,U01337,S0774,131.0,2024-06-19,65.0
V006311,U01042,S0373,500.0,2024-11-20,44.0
V006312,U00283,S0885,34.0,2024-09-23,16.0
V006313,U01880,S0629,500.0,2024-06-20,26.0
V006314,U00024,S0606,500.0,2024-01-05,24.0
V006315,U00937,S0724,500.0,2025-08-06,46.0
V006316,U00444,S0519,500.0,2025-03-19,53.0
V006317,U01618,S0429,500.0,2025-05-02,60.0
V006318,U00239,S0363,110.0,2025-05-25,49.0
V006319,U01827,S0066,32.0,2024-06-10,79.0
V006320,U00251,S0976,500.0,2024-03-14,73.0
V006321,U01881,S0029,101.0,2024-07-03,26.0
V006322,U00571,S0419,500.0,2025-03-21,18.0
V006323,U01504,S0570,500.0,2024-07-07,13.0
V006324,U00892,S0379,500.0,2025-02-28,19.0
V006325,U01747,S0082,131.0,2024-01-21,13.0
V006326,U00877,S0364,500.0,2024-11-01,88.0
V006327,U01504,S0385,30.0,2024-07-01,54.0
V006328,U01095,S0854,131.0,2025-03-03,54.0
V006329,U01322,S0894,500.0,2024-06-28,95.0
V006330,U01889,S0886,500.0,2024-07-02,79.0
V006331,U00756,S0785,151.0,2025-03-06,82.0
V006332,U01342,S0775,219.0,2025-05-13,93.0
V006333,U00694,S0882,155.0,2024-04-11,36.0
V006334,U01288,S0588,53.0,2024-12-29,59.0
V006335,U01203,S0034,500.0,2024-05-30,17.0
V006336,U00117,S0553,216.0,2025-02-15,71.0
V006337,U01735,S0691,205.0,2024-11-07,31.0
V006338,U00049,S0237,190.0,2025-06-11,66.0
V006339,U01607,S0240,9.0,2024-02-22,62.0
V006340,U01819,S0737,97.0,2025-01-24,92.0
V006341,U00744,S0898,500.0,2024-10-26,46.0
V006342,U00070,S0010,500.0,2025-02-14,22.0
V006343,U01717,S0739,500.0,2025-04-17,79.0
V006344,U01261,S0041,161.0,2024-03-21,62.0
V006345,U01295,S0280,138.0,2024-07-05,50.0
V006346,U00192,S0346,120.0,2024-10-05,11.0
V006347,U01665,S0474,83.0,2025-02-15,56.0
V006348,U00270,S0453,500.0,2024-07-16,40.0
V006349,U01970,S0252,64.0,2025-06-21,98.0
V006350,U01474,S0408,35.0,2025-02-22,19.0
V006351,U00830,S0621,500.0,2025-06-24,91.0
V006352,U00604,S0398,500.0,2025-06-23,41.0
V006353,U00453,S0363,220.0,2024-11-09,15.0
V006354,U00081,S0229,20.0,2025-01-15,70.0
V006355,U01126,S0855,500.0,2024-09-11,67.0
V006356,U01707,S0462,38.0,2024-08-28,89.0
V006357,U00686,S0298,500.0,2024-03-14,71.0
V006358,U01268,S0696,500.0,2024-12-08,59.0
V006359,U01178,S0555,39.0,2024-06-17,71.0
V006360,U00837,S0512,154.0,2024-10-22,91.0
V006361,U01038,S0867,500.0,2025-04-04,25.0
V006362,U00292,S0470,500.0,2025-03-17,77.0
V006363,U00886,S0453,500.0,2025-04-29,53.0
V006364,U00067,S0029,500.0,2024-12-14,64.0
V006365,U01852,S0643,213.0,2024-06-17,22.0
V006366,U00603,S0688,125.0,2025-01-24,73.0
V006367,U00484,S0890,500.0,2025-03-20,56.0
V006368,U00356,S0240,500.0,2025-01-20,86.0
V006369,U00966,S0652,190.0,2024-09-02,97.0
V006370,U00062,S0459,92.0,2025-01-20,16.0
V006371,U01895,S0865,500.0,2024-12-18,65.0
V006372,U01881,S0286,82.0,2025-05-21,92.0
V006373,U00238,S0577,500.0,2025-04-19,92.0
V006374,U00130,S0624,75.0,2024-01-30,96.0
V006375,U00287,S0365,500.0,2025-05-15,19.0
V006376,U01267,S0318,174.0,2025-05-04,68.0
V006377,U01100,S0567,59.0,2024-03-02,80.0
V006378,U00038,S0405,117.0,2024-11-06,56.0
V006379,U00087,S0020,91.0,2024-06-04,71.0
V006380,U01903,S0724,500.0,2024-05-27,38.0
V006381,U00249,S0104,500.0,2025-04-06,61.0
V006382,U01532,S0653,217.0,2024-08-02,18.0
V006383,U00206,S0652,219.0,2024-05-12,11.0
V006384,U01521,S0218,500.0,2025-06-19,62.0
V006385,U01816,S0978,206.0,2024-01-16,85.0
V006386,U00646,S0074,18.0,2024-07-01,89.0
V006387,U01386,S0110,117.0,2024-01-22,98.0
V006388,U00346,S0877,500.0,2024-10-16,10.0
V006389,U01935,S0235,197.0,2024-09-24,24.0
V006390,U01543,S0045,124.0,2024-07-03,99.0
V006391,U01435,S0929,500.0,2024-05-05,86.0
V006392,U01693,S0607,500.0,2024-02-13,82.0
V006393,U01433,S0911,500.0,2024-09-03,85.0
V006394,U00222,S0613,38.0,2025-01-18,78.0
V006395,U01237,S0974,45.0,2024-01-05,18.0
V006396,U00997,S0742,500.0,2024-03-28,44.0
V006397,U01674,S0321,217.0,2024-06-26,59.0
V006398,U01855,S0642,500.0,2024-05-22,48.0
V006399,U00227,S0352,39.0,2025-02-01,90.0
V006400,U01992,S0009,113.0,2025-06-14,63.0
V006401,U01952,S0002,138.0,2024-09-28,56.0
V006402,U00598,S0604,99.0,2025-05-19,16.0
V006403,U01609,S0718,500.0,2024-03-25,45.0
V006404,U00394,S0914,60.0,2025-03-28,14.0
V006405,U01567,S0108,25.0,2024-09-16,97.0
V006406,U00009,S0972,6.0,2024-09-11,70.0
V006407,U01407,S0915,92.0,2024-08-10,89.0
V006408,U01253,S0502,500.0,2024-11-07,39.0
V006409,U00292,S0706,500.0,2024-06-26,86.0
V006410,U00707,S0438,500.0,2024-12-04,41.0
V006411,U00993,S0588,93.0,2024-09-11,99.0
V006412,U00045,S0194,500.0,2024-07-14,63.0
V006413,U00889,S0460,90.0,2024-09-25,42.0
V006414,U01525,S0159,219.0,2025-11-06,98.0
V006415,U00236,S0592,93.0,2024-04-15,23.0
V006416,U01837,S0396,131.0,2024-09-16,11.0
V006417,U01998,S0306,22.0,2024-10-20,62.0
V006418,U01185,S0002,182.0,2024-09-30,33.0
V006419,U00779,S0049,99.0,2024-06-01,37.0
V006420,U01054,S0644,500.0,2024-02-23,23.0
V006421,U01484,S0596,500.0,2025-04-16,55.0
V006422,U01762,S0315,125.0,2024-10-09,57.0
V006423,U00360,S0769,500.0,2024-08-23,36.0
V006424,U00315,S0423,500.0,2024-12-19,50.0
V006425,U01617,S0039,91.0,2024-05-02,71.0
V006426,U01320,S0674,123.0,2024-01-16,72.0
V006427,U00678,S0356,500.0,2024-06-27,18.0
V006428,U00124,S0127,500.0,2025-01-27,90.0
V006429,U00832,S0156,500.0,2024-01-16,48.0
V006430,U00986,S0364,500.0,2024-04-01,80.0
V006431,U01450,S0043,500.0,2025-01-23,85.0
V006432,U00426,S0059,500.0,2025-05-29,64.0
V006433,U01935,S0039,33.0,2024-09-03,21.0
V006434,U00529,S0302,500.0,2024-03-24,78.0
V006435,U00148,S0011,500.0,2024-03-18,77.0
V006436,U01485,S0063,151.0,2024-01-01,44.0
V006437,U00982,S0886,93.0,2025-06-04,83.0
V006438,U00288,S0680,173.0,2024-01-26,96.0
V006439,U01676,S0385,56.0,2024-03-11,47.0
V006440,U01241,S0657,202.0,2024-06-11,13.0
V006441,U01354,S0145,500.0,2025-02-11,83.0
V006442,U01625,S0600,138.0,2024-01-04,95.0
V006443,U00244,S0502,500.0,2024-07-01,50.0
V006444,U01895,S0220,500.0,2024-06-28,100.0
V006445,U00621,S0877,50.0,2024-08-10,97.0
V006446,U01677,S0951,500.0,2024-11-25,26.0
V006447,U01910,S0279,216.0,2024-11-18,85.0
V006448,U01952,S0295,500.0,2024-06-10,89.0
V006449,U01495,S0776,500.0,2024-03-25,50.0
V006450,U00027,S0026,104.0,2024-03-26,10.0
V006451,U00066,S0143,500.0,2025-01-21,95.0
V006452,U00732,S0713,125.0,2025-05-16,14.0
V006453,U01333,S0522,193.0,2024-10-26,93.0
V006454,U01974,S0306,500.0,2024-01-03,91.0
V006455,U01229,S0876,500.0,2024-05-26,83.0
V006456,U01370,S0848,48.0,2024-09-10,57.0
V006457,U00385,S0172,118.0,2024-08-19,79.0
V006458,U00585,S0673,106.0,2024-07-29,94.0
V006459,U00451,S0871,500.0,2025-12-05,38.0
V006460,U00909,S0277,500.0,2025-02-22,96.0
V006461,U00802,S0523,64.0,2024-11-22,19.0
V006462,U01173,S0917,204.0,2025-01-14,25.0
V006463,U01889,S0015,9.0,2024-07-01,34.0
V006464,U00081,S0036,500.0,2024-10-14,91.0
V006465,U01716,S0787,500.0,2024-08-06,74.0
V006466,U00790,S0203,500.0,2025-04-21,76.0
V006467,U00687,S0020,93.0,2024-04-09,86.0
V006468,U01223,S0910,500.0,2024-03-23,23.0
V006469,U01546,S0999,46.0,2024-07-31,91.0
V006470,U00329,S0398,219.0,2024-06-03,54.0
V006471,U01615,S0801,500.0,2025-12-02,50.0
V006472,U00689,S0386,500.0,2025-06-04,55.0
V006473,U00446,S0309,197.0,2024-06-13,75.0
V006474,U00417,S0017,500.0,2024-05-19,82.0
V006475,U00850,S0753,5.0,2024-10-08,15.0
V006476,U01816,S0216,152.0,2024-05-27,93.0
V006477,U00409,S0414,76.0,2025-01-17,31.0
V006478,U01582,S0623,500.0,2024-05-03,94.0
V006479,U00350,S0694,219.0,2024-03-04,28.0
V006480,U01132,S0211,500.0,2025-03-03,87.0
V006481,U01045,S0702,500.0,2024-04-14,26.0
V006482,U01329,S0916,157.0,2024-05-08,40.0
V006483,U01041,S0681,8.0,2024-07-19,13.0
V006484,U00055,S0115,29.0,2025-05-22,76.0
V006485,U01447,S0079,500.0,2025-05-05,61.0
V006486,U01072,S0744,500.0,2024-09-12,88.0
V006487,U01543,S0527,219.0,2025-09-02,65.0
V006488,U00041,S0630,94.0,2024-08-10,60.0
V006489,U01890,S0871,500.0,2025-06-16,56.0
V006490,U01319,S0561,500.0,2025-01-25,16.0
V006491,U01572,S0928,500.0,2024-04-01,12.0
V006492,U01689,S0399,54.0,2025-10-06,12.0
V006493,U00730,S0354,90.0,2025-03-02,17.0
V006494,U00780,S0966,116.0,2024-09-03,75.0
V006495,U00204,S0723,34.0,2025-02-01,65.0
V006496,U00943,S0612,82.0,2025-01-24,69.0
V006497,U00373,S0440,83.0,2025-03-02,27.0
V006498,U00407,S0207,104.0,2025-03-29,75.0
V006499,U01033,S0237,500.0,2025-01-19,80.0
V006500,U00679,S0729,175.0,2025-03-18,19.0
V006501,U00926,S0090,96.0,2024-06-12,11.0
V006502,U01898,S0995,500.0,2025-12-04,86.0
V006503,U00876,S0586,7.0,2024-07-07,78.0
V006504,U01742,S0624,27.0,2024-01-27,56.0
V006505,U01109,S0428,185.0,2024-03-13,71.0
V006506,U00705,S0179,219.0,2024-01-20,54.0
V006507,U00799,S0569,500.0,2025-10-02,70.0
V006508,U00624,S0579,99.0,2025-02-05,69.0
V006509,U00686,S0643,500.0,2024-03-31,84.0
V006510,U01662,S0832,500.0,2024-07-18,72.0
V006511,U01298,S0271,71.0,2024-04-01,13.0
V006512,U01302,S0058,500.0,2025-01-25,52.0
V006513,U01947,S0546,500.0,2024-01-02,77.0
V006514,U01171,S0081,500.0,2024-03-28,56.0
V006515,U01467,S1000,181.0,2024-07-21,48.0
V006516,U01124,S0892,172.0,2025-05-15,69.0
V006517,U01457,S0057,116.0,2024-06-27,62.0
V006518,U01809,S0429,500.0,2024-04-13,48.0
V006519,U01096,S0783,500.0,2025-03-23,65.0
V006520,U01717,S0137,500.0,2025-06-08,56.0
V006521,U00354,S0829,95.0,2024-12-03,54.0
V006522,U01841,S0807,94.0,2025-03-21,17.0
V006523,U00848,S0712,500.0,2025-01-06,75.0
V006524,U00172,S0570,500.0,2025-01-17,79.0
V006525,U01737,S0954,194.0,2024-11-30,78.0
V006526,U01103,S0892,135.0,2025-01-05,74.0
V006527,U01080,S0577,23.0,2024-09-19,40.0
V006528,U01287,S0682,500.0,2025-03-20,73.0
V006529,U00530,S0185,500.0,2024-09-28,69.0
V006530,U01257,S0866,500.0,2024-12-17,49.0
V006531,U01175,S0746,500.0,2025-09-06,56.0
V006532,U01999,S0723,23.0,2024-04-24,84.0
V006533,U01954,S0545,177.0,2025-03-20,20.0
V006534,U01978,S0993,219.0,2024-08-18,33.0
V006535,U00373,S0454,216.0,2025-05-31,88.0
V006536,U00150,S0460,86.0,2025-03-11,41.0
V006537,U00005,S0055,500.0,2024-01-09,35.0
V006538,U00579,S0287,500.0,2025-02-02,81.0
V006539,U00546,S0800,47.0,2024-01-06,13.0
V006540,U01188,S0133,500.0,2024-02-14,21.0
V006541,U00861,S0028,125.0,2025-01-24,62.0
V006542,U01822,S0225,500.0,2024-05-24,77.0
V006543,U01024,S0043,500.0,2024-06-02,78.0
V006544,U00507,S0914,500.0,2025-09-04,40.0
V006545,U01886,S0460,500.0,2025-06-07,16.0
V006546,U00844,S0920,500.0,2024-05-25,24.0
V006547,U00577,S0062,500.0,2024-04-05,50.0
V006548,U01987,S0902,500.0,2024-03-10,51.0
V006549,U00551,S0018,205.0,2025-05-28,54.0
V006550,U01866,S0689,98.0,2024-10-06,70.0
V006551,U01543,S0802,50.0,2025-12-05,98.0
V006552,U01278,S0538,500.0,2024-05-26,13.0
V006553,U01225,S0553,17.0,2024-10-25,24.0
V006554,U00323,S0012,500.0,2025-06-13,67.0
V006555,U01266,S0933,123.0,2024-08-20,42.0
V006556,U01930,S0297,211.0,2024-08-03,56.0
V006557,U00191,S0215,500.0,2024-07-06,66.0
V006558,U01296,S0229,500.0,2024-02-13,71.0
V006559,U01825,S0186,500.0,2024-03-11,29.0
V006560,U01446,S0961,120.0,2024-05-30,55.0
V006561,U00184,S0173,204.0,2024-12-09,93.0
V006562,U01531,S0867,176.0,2024-01-27,12.0
V006563,U01737,S0667,500.0,2024-04-04,69.0
V006564,U00420,S0600,500.0,2024-10-19,100.0
V006565,U01494,S0389,500.0,2024-09-29,51.0
V006566,U00782,S0451,56.0,2024-11-23,18.0
V006567,U01660,S0255,155.0,2024-01-09,77.0
V006568,U01568,S0081,500.0,2025-06-20,89.0
V006569,U01208,S0074,500.0,2025-03-27,48.0
V006570,U00614,S0500,500.0,2024-02-20,93.0
V006571,U00576,S0919,114.0,2025-02-22,49.0
V006572,U01517,S0402,123.0,2025-03-02,25.0
V006573,U01880,S0533,500.0,2025-03-29,72.0
V006574,U00901,S0478,500.0,2025-02-17,50.0
V006575,U01526,S0660,171.0,2024-04-08,23.0
V006576,U00634,S0599,62.0,2024-06-25,40.0
V006577,U00693,S0692,500.0,2024-04-15,99.0
V006578,U00626,S0373,212.0,2025-06-06,97.0
V006579,U00038,S0084,183.0,2025-06-13,34.0
V006580,U00892,S0115,38.0,2025-06-13,76.0
V006581,U01952,S0477,193.0,2024-02-15,95.0
V006582,U00163,S0885,19.0,2024-02-13,66.0
V006583,U01128,S0170,500.0,2024-11-25,70.0
V006584,U01047,S0220,218.0,2024-09-02,84.0
V006585,U00674,S0833,86.0,2024-07-05,83.0
V006586,U01010,S0493,500.0,2024-03-02,89.0
V006587,U00830,S0806,199.0,2024-01-21,51.0
V006588,U01380,S0815,86.0,2024-04-15,46.0
V006589,U01097,S1000,114.0,2025-06-05,30.0
V006590,U01165,S0322,21.0,2025-02-23,38.0
V006591,U00817,S0504,86.0,2025-02-21,52.0
V006592,U00872,S0760,219.0,2025-01-30,72.0
V006593,U01385,S0755,146.0,2024-02-12,85.0
V006594,U01715,S0122,201.0,2025-06-21,56.0
V006595,U01224,S0913,500.0,2024-11-28,56.0
V006596,U01595,S0353,175.0,2025-05-26,63.0
V006597,U00805,S0696,500.0,2024-01-25,20.0
V006598,U01700,S0922,500.0,2024-10-21,56.0
V006599,U00527,S0795,500.0,2024-01-02,60.0
V006600,U01080,S0221,111.0,2024-04-23,30.0
V006601,U01096,S0429,95.0,2025-02-17,56.0
V006602,U00207,S0062,500.0,2024-10-16,55.0
V006603,U00488,S0078,23.0,2024-01-19,56.0
V006604,U01846,S0073,500.0,2024-03-23,16.0
V006605,U01460,S0772,500.0,2025-01-17,92.0
V006606,U01563,S0684,152.0,2024-01-31,56.0
V006607,U00406,S0780,75.0,2024-10-17,80.0
V006608,U01992,S0326,500.0,2024-04-15,38.0
V006609,U00317,S0559,156.0,2024-05-17,71.0
V006610,U00501,S0733,160.0,2025-05-02,44.0
V006611,U00280,S0861,500.0,2025-02-04,40.0
V006612,U01241,S0097,500.0,2025-02-11,77.0
V006613,U00402,S0325,76.0,2025-06-04,83.0
V006614,U01557,S0278,500.0,2024-02-02,10.0
V006615,U00384,S0822,500.0,2024-03-20,87.0
V006616,U01190,S0701,132.0,2025-05-05,40.0
V006617,U01536,S0200,72.0,2024-08-21,22.0
V006618,U01306,S0912,200.0,2024-12-27,53.0
V006619,U01205,S0969,500.0,2024-03-22,46.0
V006620,U01580,S0694,500.0,2025-03-05,94.0
V006621,U01130,S0831,157.0,2024-05-02,67.0
V006622,U01320,S0132,500.0,2025-01-17,51.0
V006623,U01719,S0792,500.0,2024-02-11,56.0
V006624,U00370,S0285,500.0,2024-05-05,40.0
V006625,U00098,S1000,500.0,2024-07-29,13.0
V006626,U00912,S0533,51.0,2024-08-21,38.0
V006627,U01693,S0013,186.0,2025-06-22,99.0
V006628,U00764,S0760,500.0,2024-12-19,15.0
V006629,U00651,S0728,7.0,2024-06-15,96.0
V006630,U00126,S0723,60.0,2024-04-16,81.0
V006631,U01563,S0839,500.0,2025-02-09,14.0
V006632,U01151,S0227,161.0,2025-02-03,88.0
V006633,U01715,S0750,172.0,2024-09-24,20.0
V006634,U01983,S0688,46.0,2024-06-09,31.0
V006635,U00471,S0263,160.0,2024-07-26,86.0
V006636,U00492,S0063,500.0,2025-03-18,69.0
V006637,U00063,S0738,500.0,2024-04-07,48.0
V006638,U01098,S0772,500.0,2024-08-03,97.0
V006639,U01998,S0133,166.0,2024-02-28,31.0
V006640,U01157,S0587,130.0,2025-03-26,61.0
V006641,U01210,S0969,191.0,2024-04-25,69.0
V006642,U01531,S0746,500.0,2025-01-23,10.0
V006643,U00531,S0947,219.0,2025-06-18,23.0
V006644,U01545,S0846,105.0,2024-01-11,82.0
V006645,U00344,S0603,500.0,2025-03-20,98.0
V006646,U01512,S0413,500.0,2024-03-03,26.0
V006647,U00977,S0264,63.0,2024-03-15,43.0
V006648,U00488,S0964,219.0,2024-02-14,86.0
V006649,U00973,S0722,500.0,2024-12-24,98.0
V006650,U00377,S0089,500.0,2024-03-12,57.0
V006651,U00630,S0215,8.0,2024-07-08,14.0
V006652,U00270,S0905,500.0,2024-01-21,100.0
V006653,U00150,S0080,219.0,2025-06-14,89.0
V006654,U01200,S0990,193.0,2025-03-01,52.0
V006655,U00918,S0140,500.0,2024-04-21,49.0
V006656,U01068,S0886,500.0,2024-03-22,23.0
V006657,U00618,S0652,500.0,2024-01-08,65.0
V006658,U00436,S0491,212.0,2025-03-12,92.0
V006659,U01857,S0750,5.0,2025-03-01,74.0
V006660,U00077,S0037,181.0,2024-12-08,59.0
V006661,U01853,S0621,500.0,2024-07-23,91.0
V006662,U01292,S0358,500.0,2024-03-23,62.0
V006663,U00466,S0134,101.0,2024-05-26,83.0
V006664,U01572,S0580,500.0,2025-03-05,50.0
V006665,U00021,S0053,105.0,2025-04-27,66.0
V006666,U01517,S0578,65.0,2025-01-04,91.0
V006667,U01209,S0311,48.0,2024-05-03,38.0
V006668,U01890,S0090,108.0,2025-04-14,76.0
V006669,U00451,S0711,500.0,2024-06-23,20.0
V006670,U00294,S0227,500.0,2024-05-22,17.0
V006671,U00948,S0576,219.0,2025-04-18,56.0
V006672,U01658,S0698,500.0,2025-04-24,34.0
V006673,U01952,S0933,13.0,2024-12-28,90.0
V006674,U00408,S0619,123.0,2024-12-24,26.0
V006675,U00214,S0955,219.0,2024-03-08,27.0
V006676,U00599,S0013,58.0,2025-06-02,58.0
V006677,U00720,S0160,28.0,2024-11-23,44.0
V006678,U00033,S0420,500.0,2024-01-05,90.0
V006679,U00841,S0970,219.0,2025-11-06,17.0
V006680,U01966,S0175,210.0,2024-03-29,32.0
V006681,U01411,S0085,33.0,2025-04-29,32.0
V006682,U00629,S0794,500.0,2024-12-10,94.0
V006683,U00111,S0470,500.0,2024-07-21,60.0
V006684,U00900,S0228,158.0,2024-09-23,79.0
V006685,U01925,S0291,186.0,2024-12-05,94.0
V006686,U00218,S0508,500.0,2025-05-30,44.0
V006687,U00364,S0487,500.0,2024-06-05,95.0
V006688,U01180,S0804,102.0,2024-07-01,28.0
V006689,U01310,S0509,500.0,2024-10-22,69.0
V006690,U01004,S0989,500.0,2024-09-17,37.0
V006691,U01952,S0919,136.0,2024-12-30,51.0
V006692,U00932,S0886,162.0,2024-03-25,82.0
V006693,U01971,S0382,500.0,2025-06-13,61.0
V006694,U01439,S0152,219.0,2024-12-03,92.0
V006695,U00424,S0480,500.0,2025-03-31,19.0
V006696,U00360,S0300,500.0,2024-08-28,25.0
V006697,U01610,S0319,184.0,2024-06-30,47.0
V006698,U01514,S0009,53.0,2024-03-24,38.0
V006699,U00622,S0177,115.0,2024-06-10,16.0
V006700,U01453,S0473,21.0,2024-03-27,12.0
V006701,U00248,S0114,21.0,2024-06-10,25.0
V006702,U00055,S0652,500.0,2025-11-02,51.0
V006703,U01373,S0658,500.0,2024-07-02,15.0
V006704,U01180,S0828,117.0,2025-05-21,40.0
V006705,U01384,S0770,102.0,2024-02-03,81.0
V006706,U00189,S0679,114.0,2024-02-06,55.0
V006707,U01049,S0199,95.0,2024-07-10,37.0
V006708,U01189,S0649,500.0,2024-11-28,94.0
V006709,U01767,S0518,152.0,2025-03-29,86.0
V006710,U01634,S0496,24.0,2024-06-19,41.0
V006711,U00451,S0431,500.0,2025-06-18,74.0
V006712,U00828,S0869,500.0,2024-09-08,72.0
V006713,U01861,S0399,500.0,2024-08-03,31.0
V006714,U00083,S0985,47.0,2024-08-22,45.0
V006715,U01722,S0343,500.0,2025-05-13,97.0
V006716,U00012,S0781,500.0,2025-05-10,34.0
V006717,U00941,S0017,500.0,2024-11-20,34.0
V006718,U01814,S0216,203.0,2024-08-03,94.0
V006719,U00862,S0081,500.0,2024-05-21,33.0
V006720,U01560,S0596,45.0,2025-01-16,77.0
V006721,U00038,S0946,500.0,2024-06-11,73.0
V006722,U01389,S0821,500.0,2024-10-21,33.0
V006723,U01611,S0315,214.0,2024-11-14,66.0
V006724,U00256,S0085,219.0,2024-05-04,67.0
V006725,U00149,S0893,112.0,2025-03-31,37.0
V006726,U00745,S0145,500.0,2024-01-05,56.0
V006727,U01591,S0100,500.0,2024-11-29,64.0
V006728,U00665,S0070,42.0,2024-09-12,96.0
V006729,U00899,S0659,19.0,2025-02-24,27.0
V006730,U00917,S0191,97.0,2024-03-21,43.0
V006731,U00872,S0271,134.0,2024-07-31,56.0
V006732,U00488,S0961,500.0,2024-09-18,60.0
V006733,U00708,S0240,191.0,2025-05-21,56.0
V006734,U00846,S0205,170.0,2024-10-06,56.0
V006735,U01255,S0589,129.0,2024-05-10,44.0
V006736,U01885,S0045,500.0,2025-04-21,53.0
V006737,U00517,S0356,500.0,2024-05-07,87.0
V006738,U01118,S0249,63.0,2024-12-25,30.0
V006739,U01303,S0137,500.0,2024-06-27,40.0
V006740,U01112,S0937,500.0,2025-05-13,81.0
V006741,U01874,S0078,23.0,2025-03-25,58.0
V006742,U00311,S0938,184.0,2025-05-21,34.0
V006743,U01204,S0058,219.0,2024-07-14,82.0
V006744,U01372,S0062,500.0,2024-12-25,97.0
V006745,U01628,S0686,500.0,2024-11-10,54.0
V006746,U00754,S0894,41.0,2025-02-15,21.0
V006747,U00963,S0789,123.0,2025-02-21,39.0
V006748,U01834,S0020,500.0,2025-12-03,45.0
V006749,U00519,S0576,500.0,2025-02-13,96.0
V006750,U00896,S0325,500.0,2025-04-29,95.0
V006751,U01968,S0390,213.0,2024-12-21,18.0
V006752,U00230,S0935,56.0,2024-03-01,51.0
V006753,U00040,S0689,35.0,2025-03-29,27.0
V006754,U01173,S0835,500.0,2025-05-29,56.0
V006755,U00235,S0820,500.0,2024-11-15,24.0
V006756,U01147,S0796,500.0,2024-08-18,62.0
V006757,U00333,S0067,23.0,2025-07-05,56.0
V006758,U00216,S0911,219.0,2024-05-14,13.0
V006759,U01691,S0044,189.0,2024-04-04,27.0
V006760,U01005,S0702,500.0,2024-03-03,59.0
V006761,U00096,S0721,219.0,2024-02-24,23.0
V006762,U00578,S0133,500.0,2024-08-26,79.0
V006763,U01414,S0007,161.0,2024-12-16,90.0
V006764,U00597,S0909,219.0,2024-12-18,54.0
V006765,U00336,S0327,500.0,2024-12-04,56.0
V006766,U01861,S0078,500.0,2024-04-24,28.0
V006767,U01038,S0832,500.0,2024-03-13,18.0
V006768,U00398,S0483,37.0,2025-02-24,75.0
V006769,U01295,S0239,500.0,2025-04-04,97.0
V006770,U01575,S0572,500.0,2025-02-05,54.0
V006771,U01514,S0065,122.0,2024-09-29,74.0
V006772,U01135,S0570,70.0,2025-03-18,31.0
V006773,U00407,S0379,142.0,2024-09-04,99.0
V006774,U00791,S0541,57.0,2024-06-03,56.0
V006775,U00663,S0187,500.0,2024-09-28,97.0
V006776,U00295,S0541,500.0,2024-03-07,87.0
V006777,U00453,S0643,500.0,2025-11-06,93.0
V006778,U01746,S0098,26.0,2024-12-26,13.0
V006779,U01787,S0920,93.0,2025-02-09,57.0
V006780,U01704,S0308,219.0,2024-12-02,24.0
V006781,U00029,S0096,189.0,2024-10-30,90.0
V006782,U01111,S0609,21.0,2025-03-24,40.0
V006783,U01257,S0349,500.0,2024-03-11,14.0
V006784,U00108,S0311,132.0,2025-02-05,79.0
V006785,U01998,S0299,132.0,2024-04-02,88.0
V006786,U01727,S0788,164.0,2025-04-19,34.0
V006787,U00887,S0482,177.0,2024-01-20,92.0
V006788,U00445,S0991,13.0,2025-01-25,42.0
V006789,U01451,S0771,500.0,2024-09-08,99.0
V006790,U00576,S0094,500.0,2024-01-05,51.0
V006791,U01732,S0052,50.0,2024-07-14,27.0
V006792,U00337,S0385,52.0,2025-05-27,71.0
V006793,U00623,S0963,40.0,2024-09-21,60.0
V006794,U01695,S0384,211.0,2024-03-20,56.0
V006795,U00678,S0688,215.0,2024-08-29,65.0
V006796,U00258,S0050,500.0,2024-01-20,88.0
V006797,U01212,S0790,87.0,2025-02-21,12.0
V006798,U01361,S0634,212.0,2024-05-27,56.0
V006799,U01889,S0420,203.0,2024-11-11,20.0
V006800,U00608,S0088,500.0,2024-03-14,22.0
V006801,U00011,S0841,47.0,2025-02-27,84.0
V006802,U00979,S0495,99.0,2025-05-27,68.0
V006803,U01660,S0259,33.0,2024-07-30,45.0
V006804,U00336,S0828,500.0,2025-01-28,27.0
V006805,U01230,S0511,56.0,2024-09-22,84.0
V006806,U01475,S0445,500.0,2024-10-08,11.0
V006807,U01983,S0829,500.0,2025-10-03,92.0
V006808,U01574,S0177,500.0,2025-06-23,98.0
V006809,U00635,S0371,175.0,2024-08-26,49.0
V006810,U00551,S0299,132.0,2025-04-03,63.0
V006811,U01387,S0199,120.0,2024-07-28,20.0
V006812,U01745,S0282,67.0,2024-06-19,56.0
V006813,U00119,S0950,500.0,2024-08-05,50.0
V006814,U01121,S0774,51.0,2024-01-24,13.0
V006815,U01508,S0620,127.0,2024-08-31,83.0
V006816,U01034,S0765,135.0,2024-10-27,96.0
V006817,U00533,S0874,500.0,2024-07-03,46.0
V006818,U00161,S0652,500.0,2025-02-17,13.0
V006819,U01754,S0754,500.0,2024-11-06,49.0
V006820,U01419,S0148,500.0,2024-02-13,82.0
V006821,U01147,S0586,500.0,2025-03-15,79.0
V006822,U01701,S0723,201.0,2025-03-11,87.0
V006823,U00357,S0012,500.0,2025-01-18,62.0
V006824,U00828,S0077,210.0,2024-05-15,76.0
V006825,U01014,S0555,192.0,2024-04-17,83.0
V006826,U00869,S0405,111.0,2024-06-09,75.0
V006827,U00066,S0850,30.0,2025-03-10,66.0
V006828,U00130,S0729,159.0,2025-03-18,51.0
V006829,U01115,S0011,500.0,2024-10-06,65.0
V006830,U00451,S0807,500.0,2024-07-05,95.0
V006831,U01867,S0914,500.0,2025-04-19,81.0
V006832,U01131,S0093,202.0,2025-01-18,84.0
V006833,U00593,S0877,500.0,2025-05-08,74.0
V006834,U00769,S0454,151.0,2025-01-14,80.0
V006835,U01459,S0818,500.0,2024-02-07,80.0
V006836,U00619,S0190,215.0,2025-06-02,67.0
V006837,U01655,S0182,14.0,2025-05-17,72.0
V006838,U00470,S0272,200.0,2024-08-01,83.0
V006839,U01013,S0979,500.0,2024-07-04,47.0
V006840,U01918,S0906,70.0,2024-10-05,71.0
V006841,U00761,S0560,30.0,2024-09-01,100.0
V006842,U01557,S0889,148.0,2024-12-06,38.0
V006843,U01204,S0579,500.0,2025-05-18,92.0
V006844,U00626,S0557,108.0,2024-03-05,84.0
V006845,U01489,S0114,177.0,2025-03-02,53.0
V006846,U01420,S0950,20.0,2024-01-22,97.0
V006847,U01453,S0747,500.0,2024-02-27,87.0
V006848,U00256,S0527,30.0,2024-07-27,62.0
V006849,U00174,S0104,132.0,2024-08-20,21.0
V006850,U01204,S0623,500.0,2025-02-26,75.0
V006851,U00455,S0609,59.0,2024-10-21,67.0
V006852,U00188,S0306,500.0,2024-02-21,44.0
V006853,U01396,S0055,500.0,2024-01-27,21.0
V006854,U01989,S0994,500.0,2024-05-31,56.0
V006855,U01613,S0840,127.0,2024-02-15,55.0
V006856,U01405,S0953,500.0,2024-02-04,54.0
V006857,U01103,S0714,500.0,2024-12-23,91.0
V006858,U01611,S0638,120.0,2024-01-04,35.0
V006859,U00717,S0968,219.0,2025-03-05,82.0
V006860,U01435,S0657,177.0,2024-01-22,88.0
V006861,U00439,S0883,500.0,2024-04-23,77.0
V006862,U00225,S0017,135.0,2024-08-10,56.0
V006863,U01451,S0926,500.0,2024-02-13,11.0
V006864,U00005,S0859,500.0,2024-12-13,76.0
V006865,U00410,S0785,147.0,2024-04-08,94.0
V006866,U01272,S0865,145.0,2025-03-21,75.0
V006867,U01786,S0989,55.0,2024-11-08,31.0
V006868,U00586,S0559,76.0,2025-04-24,22.0
V006869,U00231,S0391,500.0,2024-11-09,87.0
V006870,U00157,S0721,500.0,2024-04-08,84.0
V006871,U00809,S0485,26.0,2024-02-14,73.0
V006872,U00042,S0998,500.0,2024-03-05,81.0
V006873,U01488,S0331,12.0,2024-05-18,57.0
V006874,U01159,S0451,500.0,2024-07-28,18.0
V006875,U00799,S0962,500.0,2024-09-27,24.0
V006876,U00792,S0086,154.0,2024-08-25,10.0
V006877,U01095,S0161,500.0,2024-04-30,100.0
V006878,U01221,S0220,215.0,2024-02-23,22.0
V006879,U00197,S0978,500.0,2024-12-29,83.0
V006880,U01927,S0543,39.0,2024-12-19,32.0
V006881,U01047,S0288,114.0,2025-03-18,70.0
V006882,U01274,S0147,15.0,2024-02-02,47.0
V006883,U01036,S0504,500.0,2024-05-24,15.0
V006884,U01316,S0749,500.0,2024-12-26,63.0
V006885,U01298,S0809,133.0,2024-11-09,48.0
V006886,U01763,S0918,500.0,2025-02-13,24.0
V006887,U01409,S0862,500.0,2024-08-08,83.0
V006888,U00385,S0589,138.0,2024-05-29,100.0
V006889,U00890,S0774,61.0,2025-11-01,93.0
V006890,U01779,S0488,500.0,2024-06-05,53.0
V006891,U01510,S0231,219.0,2024-03-04,42.0
V006892,U00917,S0420,500.0,2024-05-02,13.0
V006893,U00357,S0934,500.0,2025-02-27,73.0
V006894,U01322,S0925,23.0,2024-02-28,70.0
V006895,U00165,S0819,72.0,2025-03-20,20.0
V006896,U01028,S0655,150.0,2025-04-04,17.0
V006897,U00713,S0752,500.0,2025-05-14,99.0
V006898,U01799,S0005,22.0,2024-08-29,70.0
V006899,U00879,S0010,219.0,2024-01-10,16.0
V006900,U00555,S0607,500.0,2024-10-20,25.0
V006901,U01643,S0426,87.0,2024-04-09,11.0
V006902,U01120,S0712,500.0,2025-05-05,11.0
V006903,U00030,S0472,219.0,2024-06-25,77.0
V006904,U00744,S0806,500.0,2024-01-17,63.0
V006905,U01167,S0930,203.0,2024-03-29,75.0
V006906,U01639,S0408,24.0,2025-08-04,84.0
V006907,U00599,S0073,48.0,2024-11-14,83.0
V006908,U01879,S0836,90.0,2024-01-25,95.0
V006909,U00496,S0958,500.0,2024-06-27,69.0
V006910,U01159,S0199,500.0,2024-02-14,10.0
V006911,U00696,S0580,45.0,2024-09-27,73.0
V006912,U01911,S0161,500.0,2025-06-01,47.0
V006913,U01162,S0062,500.0,2024-08-19,47.0
V006914,U00317,S0343,500.0,2025-04-21,64.0
V006915,U00770,S0811,58.0,2024-09-11,60.0
V006916,U01371,S0896,500.0,2025-06-12,82.0
V006917,U01018,S0393,500.0,2024-10-25,99.0
V006918,U01518,S0063,77.0,2024-01-06,55.0
V006919,U00797,S0705,24.0,2024-02-23,31.0
V006920,U00972,S0417,82.0,2025-02-22,19.0
V006921,U00692,S0593,156.0,2024-11-14,62.0
V006922,U00773,S0394,500.0,2025-09-04,88.0
V006923,U00655,S0576,500.0,2025-02-22,14.0
V006924,U01434,S0973,84.0,2025-11-04,56.0
V006925,U01310,S0169,500.0,2025-02-05,85.0
V006926,U00915,S0331,500.0,2024-10-14,20.0
V006927,U00765,S0364,150.0,2025-02-19,99.0
V006928,U01589,S0521,130.0,2024-09-12,74.0
V006929,U00807,S0314,182.0,2024-04-05,90.0
V006930,U01377,S0878,190.0,2025-05-22,54.0
V006931,U00194,S0022,84.0,2025-04-20,81.0
V006932,U01050,S0092,104.0,2025-03-28,99.0
V006933,U01460,S0415,49.0,2025-06-23,51.0
V006934,U00152,S0636,19.0,2024-10-09,49.0
V006935,U01819,S0644,500.0,2025-06-24,53.0
V006936,U00059,S0406,6.0,2024-06-14,93.0
V006937,U00213,S0682,212.0,2024-02-07,50.0
V006938,U00546,S0557,500.0,2025-04-19,93.0
V006939,U00349,S0457,56.0,2024-10-27,90.0
V006940,U01740,S0373,500.0,2025-10-06,76.0
V006941,U00145,S0191,500.0,2024-04-21,46.0
V006942,U01004,S0386,500.0,2024-08-08,81.0
V006943,U00671,S0636,500.0,2025-03-08,91.0
V006944,U01400,S0317,211.0,2024-05-10,37.0
V006945,U01936,S0532,121.0,2025-05-11,77.0
V006946,U01183,S0807,116.0,2024-01-15,17.0
V006947,U01948,S0801,500.0,2025-03-10,46.0
V006948,U01319,S0808,185.0,2025-06-15,37.0
V006949,U00479,S0362,500.0,2025-12-04,57.0
V006950,U00608,S0777,500.0,2024-01-14,76.0
V006951,U01381,S0632,110.0,2024-05-11,50.0
V006952,U01010,S0973,139.0,2024-03-05,63.0
V006953,U01979,S0716,500.0,2024-08-31,72.0
V006954,U00503,S0592,500.0,2024-03-01,77.0
V006955,U00590,S0887,500.0,2024-08-25,94.0
V006956,U00997,S0689,39.0,2025-04-24,37.0
V006957,U00735,S0368,212.0,2024-10-18,25.0
V006958,U01214,S0870,89.0,2025-04-15,85.0
V006959,U00377,S0902,500.0,2024-08-05,76.0
V006960,U01788,S0149,85.0,2025-06-09,16.0
V006961,U01366,S0774,500.0,2025-02-23,84.0
V006962,U00817,S0109,500.0,2024-05-12,28.0
V006963,U01611,S0378,500.0,2024-02-21,92.0
V006964,U01016,S0790,500.0,2024-07-16,41.0
V006965,U01800,S0637,30.0,2024-09-02,70.0
V006966,U01073,S0618,500.0,2024-09-07,14.0
V006967,U00250,S0129,500.0,2024-04-06,44.0
V006968,U00279,S0486,112.0,2024-10-25,10.0
V006969,U01400,S0236,46.0,2024-11-26,29.0
V006970,U01109,S0424,54.0,2024-05-28,72.0
V006971,U01623,S0867,500.0,2024-01-04,80.0
V006972,U01035,S0991,500.0,2024-06-06,66.0
V006973,U00890,S0713,500.0,2024-04-25,100.0
V006974,U01176,S0736,500.0,2025-04-20,21.0
V006975,U00267,S0807,219.0,2024-04-12,97.0
V006976,U00531,S0221,500.0,2024-09-04,15.0
V006977,U01081,S0372,500.0,2025-04-06,35.0
V006978,U01812,S0254,36.0,2024-08-19,15.0
V006979,U01869,S0386,68.0,2025-06-11,89.0
V006980,U00999,S0447,62.0,2024-07-31,32.0
V006981,U00723,S0302,70.0,2024-08-17,70.0
V006982,U01031,S0218,204.0,2024-10-04,41.0
V006983,U01624,S0049,500.0,2024-11-02,81.0
V006984,U00665,S0621,500.0,2025-10-03,11.0
V006985,U01268,S0872,219.0,2024-09-03,14.0
V006986,U00825,S0732,500.0,2024-12-25,51.0
V006987,U00851,S0062,196.0,2024-05-27,96.0
V006988,U01901,S0344,500.0,2024-07-05,69.0
V006989,U00273,S0995,500.0,2025-05-29,32.0
V006990,U00171,S0912,83.0,2024-02-17,61.0
V006991,U01630,S0075,201.0,2024-11-07,72.0
V006992,U00219,S0622,181.0,2024-01-15,100.0
V006993,U01261,S0738,95.0,2024-11-07,17.0
V006994,U00998,S0173,55.0,2024-05-26,43.0
V006995,U02000,S0789,500.0,2024-05-16,26.0
V006996,U01980,S0796,216.0,2025-06-05,56.0
V006997,U01688,S0148,500.0,2024-07-14,43.0
V006998,U01407,S0654,500.0,2024-10-03,53.0
V006999,U01229,S0692,42.0,2024-09-22,13.0
V007000,U00638,S0044,152.0,2024-12-02,14.0
V007001,U00812,S0850,500.0,2025-12-05,17.0
V007002,U01160,S0734,157.0,2024-05-27,100.0
V007003,U01044,S0241,500.0,2025-05-11,39.0
V007004,U00830,S0979,500.0,2024-05-01,100.0
V007005,U00753,S0102,190.0,2025-03-18,50.0
V007006,U00226,S0002,173.0,2025-02-09,24.0
V007007,U01905,S0505,37.0,2024-11-26,18.0
V007008,U00081,S0093,500.0,2024-11-03,79.0
V007009,U00571,S0297,500.0,2025-03-01,54.0
V007010,U01951,S0709,200.0,2024-10-24,35.0
V007011,U00058,S0040,219.0,2024-01-02,83.0
V007012,U01035,S0259,500.0,2025-03-28,70.0
V007013,U00477,S0545,500.0,2024-09-05,19.0
V007014,U01705,S0074,190.0,2024-03-23,72.0
V007015,U01962,S0070,95.0,2024-12-04,38.0
V007016,U01403,S0902,24.0,2024-09-20,53.0
V007017,U00166,S0094,500.0,2024-02-10,10.0
V007018,U01475,S0246,71.0,2024-09-23,47.0
V007019,U00437,S0697,500.0,2025-04-13,81.0
V007020,U00545,S0013,500.0,2025-06-17,89.0
V007021,U01237,S0685,500.0,2024-03-05,88.0
V007022,U00451,S0178,500.0,2024-09-24,57.0
V007023,U01732,S0053,121.0,2024-07-13,50.0
V007024,U01967,S0733,98.0,2025-06-24,84.0
V007025,U01939,S0431,11.0,2024-09-25,40.0
V007026,U00208,S0225,500.0,2024-07-19,25.0
V007027,U01113,S0740,500.0,2025-02-01,22.0
V007028,U01448,S0360,122.0,2025-02-22,13.0
V007029,U00778,S0675,97.0,2024-11-06,62.0
V007030,U01233,S0267,500.0,2024-12-04,38.0
V007031,U00237,S0329,500.0,2025-07-01,76.0
V007032,U01093,S0693,148.0,2025-06-14,93.0
V007033,U01512,S0033,115.0,2025-06-23,81.0
V007034,U01865,S0256,163.0,2025-01-28,34.0
V007035,U00679,S0671,217.0,2024-08-04,69.0
V007036,U01006,S0351,16.0,2024-07-24,14.0
V007037,U01228,S0959,500.0,2024-06-19,86.0
V007038,U00197,S0447,15.0,2025-02-13,60.0
V007039,U00613,S0935,45.0,2025-04-03,19.0
V007040,U01993,S0509,131.0,2024-06-24,23.0
V007041,U01937,S0696,500.0,2024-02-03,97.0
V007042,U01348,S0029,111.0,2025-01-27,47.0
V007043,U00984,S0009,171.0,2024-10-28,56.0
V007044,U00337,S0494,27.0,2024-10-14,78.0
V007045,U00140,S0398,500.0,2024-12-28,80.0
V007046,U01538,S0803,500.0,2024-08-13,99.0
V007047,U00635,S0047,500.0,2025-06-07,77.0
V007048,U00234,S0297,500.0,2025-05-14,96.0
V007049,U01837,S0159,87.0,2024-07-26,54.0
V007050,U00454,S0525,160.0,2025-03-23,96.0
V007051,U00400,S0582,500.0,2024-12-22,87.0
V007052,U00946,S0419,89.0,2025-03-14,81.0
V007053,U00467,S0668,218.0,2025-03-20,87.0
V007054,U01467,S0223,500.0,2024-11-06,57.0
V007055,U00882,S0432,78.0,2024-10-11,94.0
V007056,U01276,S0799,500.0,2024-08-25,74.0
V007057,U00450,S0508,500.0,2025-04-30,47.0
V007058,U00648,S0343,114.0,2024-06-25,72.0
V007059,U01321,S0033,113.0,2024-08-03,28.0
V007060,U01907,S0429,144.0,2024-06-11,37.0
V007061,U00604,S0066,219.0,2024-04-10,93.0
V007062,U00271,S0683,170.0,2025-12-03,65.0
V007063,U01984,S0517,196.0,2025-03-09,50.0
V007064,U01633,S0512,149.0,2025-06-08,56.0
V007065,U00284,S0984,219.0,2024-05-22,41.0
V007066,U01427,S0001,25.0,2024-01-26,86.0
V007067,U01522,S0437,195.0,2024-11-09,82.0
V007068,U00434,S0769,500.0,2024-11-25,80.0
V007069,U00211,S0373,500.0,2024-02-13,90.0
V007070,U00321,S0197,160.0,2025-05-14,91.0
V007071,U01453,S0201,500.0,2024-11-02,32.0
V007072,U01475,S0572,38.0,2025-03-06,11.0
V007073,U00162,S0390,500.0,2024-03-11,59.0
V007074,U01630,S0250,189.0,2024-05-10,80.0
V007075,U00572,S0318,58.0,2024-02-19,37.0
V007076,U00335,S0286,41.0,2025-03-20,18.0
V007077,U01235,S0407,17.0,2024-12-24,84.0
V007078,U01467,S0715,40.0,2025-02-01,86.0
V007079,U01322,S0425,500.0,2024-10-15,100.0
V007080,U00871,S0303,500.0,2024-07-28,60.0
V007081,U00286,S0646,500.0,2024-12-13,92.0
V007082,U01463,S0306,125.0,2025-12-02,67.0
V007083,U01559,S0646,69.0,2024-03-01,17.0
V007084,U01588,S0743,104.0,2025-05-21,89.0
V007085,U01609,S0128,187.0,2024-10-26,99.0
V007086,U01905,S0517,60.0,2025-01-01,24.0
V007087,U01793,S0198,113.0,2024-09-25,27.0
V007088,U01268,S0551,500.0,2024-02-19,31.0
V007089,U01338,S0855,135.0,2024-05-27,35.0
V007090,U00275,S0548,97.0,2024-02-26,62.0
V007091,U00236,S0264,500.0,2024-07-04,37.0
V007092,U00028,S0275,500.0,2024-04-19,44.0
V007093,U01484,S0100,500.0,2025-01-03,22.0
V007094,U00747,S0827,500.0,2024-05-24,24.0
V007095,U01176,S0842,500.0,2025-03-29,91.0
V007096,U00991,S0666,51.0,2025-06-16,53.0
V007097,U00845,S0197,500.0,2024-01-26,90.0
V007098,U00097,S0758,6.0,2024-02-18,83.0
V007099,U01064,S0651,500.0,2025-01-27,92.0
V007100,U00563,S0820,500.0,2024-09-20,89.0
V007101,U00834,S0370,500.0,2024-08-02,63.0
V007102,U00677,S0093,206.0,2024-10-17,87.0
V007103,U01733,S0864,43.0,2024-03-28,100.0
V007104,U00524,S0414,500.0,2024-10-16,79.0
V007105,U00955,S0805,500.0,2024-05-25,37.0
V007106,U01103,S0393,21.0,2024-11-03,40.0
V007107,U00687,S0426,209.0,2024-09-26,64.0
V007108,U01792,S0293,500.0,2025-05-25,76.0
V007109,U00515,S0257,24.0,2025-01-21,53.0
V007110,U01508,S0950,217.0,2024-04-22,14.0
V007111,U01076,S0053,500.0,2025-03-10,83.0
V007112,U01379,S0996,144.0,2025-01-24,86.0
V007113,U00828,S0631,178.0,2024-04-09,64.0
V007114,U01481,S0744,500.0,2024-04-09,52.0
V007115,U01104,S0364,500.0,2025-11-02,72.0
V007116,U00118,S0646,184.0,2024-06-25,25.0
V007117,U01808,S0479,500.0,2024-11-09,83.0
V007118,U01171,S0721,82.0,2024-05-10,12.0
V007119,U00538,S0629,169.0,2024-11-10,75.0
V007120,U01372,S0111,49.0,2024-05-23,95.0
V007121,U01951,S0772,38.0,2024-05-29,50.0
V007122,U01774,S0880,47.0,2024-01-21,83.0
V007123,U00649,S0650,500.0,2025-04-01,35.0
V007124,U00366,S0732,500.0,2024-08-16,11.0
V007125,U00297,S0351,500.0,2025-12-03,57.0
V007126,U01157,S0456,219.0,2025-02-04,67.0
V007127,U01770,S0982,86.0,2024-08-11,95.0
V007128,U00748,S0796,500.0,2025-03-28,30.0
V007129,U00574,S0322,182.0,2024-10-09,16.0
V007130,U01813,S0782,77.0,2025-06-04,32.0
V007131,U00788,S0148,500.0,2024-07-29,94.0
V007132,U00313,S0554,31.0,2024-04-25,78.0
V007133,U01248,S0779,219.0,2024-09-11,98.0
V007134,U01999,S0200,173.0,2024-04-24,26.0
V007135,U00572,S0373,104.0,2024-02-23,71.0
V007136,U01277,S0175,500.0,2024-07-04,51.0
V007137,U01123,S0512,195.0,2024-12-02,67.0
V007138,U00691,S0303,500.0,2024-08-16,28.0
V007139,U01145,S0143,170.0,2025-05-26,62.0
V007140,U01413,S0283,500.0,2024-01-13,16.0
V007141,U01043,S0343,198.0,2024-07-26,33.0
V007142,U00511,S0478,196.0,2025-03-16,46.0
V007143,U01511,S0094,57.0,2024-07-28,15.0
V007144,U01482,S0363,500.0,2024-06-03,16.0
V007145,U01153,S0922,500.0,2025-05-02,43.0
V007146,U00560,S0402,39.0,2024-02-17,94.0
V007147,U00480,S0159,500.0,2025-01-19,24.0
V007148,U00399,S0931,94.0,2024-12-17,38.0
V007149,U00273,S0639,500.0,2024-04-12,57.0
V007150,U00966,S0575,500.0,2025-02-18,28.0
V007151,U00570,S0855,500.0,2024-05-03,95.0
V007152,U01789,S0627,113.0,2025-04-15,94.0
V007153,U00228,S0269,125.0,2024-11-18,100.0
V007154,U01254,S0600,86.0,2025-02-19,13.0
V007155,U00604,S0135,500.0,2025-06-08,15.0
V007156,U00586,S0367,183.0,2024-11-29,95.0
V007157,U00977,S0310,91.0,2025-02-27,57.0
V007158,U01086,S0542,107.0,2024-08-03,28.0
V007159,U01272,S0073,500.0,2024-07-29,99.0
V007160,U01378,S0858,108.0,2024-06-27,29.0
V007161,U01768,S0505,500.0,2024-02-27,95.0
V007162,U01578,S0447,500.0,2024-04-05,98.0
V007163,U00826,S0738,500.0,2024-06-01,44.0
V007164,U00508,S0690,163.0,2024-11-08,95.0
V007165,U01653,S0594,500.0,2024-11-12,50.0
V007166,U01337,S0658,31.0,2024-03-31,16.0
V007167,U00551,S0938,136.0,2024-04-21,70.0
V007168,U01420,S0568,10.0,2024-07-20,93.0
V007169,U00402,S0843,190.0,2024-05-14,41.0
V007170,U01866,S0315,202.0,2024-10-21,93.0
V007171,U01164,S0107,22.0,2025-05-02,58.0
V007172,U01764,S0888,500.0,2024-05-25,37.0
V007173,U00027,S0550,500.0,2024-06-09,71.0
V007174,U00311,S0227,500.0,2024-03-09,71.0
V007175,U01576,S0130,500.0,2024-07-07,97.0
V007176,U01509,S0692,195.0,2024-03-12,77.0
V007177,U01108,S0641,500.0,2025-01-13,65.0
V007178,U00517,S0021,500.0,2025-05-30,94.0
V007179,U01416,S0931,195.0,2024-07-06,97.0
V007180,U00136,S0911,213.0,2025-12-01,91.0
V007181,U00426,S0529,81.0,2024-08-23,39.0
V007182,U01772,S0520,220.0,2025-06-13,26.0
V007183,U00865,S0965,500.0,2024-03-03,26.0
V007184,U00557,S0369,500.0,2024-05-29,64.0
V007185,U00864,S0643,220.0,2024-05-30,46.0
V007186,U01281,S0997,500.0,2024-12-25,88.0
V007187,U00162,S0593,500.0,2024-07-08,19.0
V007188,U00497,S0165,500.0,2024-01-03,99.0
V007189,U01269,S0662,500.0,2025-05-04,56.0
V007190,U00357,S0683,500.0,2024-12-27,47.0
V007191,U00541,S0769,500.0,2025-03-26,77.0
V007192,U00069,S0151,500.0,2025-06-17,53.0
V007193,U00080,S0502,500.0,2024-04-26,98.0
V007194,U01859,S0523,191.0,2024-03-28,62.0
V007195,U00112,S0353,31.0,2025-06-04,58.0
V007196,U00751,S0408,37.0,2025-01-15,56.0
V007197,U00299,S0286,96.0,2024-07-27,26.0
V007198,U00326,S0451,198.0,2024-01-14,79.0
V007199,U01228,S0721,13.0,2025-04-19,88.0
V007200,U01267,S0764,110.0,2025-02-01,61.0
V007201,U01999,S0350,159.0,2024-01-31,93.0
V007202,U01603,S0761,12.0,2025-03-03,91.0
V007203,U01740,S0097,219.0,2024-02-06,48.0
V007204,U01904,S0872,500.0,2025-04-27,16.0
V007205,U01331,S0535,6.0,2024-08-18,36.0
V007206,U01242,S0955,500.0,2025-02-27,56.0
V007207,U00217,S0989,69.0,2024-05-25,19.0
V007208,U00734,S0129,500.0,2025-02-19,21.0
V007209,U01879,S0902,500.0,2024-07-04,97.0
V007210,U00825,S0086,500.0,2024-04-28,99.0
V007211,U00578,S0835,85.0,2024-01-25,28.0
V007212,U01310,S0552,500.0,2024-05-20,22.0
V007213,U01205,S0254,500.0,2024-12-03,44.0
V007214,U00346,S0884,98.0,2025-02-20,48.0
V007215,U00991,S0354,500.0,2024-08-30,39.0
V007216,U00652,S0131,500.0,2024-01-25,40.0
V007217,U00027,S0055,168.0,2024-07-31,61.0
V007218,U00115,S0043,27.0,2024-05-15,54.0
V007219,U01253,S0544,197.0,2025-02-01,90.0
V007220,U01437,S0813,500.0,2025-01-06,20.0
V007221,U00151,S0542,500.0,2025-08-01,99.0
V007222,U01528,S0190,500.0,2024-06-15,56.0
V007223,U00735,S0879,148.0,2024-02-14,47.0
V007224,U01112,S0994,500.0,2025-02-26,46.0
V007225,U01459,S0540,26.0,2024-12-07,51.0
V007226,U01400,S0036,46.0,2024-01-03,51.0
V007227,U00346,S0209,500.0,2024-11-23,43.0
V007228,U01153,S0051,79.0,2024-07-14,66.0
V007229,U00539,S0618,500.0,2024-01-23,23.0
V007230,U01212,S0868,58.0,2025-03-05,55.0
V007231,U00226,S0334,102.0,2024-08-26,58.0
V007232,U00786,S0337,500.0,2025-03-21,46.0
V007233,U00975,S0258,500.0,2024-04-24,87.0
V007234,U00210,S0438,500.0,2024-03-16,43.0
V007235,U00099,S0860,25.0,2024-04-14,31.0
V007236,U01741,S0665,500.0,2024-02-13,39.0
V007237,U01664,S0577,151.0,2024-01-07,36.0
V007238,U01735,S0130,500.0,2024-02-24,23.0
V007239,U00242,S0054,45.0,2024-02-28,57.0
V007240,U01908,S0582,9.0,2024-12-02,76.0
V007241,U00210,S0260,500.0,2025-01-18,33.0
V007242,U00344,S0448,181.0,2024-08-15,93.0
V007243,U00618,S0955,190.0,2025-05-04,19.0
V007244,U01246,S0570,56.0,2025-06-20,96.0
V007245,U01788,S0057,500.0,2024-05-11,44.0
V007246,U01804,S0607,500.0,2024-08-28,15.0
V007247,U00256,S0458,500.0,2024-08-26,41.0
V007248,U00945,S0171,212.0,2025-02-26,18.0
V007249,U00154,S0216,219.0,2025-05-10,55.0
V007250,U00749,S0714,500.0,2025-04-18,99.0
V007251,U01248,S0866,500.0,2024-11-04,87.0
V007252,U00169,S0232,500.0,2024-10-04,52.0
V007253,U01648,S0908,35.0,2024-11-06,43.0
V007254,U00399,S0877,500.0,2024-09-28,51.0
V007255,U01195,S0852,500.0,2024-07-25,27.0
V007256,U00133,S0986,145.0,2024-01-16,52.0
V007257,U01854,S0955,500.0,2025-05-02,13.0
V007258,U00003,S0960,34.0,2024-06-03,80.0
V007259,U01982,S0315,79.0,2025-02-25,65.0
V007260,U01364,S0034,53.0,2024-11-15,60.0
V007261,U01603,S0877,500.0,2024-11-14,60.0
V007262,U01528,S0833,160.0,2025-01-23,74.0
V007263,U00416,S0081,151.0,2024-06-25,87.0
V007264,U01515,S0157,500.0,2024-01-16,21.0
V007265,U01772,S0433,12.0,2024-11-29,59.0
V007266,U00696,S0871,500.0,2025-02-14,85.0
V007267,U01383,S0902,500.0,2024-06-09,61.0
V007268,U01814,S0414,500.0,2025-04-22,88.0
V007269,U00273,S0608,500.0,2024-01-08,39.0
V007270,U01706,S0577,500.0,2024-10-20,14.0
V007271,U01719,S0312,162.0,2024-10-02,64.0
V007272,U00551,S0512,185.0,2024-03-14,97.0
V007273,U01049,S0267,500.0,2025-02-23,94.0
V007274,U00199,S0081,500.0,2025-02-26,11.0
V007275,U01505,S0315,500.0,2025-05-12,85.0
V007276,U00214,S0252,163.0,2024-09-05,84.0
V007277,U00308,S0812,155.0,2024-09-19,68.0
V007278,U00061,S0884,66.0,2024-02-28,96.0
V007279,U00615,S0954,151.0,2024-10-11,73.0
V007280,U00168,S0729,500.0,2024-03-16,38.0
V007281,U00418,S0097,500.0,2025-05-09,46.0
V007282,U00709,S0468,500.0,2024-04-12,18.0
V007283,U01475,S0316,500.0,2024-07-11,61.0
V007284,U01004,S0779,500.0,2024-05-15,29.0
V007285,U01569,S0556,500.0,2024-06-25,33.0
V007286,U00887,S0123,149.0,2025-01-25,95.0
V007287,U00938,S0140,500.0,2024-10-17,72.0
V007288,U01656,S0414,500.0,2024-05-02,37.0
V007289,U00686,S0524,12.0,2024-04-16,52.0
V007290,U01856,S0355,500.0,2024-06-29,35.0
V007291,U01399,S0025,500.0,2024-08-10,33.0
V007292,U00149,S0332,81.0,2024-04-27,46.0
V007293,U01700,S0511,115.0,2024-07-11,35.0
V007294,U01786,S0241,500.0,2024-10-14,35.0
V007295,U01520,S0765,500.0,2025-08-03,92.0
V007296,U01945,S0544,219.0,2024-05-07,69.0
V007297,U00669,S0999,500.0,2025-01-31,87.0
V007298,U00823,S0987,500.0,2024-05-20,58.0
V007299,U00618,S0034,216.0,2024-09-21,75.0
V007300,U00347,S0739,500.0,2024-12-12,13.0
V007301,U00019,S0065,500.0,2024-07-20,42.0
V007302,U01412,S0106,500.0,2024-09-20,45.0
V007303,U01829,S0567,500.0,2025-07-02,99.0
V007304,U01398,S0891,500.0,2025-04-18,60.0
V007305,U00349,S0023,193.0,2024-09-23,34.0
V007306,U01140,S0463,500.0,2024-08-18,77.0
V007307,U01758,S0368,500.0,2024-01-09,100.0
V007308,U01408,S0566,500.0,2025-01-22,83.0
V007309,U00465,S0366,161.0,2024-07-17,31.0
V007310,U01329,S0200,500.0,2024-03-13,65.0
V007311,U01447,S0851,42.0,2024-02-26,76.0
V007312,U00623,S0529,500.0,2024-08-16,93.0
V007313,U00761,S0984,500.0,2024-05-20,15.0
V007314,U00280,S0703,83.0,2025-09-06,50.0
V007315,U01200,S0848,88.0,2024-12-18,13.0
V007316,U00676,S0771,11.0,2025-05-18,90.0
V007317,U01573,S0717,500.0,2024-04-24,73.0
V007318,U00226,S0417,500.0,2024-12-14,25.0
V007319,U00273,S0843,500.0,2024-08-22,28.0
V007320,U00736,S0056,500.0,2025-04-03,24.0
V007321,U00011,S0757,176.0,2025-03-03,94.0
V007322,U01785,S0723,500.0,2024-07-01,79.0
V007323,U00909,S0625,15.0,2024-07-07,45.0
V007324,U01513,S0816,500.0,2024-05-18,79.0
V007325,U01799,S0356,5.0,2024-02-25,59.0
V007326,U01605,S0792,500.0,2025-05-13,84.0
V007327,U01108,S0011,110.0,2025-02-12,26.0
V007328,U00956,S0335,500.0,2024-11-21,65.0
V007329,U00305,S0130,219.0,2024-07-28,50.0
V007330,U00840,S0013,164.0,2025-01-23,86.0
V007331,U01368,S0176,36.0,2024-10-30,24.0
V007332,U00464,S0111,10.0,2024-08-20,62.0
V007333,U00976,S0513,31.0,2024-03-14,89.0
V007334,U00004,S0060,500.0,2025-05-01,91.0
V007335,U00344,S0754,17.0,2025-04-21,74.0
V007336,U01946,S0367,500.0,2025-02-11,95.0
V007337,U00753,S0487,202.0,2024-03-06,38.0
V007338,U01882,S0563,88.0,2024-08-03,47.0
V007339,U01336,S0262,70.0,2024-07-01,11.0
V007340,U01798,S0514,500.0,2025-01-15,12.0
V007341,U00534,S0725,19.0,2025-03-09,61.0
V007342,U00987,S0296,41.0,2024-04-29,47.0
V007343,U00869,S0059,79.0,2025-03-21,29.0
V007344,U01864,S0293,500.0,2024-06-07,49.0
V007345,U00635,S0878,500.0,2025-03-02,77.0
V007346,U01916,S0658,500.0,2024-06-11,80.0
V007347,U00586,S0257,500.0,2025-05-13,47.0
V007348,U00388,S0451,74.0,2025-10-03,88.0
V007349,U01408,S0456,60.0,2024-05-12,46.0
V007350,U01803,S0605,174.0,2024-05-06,45.0
V007351,U00092,S0534,500.0,2024-07-03,54.0
V007352,U00695,S0899,67.0,2025-04-16,69.0
V007353,U01201,S0945,114.0,2024-03-22,67.0
V007354,U00291,S0865,500.0,2024-06-11,92.0
V007355,U01371,S0403,500.0,2025-05-20,87.0
V007356,U00262,S0875,89.0,2025-06-23,69.0
V007357,U00998,S0813,500.0,2025-01-30,14.0
V007358,U01610,S0861,500.0,2024-01-25,19.0
V007359,U01856,S0939,500.0,2025-01-02,42.0
V007360,U01050,S0484,92.0,2024-10-09,14.0
V007361,U01513,S0476,38.0,2024-11-19,35.0
V007362,U01437,S0519,27.0,2024-10-29,88.0
V007363,U00172,S0537,500.0,2024-08-07,85.0
V007364,U01695,S0241,500.0,2024-05-06,90.0
V007365,U01426,S0155,119.0,2024-01-20,92.0
V007366,U00100,S0398,500.0,2024-07-27,44.0
V007367,U01120,S0063,500.0,2025-03-20,70.0
V007368,U01711,S0100,145.0,2025-03-02,78.0
V007369,U00405,S0374,219.0,2024-07-25,24.0
V007370,U00118,S0192,500.0,2025-05-24,32.0
V007371,U01172,S0976,500.0,2024-07-23,53.0
V007372,U01107,S0621,19.0,2024-07-30,69.0
V007373,U00239,S0704,110.0,2024-04-05,37.0
V007374,U00253,S0912,500.0,2024-07-20,37.0
V007375,U00457,S0007,500.0,2024-07-26,66.0
V007376,U01837,S0200,500.0,2025-06-09,56.0
V007377,U00670,S0761,84.0,2025-05-19,23.0
V007378,U01504,S0956,18.0,2024-09-05,79.0
V007379,U01106,S0849,500.0,2024-10-01,71.0
V007380,U01043,S0615,500.0,2024-05-16,82.0
V007381,U01845,S0615,500.0,2024-01-17,27.0
V007382,U01717,S0442,219.0,2024-01-19,27.0
V007383,U00971,S0776,74.0,2025-07-06,34.0
V007384,U00392,S0362,40.0,2024-11-11,77.0
V007385,U00087,S0379,194.0,2025-05-14,98.0
V007386,U00802,S0443,500.0,2024-09-13,28.0
V007387,U00533,S0243,102.0,2024-01-30,78.0
V007388,U01157,S0294,500.0,2024-01-29,29.0
V007389,U00969,S0806,500.0,2024-07-18,20.0
V007390,U01162,S0706,500.0,2024-11-24,25.0
V007391,U01822,S0163,500.0,2024-02-18,48.0
V007392,U00690,S0695,500.0,2024-02-21,36.0
V007393,U00620,S0343,133.0,2024-05-12,70.0
V007394,U01633,S0943,500.0,2024-10-18,95.0
V007395,U00952,S0094,500.0,2024-01-02,66.0
V007396,U00524,S0378,42.0,2024-04-22,57.0
V007397,U01011,S0704,500.0,2024-07-05,45.0
V007398,U01848,S0626,21.0,2024-03-07,73.0
V007399,U00551,S0796,196.0,2024-07-13,66.0
V007400,U00868,S0641,161.0,2024-05-01,70.0
V007401,U00702,S0553,500.0,2024-04-18,19.0
V007402,U01212,S0320,173.0,2025-04-14,32.0
V007403,U01225,S0631,166.0,2024-01-31,63.0
V007404,U01924,S0408,500.0,2024-04-25,20.0
V007405,U00540,S0967,500.0,2025-02-26,23.0
V007406,U01569,S0483,16.0,2024-08-14,75.0
V007407,U00065,S0308,500.0,2024-10-18,65.0
V007408,U01668,S0528,500.0,2025-04-08,18.0
V007409,U01887,S0186,500.0,2025-02-21,33.0
V007410,U01988,S0709,500.0,2025-02-22,59.0
V007411,U01881,S0863,500.0,2025-10-03,57.0
V007412,U00311,S0815,500.0,2024-09-14,85.0
V007413,U01868,S0393,101.0,2024-10-27,43.0
V007414,U01674,S0510,153.0,2025-04-10,56.0
V007415,U00679,S0565,110.0,2024-01-29,16.0
V007416,U01235,S0185,500.0,2024-08-12,65.0
V007417,U00322,S0739,500.0,2024-02-14,55.0
V007418,U00082,S0288,500.0,2024-03-12,26.0
V007419,U01560,S0448,183.0,2025-05-01,72.0
V007420,U00499,S0056,500.0,2024-05-16,79.0
V007421,U00981,S0991,500.0,2025-01-31,99.0
V007422,U01849,S0789,500.0,2024-04-15,61.0
V007423,U01893,S0903,500.0,2024-01-23,95.0
V007424,U00611,S0780,500.0,2025-06-19,11.0
V007425,U00592,S0576,500.0,2024-06-22,66.0
V007426,U01097,S0183,500.0,2024-09-14,64.0
V007427,U00492,S0361,500.0,2024-11-01,43.0
V007428,U00301,S0108,161.0,2024-10-19,60.0
V007429,U00313,S0919,500.0,2024-09-20,17.0
V007430,U01460,S0906,500.0,2024-09-07,17.0
V007431,U00302,S0909,500.0,2024-04-27,44.0
V007432,U01355,S0381,121.0,2024-03-24,14.0
V007433,U01733,S0947,500.0,2025-01-31,94.0
V007434,U01239,S0689,500.0,2024-01-16,60.0
V007435,U00412,S0633,500.0,2025-05-01,10.0
V007436,U01830,S0582,114.0,2024-05-22,85.0
V007437,U00663,S0875,123.0,2024-04-17,95.0
V007438,U01038,S0336,500.0,2024-10-08,51.0
V007439,U00801,S0037,133.0,2024-07-08,51.0
V007440,U00230,S0789,195.0,2024-06-08,84.0
V007441,U00858,S0573,215.0,2025-08-02,39.0
V007442,U00208,S0095,500.0,2025-06-21,14.0
V007443,U00499,S0020,208.0,2024-09-30,79.0
V007444,U01410,S0943,500.0,2024-12-17,37.0
V007445,U00055,S0434,500.0,2024-06-02,40.0
V007446,U00298,S0688,500.0,2024-10-18,66.0
V007447,U00104,S0408,126.0,2025-09-04,26.0
V007448,U00513,S0741,95.0,2025-02-20,17.0
V007449,U00237,S0378,500.0,2024-05-16,76.0
V007450,U00147,S0439,30.0,2024-03-19,68.0
V007451,U01244,S0939,500.0,2024-08-03,24.0
V007452,U00132,S0639,500.0,2024-06-27,70.0
V007453,U01738,S0868,219.0,2024-07-02,87.0
V007454,U01963,S0615,500.0,2024-07-15,65.0
V007455,U01939,S0655,18.0,2025-06-06,65.0
V007456,U00478,S0465,203.0,2024-10-28,13.0
V007457,U00727,S0670,500.0,2024-03-17,93.0
V007458,U01434,S0110,104.0,2024-06-07,22.0
V007459,U01765,S0053,13.0,2024-10-29,43.0
V007460,U01187,S0228,116.0,2024-11-23,14.0
V007461,U01164,S0492,500.0,2025-09-06,85.0
V007462,U00006,S0457,28.0,2024-01-08,58.0
V007463,U00522,S0788,500.0,2025-06-03,64.0
V007464,U01541,S0226,500.0,2025-07-05,26.0
V007465,U01765,S0844,500.0,2025-02-22,43.0
V007466,U00155,S0571,108.0,2025-04-19,16.0
V007467,U00499,S0263,500.0,2024-12-06,46.0
V007468,U00644,S0564,219.0,2024-05-06,55.0
V007469,U01845,S0329,210.0,2025-07-03,11.0
V007470,U01404,S0416,500.0,2024-09-26,36.0
V007471,U00869,S0995,48.0,2024-08-09,73.0
V007472,U01857,S0425,500.0,2024-10-24,56.0
V007473,U00113,S0319,148.0,2024-11-29,13.0
V007474,U00399,S0189,500.0,2024-09-06,54.0
V007475,U01893,S0492,40.0,2025-03-22,23.0
V007476,U01751,S0980,500.0,2025-07-01,17.0
V007477,U01096,S0119,165.0,2025-04-21,44.0
V007478,U01794,S0176,100.0,2025-03-13,78.0
V007479,U00723,S0121,500.0,2024-11-16,98.0
V007480,U00076,S0850,72.0,2025-01-30,65.0
V007481,U01057,S0746,500.0,2025-01-22,66.0
V007482,U00169,S0922,500.0,2024-12-09,42.0
V007483,U01322,S0258,220.0,2024-08-21,60.0
V007484,U00420,S0744,500.0,2025-06-17,48.0
V007485,U01566,S0286,164.0,2024-04-15,90.0
V007486,U01997,S0301,13.0,2024-02-10,47.0
V007487,U00782,S0223,130.0,2024-09-29,87.0
V007488,U00518,S0448,158.0,2024-05-15,90.0
V007489,U01616,S0240,196.0,2024-11-05,81.0
V007490,U00064,S0260,215.0,2024-01-11,58.0
V007491,U01487,S0413,500.0,2024-05-27,78.0
V007492,U00452,S0051,217.0,2024-11-13,60.0
V007493,U01901,S0512,500.0,2024-10-23,59.0
V007494,U01466,S0880,500.0,2024-08-19,44.0
V007495,U01473,S0968,209.0,2024-09-30,16.0
V007496,U01973,S0952,500.0,2024-10-30,90.0
V007497,U01594,S0144,500.0,2024-04-25,91.0
V007498,U01801,S0132,171.0,2024-12-13,82.0
V007499,U00349,S0184,191.0,2024-07-28,56.0
V007500,U00319,S0519,500.0,2024-03-22,13.0
V007501,U00421,S0463,500.0,2025-05-27,23.0
V007502,U00741,S0330,186.0,2024-10-18,21.0
V007503,U00566,S0413,500.0,2025-03-22,41.0
V007504,U00344,S0008,26.0,2025-02-23,26.0
V007505,U00091,S0106,107.0,2025-01-31,31.0
V007506,U01862,S0281,500.0,2025-05-16,31.0
V007507,U00555,S0193,500.0,2024-03-13,56.0
V007508,U01810,S0749,219.0,2024-06-30,15.0
V007509,U01393,S0764,500.0,2025-04-06,81.0
V007510,U00328,S0643,500.0,2024-05-08,88.0
V007511,U00871,S0710,138.0,2024-08-22,75.0
V007512,U01826,S0946,107.0,2024-01-04,14.0
V007513,U00768,S0187,179.0,2024-09-03,88.0
V007514,U00591,S0252,500.0,2025-02-05,56.0
V007515,U00999,S0115,500.0,2024-10-27,11.0
V007516,U00063,S0313,500.0,2024-07-12,90.0
V007517,U01788,S0706,92.0,2024-03-10,24.0
V007518,U00669,S0013,159.0,2025-01-14,59.0
V007519,U01275,S0917,60.0,2024-04-05,39.0
V007520,U01939,S0011,67.0,2024-11-08,27.0
V007521,U01136,S0312,500.0,2024-10-22,20.0
V007522,U01539,S0718,500.0,2024-12-04,37.0
V007523,U01275,S0405,47.0,2024-09-28,29.0
V007524,U00516,S0014,500.0,2024-10-10,38.0
V007525,U01610,S0742,28.0,2024-07-19,32.0
V007526,U00224,S0095,500.0,2024-10-11,42.0
V007527,U01794,S0265,500.0,2025-02-05,47.0
V007528,U01629,S0905,500.0,2025-02-23,50.0
V007529,U01228,S0050,19.0,2024-02-17,94.0
V007530,U00742,S0706,139.0,2025-06-02,56.0
V007531,U01205,S0510,500.0,2024-09-19,93.0
V007532,U00095,S0174,93.0,2024-09-06,56.0
V007533,U00627,S0763,500.0,2024-04-09,24.0
V007534,U01427,S0179,500.0,2025-02-05,96.0
V007535,U00759,S0393,210.0,2024-03-26,84.0
V007536,U00841,S0640,96.0,2025-01-12,99.0
V007537,U01320,S0280,160.0,2024-08-06,94.0
V007538,U00330,S0873,500.0,2025-01-04,76.0
V007539,U00986,S0983,500.0,2024-01-20,64.0
V007540,U01558,S0753,219.0,2024-08-18,54.0
V007541,U00080,S0770,172.0,2025-02-25,95.0
V007542,U00247,S0143,103.0,2024-02-15,43.0
V007543,U01753,S0076,500.0,2024-08-18,27.0
V007544,U00683,S0839,148.0,2025-09-03,98.0
V007545,U00066,S0110,175.0,2024-08-03,94.0
V007546,U00785,S0646,500.0,2024-02-24,91.0
V007547,U00406,S0257,119.0,2024-11-24,47.0
V007548,U01984,S0992,500.0,2024-09-14,56.0
V007549,U00627,S0556,500.0,2024-07-14,34.0
V007550,U01691,S0592,99.0,2024-07-20,29.0
V007551,U01025,S0043,106.0,2025-04-14,43.0
V007552,U00809,S0123,105.0,2024-07-04,93.0
V007553,U01551,S0816,172.0,2024-08-04,94.0
V007554,U00554,S0222,76.0,2024-09-23,24.0
V007555,U01808,S0626,122.0,2024-01-27,53.0
V007556,U01503,S0230,11.0,2024-01-04,63.0
V007557,U01323,S0868,500.0,2024-01-22,40.0
V007558,U01935,S0405,158.0,2024-08-15,72.0
V007559,U01608,S0215,500.0,2025-04-10,99.0
V007560,U00102,S0730,88.0,2024-01-14,85.0
V007561,U00185,S0385,500.0,2024-07-23,49.0
V007562,U01785,S0397,500.0,2024-11-15,89.0
V007563,U01939,S0307,500.0,2024-10-23,100.0
V007564,U00165,S0148,125.0,2025-07-04,95.0
V007565,U00965,S0872,122.0,2024-01-20,70.0
V007566,U00001,S0686,500.0,2024-10-25,42.0
V007567,U01057,S0588,500.0,2024-01-13,56.0
V007568,U01193,S0108,54.0,2025-01-22,28.0
V007569,U01280,S0935,500.0,2024-10-10,84.0
V007570,U00321,S0116,43.0,2024-05-17,53.0
V007571,U01170,S0913,500.0,2024-03-22,66.0
V007572,U00368,S0155,500.0,2024-12-20,12.0
V007573,U00496,S0848,42.0,2025-06-23,69.0
V007574,U00407,S0372,211.0,2024-01-27,54.0
V007575,U00294,S0611,207.0,2025-05-15,86.0
V007576,U00179,S0992,500.0,2024-10-07,99.0
V007577,U00655,S0982,500.0,2024-01-16,63.0
V007578,U00719,S0073,138.0,2024-01-12,69.0
V007579,U00888,S0442,175.0,2024-10-08,46.0
V007580,U01477,S0013,500.0,2024-06-13,81.0
V007581,U01312,S0312,500.0,2024-11-18,87.0
V007582,U01448,S0699,147.0,2024-11-06,23.0
V007583,U01816,S0185,500.0,2024-12-08,100.0
V007584,U00142,S0597,14.0,2025-05-30,11.0
V007585,U00311,S0517,500.0,2024-02-18,20.0
V007586,U00047,S0128,500.0,2024-08-19,18.0
V007587,U01261,S0106,500.0,2024-11-26,78.0
V007588,U01431,S0255,500.0,2024-05-02,17.0
V007589,U00252,S0550,22.0,2024-02-22,85.0
V007590,U01083,S0560,500.0,2025-12-01,10.0
V007591,U00368,S0144,500.0,2025-05-02,81.0
V007592,U01069,S0943,500.0,2024-02-03,27.0
V007593,U01254,S0649,500.0,2025-08-02,56.0
V007594,U00456,S0054,500.0,2024-02-10,67.0
V007595,U01635,S0323,128.0,2024-06-08,89.0
V007596,U01661,S0723,500.0,2024-09-23,48.0
V007597,U00377,S0376,140.0,2024-07-04,99.0
V007598,U01475,S0289,500.0,2025-06-07,28.0
V007599,U00967,S0136,500.0,2024-08-09,17.0
V007600,U01662,S0467,500.0,2025-01-13,17.0
V007601,U01134,S0015,118.0,2025-01-13,60.0
V007602,U00039,S0406,500.0,2024-08-15,91.0
V007603,U01667,S0776,26.0,2024-10-07,85.0
V007604,U00073,S0950,31.0,2024-03-14,71.0
V007605,U00847,S0250,500.0,2024-01-17,49.0
V007606,U01879,S0878,500.0,2025-03-15,88.0
V007607,U01158,S0523,500.0,2025-04-12,61.0
V007608,U01903,S0588,500.0,2024-11-13,95.0
V007609,U00704,S0858,104.0,2024-07-01,37.0
V007610,U01922,S0268,211.0,2024-07-26,71.0
V007611,U00089,S0459,500.0,2024-12-10,39.0
V007612,U01719,S0384,500.0,2025-03-30,43.0
V007613,U01303,S0569,500.0,2024-05-28,12.0
V007614,U01584,S0113,500.0,2025-06-02,69.0
V007615,U01434,S0904,204.0,2024-07-06,94.0
V007616,U01823,S0437,119.0,2025-04-22,34.0
V007617,U00624,S0958,500.0,2024-03-20,52.0
V007618,U00618,S0937,34.0,2025-03-10,74.0
V007619,U01315,S0910,500.0,2024-03-06,35.0
V007620,U01209,S0480,500.0,2024-08-21,35.0
V007621,U01539,S0896,47.0,2024-01-19,27.0
V007622,U01460,S0627,500.0,2024-12-26,67.0
V007623,U01802,S0496,500.0,2024-02-10,93.0
V007624,U01892,S0445,96.0,2025-04-08,37.0
V007625,U00934,S0610,111.0,2025-04-01,76.0
V007626,U00344,S0659,500.0,2024-10-05,92.0
V007627,U01685,S0234,59.0,2024-05-07,90.0
V007628,U00971,S0346,500.0,2024-08-11,42.0
V007629,U00731,S0845,500.0,2024-09-08,56.0
V007630,U00628,S0411,500.0,2024-04-02,78.0
V007631,U01220,S0461,81.0,2025-04-18,65.0
V007632,U00580,S0946,11.0,2024-02-11,65.0
V007633,U01703,S0768,193.0,2024-08-04,49.0
V007634,U01937,S0754,500.0,2025-01-20,32.0
V007635,U00265,S0887,120.0,2025-05-21,91.0
V007636,U00248,S0749,219.0,2024-02-01,36.0
V007637,U00499,S0107,500.0,2024-02-20,18.0
V007638,U01226,S0876,88.0,2025-06-06,37.0
V007639,U01632,S0555,50.0,2024-11-05,69.0
V007640,U01994,S0971,500.0,2025-06-15,19.0
V007641,U00929,S0387,500.0,2024-08-09,56.0
V007642,U00774,S0509,168.0,2024-07-13,90.0
V007643,U00347,S0485,500.0,2025-05-09,54.0
V007644,U00631,S0189,39.0,2024-01-08,45.0
V007645,U01974,S0196,120.0,2024-11-09,41.0
V007646,U01509,S0798,37.0,2025-01-22,63.0
V007647,U00804,S0536,128.0,2025-02-21,25.0
V007648,U00027,S0421,500.0,2024-08-12,45.0
V007649,U00627,S0202,44.0,2024-04-23,63.0
V007650,U00902,S0510,133.0,2025-03-24,17.0
V007651,U00827,S0054,500.0,2025-03-04,73.0
V007652,U00258,S0171,7.0,2024-04-17,16.0
V007653,U01709,S0272,500.0,2025-06-14,46.0
V007654,U01493,S0204,144.0,2024-05-17,47.0
V007655,U01793,S0578,115.0,2025-03-06,52.0
V007656,U00626,S0147,500.0,2024-05-24,50.0
V007657,U00389,S0152,500.0,2024-08-18,48.0
V007658,U00886,S0706,186.0,2024-06-17,56.0
V007659,U01362,S0156,86.0,2025-02-03,74.0
V007660,U01158,S0476,151.0,2024-03-23,63.0
V007661,U00842,S0266,500.0,2024-07-24,66.0
V007662,U00550,S0816,500.0,2024-08-24,79.0
V007663,U01280,S0479,155.0,2024-09-07,59.0
V007664,U00617,S0979,500.0,2024-04-19,87.0
V007665,U01895,S0005,500.0,2024-05-26,43.0
V007666,U01327,S0370,500.0,2024-03-13,48.0
V007667,U01131,S0478,41.0,2024-07-04,34.0
V007668,U01969,S0941,163.0,2024-04-10,47.0
V007669,U01668,S0976,38.0,2024-07-16,28.0
V007670,U01050,S0421,500.0,2025-05-09,56.0
V007671,U00468,S0983,500.0,2024-08-06,41.0
V007672,U01006,S0617,500.0,2024-03-30,85.0
V007673,U01113,S0621,500.0,2025-02-04,100.0
V007674,U01795,S0416,158.0,2024-11-25,93.0
V007675,U00853,S0858,500.0,2024-08-25,82.0
V007676,U01438,S0273,218.0,2025-01-01,84.0
V007677,U00164,S0505,500.0,2024-07-13,43.0
V007678,U00038,S0067,500.0,2024-04-07,49.0
V007679,U01270,S0232,203.0,2025-01-22,23.0
V007680,U01631,S0643,129.0,2024-07-12,48.0
V007681,U01984,S0429,206.0,2024-06-04,68.0
V007682,U00169,S0469,500.0,2025-06-01,93.0
V007683,U00653,S0836,500.0,2024-02-25,70.0
V007684,U00355,S0027,76.0,2025-02-15,55.0
V007685,U00709,S0066,500.0,2024-07-25,84.0
V007686,U00959,S0185,500.0,2025-05-19,68.0
V007687,U01345,S0668,500.0,2024-09-09,17.0
V007688,U01977,S0724,44.0,2025-02-20,37.0
V007689,U00461,S0153,500.0,2024-05-26,40.0
V007690,U00969,S0162,500.0,2024-08-21,37.0
V007691,U01724,S0942,64.0,2024-12-02,88.0
V007692,U01291,S0721,500.0,2024-10-20,68.0
V007693,U01895,S0917,500.0,2024-11-23,71.0
V007694,U01057,S0564,500.0,2024-02-29,53.0
V007695,U01080,S0260,154.0,2025-07-03,84.0
V007696,U00935,S0202,65.0,2025-04-27,74.0
V007697,U01506,S0197,158.0,2024-10-17,70.0
V007698,U00123,S0543,171.0,2025-02-27,71.0
V007699,U00597,S0222,500.0,2025-05-14,31.0
V007700,U01133,S0967,124.0,2025-03-23,24.0
V007701,U00034,S0125,153.0,2024-04-08,86.0
V007702,U01775,S0676,107.0,2025-01-27,25.0
V007703,U01616,S0958,219.0,2025-01-27,77.0
V007704,U01878,S0703,82.0,2024-08-06,93.0
V007705,U01060,S0365,500.0,2024-10-03,65.0
V007706,U01972,S0386,174.0,2024-01-24,43.0
V007707,U00456,S0098,500.0,2025-03-03,79.0
V007708,U00721,S0532,500.0,2024-05-28,53.0
V007709,U01624,S0522,500.0,2024-01-02,66.0
V007710,U01744,S0423,500.0,2024-09-28,67.0
V007711,U01685,S0209,131.0,2024-10-30,96.0
V007712,U01961,S0702,201.0,2024-09-15,56.0
V007713,U01089,S0342,61.0,2024-01-07,91.0
V007714,U01578,S0309,117.0,2024-06-11,41.0
V007715,U00592,S0942,60.0,2024-10-31,59.0
V007716,U01211,S0069,171.0,2024-08-30,86.0
V007717,U00222,S0408,73.0,2024-03-04,72.0
V007718,U01729,S0678,500.0,2025-01-17,87.0
V007719,U00214,S0541,500.0,2024-01-13,92.0
V007720,U01497,S0849,156.0,2024-05-09,82.0
V007721,U00123,S0745,97.0,2024-05-03,59.0
V007722,U00743,S0862,173.0,2024-03-07,88.0
V007723,U01400,S0010,500.0,2024-11-01,69.0
V007724,U01759,S0306,137.0,2024-04-30,80.0
V007725,U00594,S0213,89.0,2024-10-03,24.0
V007726,U01719,S0054,138.0,2024-02-26,95.0
V007727,U00332,S0491,500.0,2024-10-14,66.0
V007728,U01564,S0403,500.0,2024-08-27,90.0
V007729,U01855,S0001,500.0,2024-09-06,20.0
V007730,U01513,S0846,98.0,2024-02-03,76.0
V007731,U01521,S0106,500.0,2024-10-18,16.0
V007732,U01893,S0384,49.0,2024-01-18,79.0
V007733,U00723,S0150,500.0,2024-04-10,14.0
V007734,U01120,S0460,114.0,2024-05-26,96.0
V007735,U01697,S0608,26.0,2024-08-29,14.0
V007736,U01472,S0449,220.0,2024-12-13,56.0
V007737,U01753,S0341,49.0,2024-11-27,77.0
V007738,U00006,S0759,500.0,2024-06-13,100.0
V007739,U01368,S0759,500.0,2025-06-21,65.0
V007740,U00834,S0917,117.0,2024-03-24,94.0
V007741,U00362,S0381,500.0,2025-02-25,29.0
V007742,U01841,S0232,65.0,2025-05-31,43.0
V007743,U00415,S0139,500.0,2024-09-17,30.0
V007744,U00751,S0466,25.0,2024-06-17,72.0
V007745,U01596,S0430,500.0,2024-07-19,95.0
V007746,U00760,S0720,500.0,2024-09-09,48.0
V007747,U01952,S0809,500.0,2024-12-12,43.0
V007748,U00060,S0669,201.0,2024-09-03,17.0
V007749,U00707,S0104,112.0,2024-03-05,100.0
V007750,U00704,S0545,22.0,2024-12-30,85.0
V007751,U01566,S0075,500.0,2024-08-31,49.0
V007752,U01635,S0204,500.0,2025-03-06,26.0
V007753,U00016,S0766,76.0,2025-07-03,40.0
V007754,U01604,S0353,18.0,2024-06-05,69.0
V007755,U00841,S0083,500.0,2024-12-28,56.0
V007756,U00927,S0140,210.0,2025-01-31,42.0
V007757,U01838,S0501,500.0,2024-10-28,65.0
V007758,U00724,S0198,500.0,2024-07-11,62.0
V007759,U01378,S0123,215.0,2025-06-06,50.0
V007760,U01913,S0161,500.0,2025-05-08,70.0
V007761,U01044,S0244,500.0,2025-05-02,84.0
V007762,U00706,S0537,173.0,2024-06-16,90.0
V007763,U00850,S0816,500.0,2025-04-29,55.0
V007764,U00081,S0158,500.0,2025-05-31,33.0
V007765,U00447,S0137,500.0,2024-11-12,72.0
V007766,U01038,S0122,130.0,2024-06-21,19.0
V007767,U01674,S0498,178.0,2024-02-08,47.0
V007768,U00078,S0637,500.0,2024-01-12,87.0
V007769,U01527,S0401,500.0,2024-09-01,56.0
V007770,U01750,S1000,500.0,2024-05-24,93.0
V007771,U01289,S0910,500.0,2024-10-24,83.0
V007772,U00289,S0796,57.0,2025-02-24,81.0
V007773,U00169,S0450,500.0,2024-02-04,85.0
V007774,U00642,S0061,211.0,2024-04-20,31.0
V007775,U00015,S0500,500.0,2024-04-11,99.0
V007776,U01924,S0726,500.0,2024-04-06,87.0
V007777,U01962,S0469,93.0,2024-10-12,87.0
V007778,U00277,S0127,500.0,2025-03-20,85.0
V007779,U00372,S0116,500.0,2024-10-11,38.0
V007780,U00458,S0440,500.0,2025-04-04,100.0
V007781,U00889,S0064,500.0,2024-07-03,44.0
V007782,U01360,S0033,500.0,2024-08-15,35.0
V007783,U01604,S0306,500.0,2024-08-24,28.0
V007784,U00635,S0177,25.0,2024-10-08,64.0
V007785,U00499,S0813,139.0,2024-03-02,11.0
V007786,U01670,S0840,71.0,2024-04-03,14.0
V007787,U00355,S0130,500.0,2024-11-25,25.0
V007788,U01543,S0502,176.0,2024-10-04,79.0
V007789,U01036,S0259,500.0,2024-05-07,91.0
V007790,U00560,S0284,211.0,2024-05-05,52.0
V007791,U00640,S0090,67.0,2024-06-09,61.0
V007792,U01143,S0812,500.0,2024-01-13,16.0
V007793,U00933,S0913,500.0,2025-06-05,71.0
V007794,U00410,S0324,39.0,2024-03-19,91.0
V007795,U00824,S0271,95.0,2024-11-20,53.0
V007796,U01804,S0807,200.0,2024-01-01,77.0
V007797,U01760,S0950,500.0,2024-11-09,81.0
V007798,U01970,S0665,500.0,2024-09-18,25.0
V007799,U00335,S0348,34.0,2024-03-04,65.0
V007800,U01756,S0891,500.0,2024-11-11,92.0
V007801,U00892,S0396,500.0,2025-03-26,73.0
V007802,U01971,S0234,500.0,2024-11-28,18.0
V007803,U01921,S0695,500.0,2024-03-07,66.0
V007804,U01824,S0734,500.0,2024-03-06,59.0
V007805,U01877,S0125,500.0,2024-11-29,86.0
V007806,U00794,S0172,17.0,2024-02-16,25.0
V007807,U01703,S0708,168.0,2024-04-21,81.0
V007808,U00510,S0347,500.0,2025-02-21,53.0
V007809,U01006,S0141,500.0,2024-11-14,68.0
V007810,U01475,S0967,500.0,2025-02-21,43.0
V007811,U00438,S0646,500.0,2024-02-09,63.0
V007812,U01059,S0712,500.0,2024-08-03,12.0
V007813,U01708,S0649,156.0,2024-12-24,27.0
V007814,U00408,S0988,148.0,2025-01-21,54.0
V007815,U00151,S0687,500.0,2025-10-05,34.0
V007816,U00236,S0403,500.0,2025-05-22,33.0
V007817,U01450,S0032,500.0,2024-04-28,98.0
V007818,U01721,S0549,77.0,2024-11-19,85.0
V007819,U01458,S0362,500.0,2024-09-23,49.0
V007820,U00771,S0376,143.0,2025-01-28,28.0
V007821,U01761,S0522,500.0,2024-05-15,62.0
V007822,U00404,S0134,500.0,2024-05-23,86.0
V007823,U01427,S0652,500.0,2024-06-14,68.0
V007824,U01297,S0429,500.0,2024-08-14,74.0
V007825,U01826,S0309,196.0,2024-09-21,54.0
V007826,U00783,S0690,500.0,2025-02-05,20.0
V007827,U01904,S0441,168.0,2025-06-20,48.0
V007828,U00215,S0153,113.0,2024-12-27,55.0
V007829,U00058,S0085,500.0,2025-05-03,27.0
V007830,U01778,S0819,9.0,2024-08-06,46.0
V007831,U01555,S0699,500.0,2024-08-05,91.0
V007832,U01863,S0800,500.0,2025-03-02,62.0
V007833,U00027,S0308,218.0,2025-03-28,22.0
V007834,U00217,S0957,500.0,2025-04-19,17.0
V007835,U00881,S0058,219.0,2025-01-15,87.0
V007836,U00191,S0640,205.0,2024-10-03,77.0
V007837,U00766,S0644,41.0,2025-03-14,32.0
V007838,U00587,S0958,58.0,2024-05-31,97.0
V007839,U00985,S0495,138.0,2024-12-26,26.0
V007840,U01255,S0903,80.0,2024-08-28,70.0
V007841,U01220,S0857,203.0,2024-03-13,99.0
V007842,U00187,S0015,500.0,2024-06-16,21.0
V007843,U01743,S0314,148.0,2024-12-09,82.0
V007844,U01861,S0847,80.0,2024-08-23,52.0
V007845,U01309,S0537,500.0,2024-06-20,96.0
V007846,U01893,S0567,118.0,2025-03-04,95.0
V007847,U01055,S0184,153.0,2025-03-22,56.0
V007848,U01397,S0457,152.0,2024-09-01,47.0
V007849,U00190,S0996,500.0,2024-04-04,78.0
V007850,U00114,S0423,83.0,2024-07-23,53.0
V007851,U01843,S0676,107.0,2025-11-02,86.0
V007852,U01083,S0128,500.0,2024-03-22,71.0
V007853,U01682,S0836,500.0,2024-09-14,73.0
V007854,U01336,S0675,500.0,2024-08-28,27.0
V007855,U01224,S0065,34.0,2024-05-28,91.0
V007856,U01408,S0385,214.0,2024-01-14,28.0
V007857,U00306,S0315,500.0,2024-10-02,61.0
V007858,U00384,S0955,209.0,2024-09-17,85.0
V007859,U01585,S0789,56.0,2024-09-24,70.0
V007860,U00276,S0119,151.0,2024-10-22,14.0
V007861,U00086,S0310,500.0,2025-09-01,96.0
V007862,U00935,S0830,500.0,2024-04-14,86.0
V007863,U01051,S0150,500.0,2024-07-18,34.0
V007864,U01950,S0435,500.0,2024-02-16,87.0
V007865,U01868,S0980,149.0,2024-05-05,74.0
V007866,U01654,S0188,110.0,2024-09-15,27.0
V007867,U01505,S0300,174.0,2024-07-21,51.0
V007868,U01290,S0893,51.0,2024-02-03,52.0
V007869,U00668,S0722,21.0,2025-05-19,84.0
V007870,U00796,S0120,500.0,2025-03-23,20.0
V007871,U00508,S0821,112.0,2025-03-10,89.0
V007872,U00715,S0179,500.0,2024-01-13,83.0
V007873,U01562,S0734,500.0,2024-08-05,64.0
V007874,U00012,S0229,184.0,2025-01-04,50.0
V007875,U01517,S0675,500.0,2025-06-19,45.0
V007876,U01818,S0574,500.0,2024-01-24,86.0
V007877,U01629,S0003,500.0,2025-03-29,82.0
V007878,U01159,S0137,129.0,2024-10-28,66.0
V007879,U01127,S0870,500.0,2025-05-29,59.0
V007880,U01347,S0646,500.0,2024-01-19,17.0
V007881,U01595,S0329,164.0,2025-05-18,95.0
V007882,U00766,S0712,128.0,2024-06-18,95.0
V007883,U01323,S0735,20.0,2025-05-14,55.0
V007884,U00192,S0932,188.0,2024-12-14,100.0
V007885,U00605,S0654,500.0,2024-02-08,85.0
V007886,U00904,S0566,24.0,2024-01-15,30.0
V007887,U00709,S0035,500.0,2024-10-03,27.0
V007888,U01263,S0177,117.0,2024-02-18,71.0
V007889,U01132,S0275,500.0,2024-12-09,64.0
V007890,U01136,S0290,500.0,2024-06-05,95.0
V007891,U01492,S0185,35.0,2024-04-20,63.0
V007892,U00710,S0203,179.0,2025-06-03,94.0
V007893,U00982,S0953,219.0,2024-11-14,99.0
V007894,U01055,S0149,500.0,2024-05-11,33.0
V007895,U01402,S0317,500.0,2024-01-28,95.0
V007896,U01805,S0964,500.0,2025-04-22,74.0
V007897,U00421,S0788,500.0,2025-01-21,52.0
V007898,U00100,S0244,500.0,2024-08-28,12.0
V007899,U00614,S0876,189.0,2025-03-31,77.0
V007900,U00711,S0547,500.0,2025-01-18,78.0
V007901,U01344,S0698,147.0,2025-01-18,40.0
V007902,U00756,S0928,193.0,2024-03-16,74.0
V007903,U00628,S0329,182.0,2024-03-01,37.0
V007904,U01982,S0897,500.0,2024-11-01,26.0
V007905,U00264,S0861,185.0,2025-11-04,56.0
V007906,U00238,S0527,500.0,2024-04-05,67.0
V007907,U01843,S0690,134.0,2024-02-05,75.0
V007908,U01670,S0993,500.0,2025-01-06,21.0
V007909,U01534,S0063,500.0,2025-04-26,77.0
V007910,U01212,S0529,17.0,2024-03-25,57.0
V007911,U00426,S0552,205.0,2024-02-10,26.0
V007912,U01518,S0901,500.0,2025-08-05,33.0
V007913,U01012,S0697,500.0,2024-01-24,56.0
V007914,U00311,S0528,500.0,2025-02-12,50.0
V007915,U00643,S0516,500.0,2024-02-03,64.0
V007916,U01741,S0638,52.0,2024-08-14,87.0
V007917,U01894,S0393,500.0,2025-05-08,79.0
V007918,U00580,S0239,41.0,2024-12-01,86.0
V007919,U00363,S0580,500.0,2024-03-26,87.0
V007920,U01646,S0985,500.0,2024-04-05,62.0
V007921,U00342,S0061,164.0,2025-01-01,81.0
V007922,U00997,S0295,500.0,2025-04-18,13.0
V007923,U00985,S0929,500.0,2024-11-29,94.0
V007924,U00739,S0091,32.0,2024-03-13,29.0
V007925,U00328,S0787,500.0,2024-05-07,27.0
V007926,U00424,S0558,158.0,2025-09-06,24.0
V007927,U01718,S0162,500.0,2024-02-29,90.0
V007928,U01509,S0332,199.0,2025-01-24,26.0
V007929,U01487,S0578,168.0,2025-02-18,57.0
V007930,U00073,S0615,500.0,2025-06-19,62.0
V007931,U01115,S0600,104.0,2024-11-01,56.0
V007932,U00871,S0715,64.0,2024-03-20,44.0
V007933,U00871,S0479,79.0,2024-08-16,32.0
V007934,U01602,S0982,169.0,2024-07-21,96.0
V007935,U00596,S0951,500.0,2025-05-21,12.0
V007936,U01791,S0654,219.0,2024-04-25,93.0
V007937,U00141,S0374,500.0,2024-04-15,95.0
V007938,U01283,S0598,164.0,2025-04-19,67.0
V007939,U01804,S0109,88.0,2025-06-13,76.0
V007940,U01325,S0285,69.0,2024-02-01,27.0
V007941,U00212,S0801,500.0,2024-03-14,69.0
V007942,U01071,S0807,132.0,2024-11-14,54.0
V007943,U01956,S0871,500.0,2024-07-04,56.0
V007944,U00012,S0532,500.0,2024-07-17,81.0
V007945,U01535,S0602,500.0,2025-03-13,35.0
V007946,U01001,S0622,500.0,2024-09-14,58.0
V007947,U00166,S0166,93.0,2024-01-22,59.0
V007948,U01819,S0574,80.0,2024-03-07,80.0
V007949,U00346,S0938,118.0,2025-04-18,77.0
V007950,U01810,S0611,500.0,2025-04-26,43.0
V007951,U00677,S0982,9.0,2024-02-04,18.0
V007952,U00668,S0527,500.0,2025-02-21,77.0
V007953,U00160,S0093,32.0,2025-02-24,46.0
V007954,U00518,S0971,184.0,2024-09-01,45.0
V007955,U00566,S0480,219.0,2025-04-26,72.0
V007956,U00369,S0750,214.0,2025-01-06,39.0
V007957,U00419,S0850,500.0,2024-07-03,93.0
V007958,U01317,S0214,126.0,2025-01-13,86.0
V007959,U00640,S0072,110.0,2024-02-23,63.0
V007960,U01504,S0233,500.0,2024-01-14,93.0
V007961,U00775,S0832,176.0,2024-08-25,86.0
V007962,U00025,S0474,500.0,2024-06-03,80.0
V007963,U00987,S0980,500.0,2025-05-04,61.0
V007964,U01713,S0642,64.0,2024-01-24,26.0
V007965,U00815,S0060,500.0,2024-09-01,97.0
V007966,U00846,S0558,139.0,2025-06-02,76.0
V007967,U00006,S0205,500.0,2024-07-02,80.0
V007968,U00091,S0786,139.0,2024-11-28,38.0
V007969,U01964,S0312,149.0,2024-08-13,47.0
V007970,U00938,S0480,500.0,2024-05-07,37.0
V007971,U00324,S0569,8.0,2024-06-12,60.0
V007972,U00969,S0975,500.0,2024-12-03,87.0
V007973,U01105,S0068,143.0,2024-05-03,37.0
V007974,U00615,S0323,500.0,2025-04-22,75.0
V007975,U00787,S0975,38.0,2024-09-07,56.0
V007976,U00864,S0730,26.0,2024-09-29,73.0
V007977,U00491,S0178,500.0,2024-01-27,96.0
V007978,U00958,S0737,26.0,2024-02-07,89.0
V007979,U01788,S0756,500.0,2025-02-16,56.0
V007980,U00278,S0712,500.0,2025-06-14,55.0
V007981,U01785,S0111,500.0,2025-06-15,65.0
V007982,U01900,S0749,500.0,2024-05-26,60.0
V007983,U01948,S0648,218.0,2025-02-07,85.0
V007984,U01032,S0880,500.0,2025-06-21,92.0
V007985,U01154,S0313,500.0,2024-11-05,38.0
V007986,U00444,S0010,500.0,2024-08-07,70.0
V007987,U01026,S0540,219.0,2024-08-23,90.0
V007988,U00595,S0406,500.0,2024-03-27,96.0
V007989,U00679,S0225,120.0,2024-03-08,59.0
V007990,U01101,S0102,108.0,2024-01-09,47.0
V007991,U00287,S0938,500.0,2025-07-06,71.0
V007992,U01109,S0154,500.0,2024-12-03,93.0
V007993,U00661,S0302,63.0,2025-04-02,90.0
V007994,U00268,S0689,36.0,2025-05-15,37.0
V007995,U01256,S0469,500.0,2024-09-06,78.0
V007996,U00037,S0170,169.0,2024-03-05,47.0
V007997,U01403,S0221,500.0,2025-05-28,15.0
V007998,U01453,S0267,500.0,2024-12-23,56.0
V007999,U00224,S0921,500.0,2025-12-01,41.0
V008000,U01308,S0097,500.0,2025-09-06,52.0
V008001,U00674,S0646,11.0,2024-12-30,43.0
V008002,U00190,S0116,500.0,2024-11-09,44.0
V008003,U01528,S0106,500.0,2024-11-07,63.0
V008004,U01067,S0005,17.0,2025-05-03,60.0
V008005,U00353,S0689,51.0,2025-07-03,89.0
V008006,U00494,S0276,34.0,2025-02-18,35.0
V008007,U01734,S0035,116.0,2024-12-04,96.0
V008008,U01021,S0787,144.0,2024-05-31,98.0
V008009,U01368,S0377,58.0,2024-04-17,18.0
V008010,U01803,S0927,121.0,2025-02-26,66.0
V008011,U00433,S0845,500.0,2025-03-16,81.0
V008012,U00979,S0241,500.0,2025-03-31,17.0
V008013,U01806,S0594,500.0,2024-10-09,43.0
V008014,U00934,S0741,500.0,2024-04-10,21.0
V008015,U00279,S0933,16.0,2024-12-27,50.0
V008016,U01862,S0033,500.0,2024-07-31,97.0
V008017,U00841,S0671,168.0,2024-04-16,38.0
V008018,U00786,S0857,500.0,2024-04-18,56.0
V008019,U00123,S0217,500.0,2024-10-17,82.0
V008020,U01460,S0384,500.0,2025-01-27,43.0
V008021,U00273,S0457,179.0,2025-05-04,56.0
V008022,U00333,S0145,197.0,2025-01-14,81.0
V008023,U00367,S0506,166.0,2024-01-08,58.0
V008024,U00284,S0637,34.0,2025-03-30,62.0
V008025,U00900,S0239,90.0,2024-05-08,51.0
V008026,U00712,S0779,500.0,2024-06-20,56.0
V008027,U01420,S0308,77.0,2025-04-20,86.0
V008028,U00803,S0514,500.0,2025-02-03,61.0
V008029,U01652,S0653,48.0,2024-11-19,35.0
V008030,U00468,S0222,21.0,2024-12-15,83.0
V008031,U01968,S0292,500.0,2025-09-06,58.0
V008032,U01118,S0488,500.0,2024-05-01,20.0
V008033,U00327,S0014,500.0,2025-02-21,84.0
V008034,U00148,S0665,500.0,2024-12-14,11.0
V008035,U00330,S0778,127.0,2025-01-27,48.0
V008036,U00693,S0506,500.0,2025-08-05,46.0
V008037,U00662,S0917,500.0,2024-07-14,66.0
V008038,U01302,S0241,106.0,2025-02-08,62.0
V008039,U00625,S0727,500.0,2025-06-13,40.0
V008040,U00996,S0904,500.0,2025-08-03,12.0
V008041,U01510,S0610,500.0,2024-02-28,26.0
V008042,U00467,S0756,500.0,2025-06-02,69.0
V008043,U01444,S0198,59.0,2025-06-17,34.0
V008044,U01508,S0777,500.0,2024-06-28,21.0
V008045,U01218,S0629,100.0,2024-11-19,49.0
V008046,U01110,S0432,63.0,2024-08-03,78.0
V008047,U00133,S0893,500.0,2025-06-18,25.0
V008048,U01047,S0995,500.0,2024-10-15,90.0
V008049,U01764,S0895,500.0,2024-09-08,98.0
V008050,U00462,S0036,210.0,2024-05-18,25.0
V008051,U01434,S0192,500.0,2024-06-30,44.0
V008052,U01981,S0266,156.0,2024-08-10,89.0
V008053,U01703,S0444,500.0,2025-01-31,81.0
V008054,U00380,S0443,181.0,2025-08-03,92.0
V008055,U00649,S0954,500.0,2024-10-25,92.0
V008056,U01419,S0175,22.0,2025-06-04,45.0
V008057,U00643,S0569,500.0,2024-12-31,96.0
V008058,U00040,S0717,500.0,2025-01-27,94.0
V008059,U01607,S0140,219.0,2024-07-26,88.0
V008060,U01663,S0144,500.0,2024-10-12,31.0
V008061,U00182,S0425,24.0,2024-02-24,91.0
V008062,U01173,S0708,14.0,2025-05-31,44.0
V008063,U01393,S0650,500.0,2025-11-04,45.0
V008064,U00639,S0142,68.0,2025-03-19,35.0
V008065,U01134,S0306,500.0,2024-08-11,67.0
V008066,U01790,S0826,500.0,2024-09-14,42.0
V008067,U01377,S0627,205.0,2024-10-17,91.0
V008068,U01280,S0114,500.0,2024-04-04,97.0
V008069,U01453,S0095,500.0,2024-02-04,56.0
V008070,U01943,S0250,500.0,2024-11-09,40.0
V008071,U01350,S0952,113.0,2024-08-14,20.0
V008072,U00409,S0839,500.0,2025-01-24,71.0
V008073,U01893,S0080,500.0,2024-03-03,73.0
V008074,U01364,S0764,500.0,2024-08-03,18.0
V008075,U01440,S0502,500.0,2024-09-04,54.0
V008076,U00655,S0549,219.0,2024-09-26,30.0
V008077,U01759,S0170,150.0,2024-10-02,37.0
V008078,U01850,S0477,219.0,2025-03-16,30.0
V008079,U00545,S0306,500.0,2025-11-01,57.0
V008080,U01498,S0060,22.0,2024-06-10,47.0
V008081,U01044,S0193,65.0,2024-08-23,41.0
V008082,U01091,S0737,500.0,2025-03-17,64.0
V008083,U01744,S0164,500.0,2024-05-01,43.0
V008084,U01460,S0470,65.0,2024-09-26,56.0
V008085,U00264,S0970,500.0,2024-04-20,77.0
V008086,U01371,S0212,500.0,2025-08-01,58.0
V008087,U00397,S0354,22.0,2024-05-24,96.0
V008088,U00423,S0030,500.0,2024-05-26,63.0
V008089,U01992,S0960,135.0,2024-06-27,58.0
V008090,U01093,S0414,22.0,2024-06-27,54.0
V008091,U00770,S0110,500.0,2024-05-25,13.0
V008092,U01346,S0262,500.0,2024-01-27,56.0
V008093,U00580,S0296,152.0,2025-07-05,91.0
V008094,U01323,S0973,187.0,2025-04-21,54.0
V008095,U01089,S0024,500.0,2024-11-29,91.0
V008096,U00774,S0126,97.0,2024-06-25,79.0
V008097,U00518,S0235,500.0,2024-07-13,55.0
V008098,U01222,S0838,47.0,2024-01-02,42.0
V008099,U01483,S0025,500.0,2025-04-06,83.0
V008100,U01082,S0832,122.0,2024-02-20,56.0
V008101,U00763,S0319,179.0,2024-04-29,78.0
V008102,U01087,S0169,102.0,2024-11-14,86.0
V008103,U01124,S0709,500.0,2024-05-15,70.0
V008104,U00281,S0031,139.0,2024-06-19,41.0
V008105,U01143,S0289,117.0,2024-11-15,46.0
V008106,U01981,S0111,500.0,2024-07-31,45.0
V008107,U01753,S0107,500.0,2024-04-17,30.0
V008108,U00017,S0873,500.0,2024-04-30,95.0
V008109,U01451,S0264,132.0,2024-02-11,83.0
V008110,U01691,S0166,500.0,2025-03-23,29.0
V008111,U00830,S0007,500.0,2024-08-05,56.0
V008112,U01407,S0892,131.0,2024-03-12,82.0
V008113,U01331,S0083,500.0,2024-05-30,44.0
V008114,U01933,S0577,500.0,2024-07-23,15.0
V008115,U00012,S0300,500.0,2025-03-10,84.0
V008116,U01827,S0463,129.0,2024-04-09,56.0
V008117,U00001,S0264,114.0,2024-08-17,71.0
V008118,U01853,S0554,500.0,2025-03-22,71.0
V008119,U00800,S0350,500.0,2025-04-27,67.0
V008120,U01710,S0322,219.0,2024-02-16,75.0
V008121,U00719,S0985,148.0,2024-01-28,100.0
V008122,U00067,S0554,83.0,2024-06-10,96.0
V008123,U00513,S0550,146.0,2025-06-23,74.0
V008124,U01011,S0647,181.0,2024-06-08,91.0
V008125,U01035,S0766,38.0,2024-09-04,62.0
V008126,U00048,S0743,500.0,2025-04-08,63.0
V008127,U01902,S0541,159.0,2025-03-24,19.0
V008128,U00529,S0509,216.0,2024-07-25,81.0
V008129,U00648,S0174,500.0,2024-05-09,84.0
V008130,U00066,S0227,126.0,2025-05-20,16.0
V008131,U01530,S0537,118.0,2025-05-18,87.0
V008132,U01094,S0524,91.0,2025-02-22,77.0
V008133,U00959,S0412,500.0,2024-10-25,95.0
V008134,U01111,S0366,500.0,2025-01-24,60.0
V008135,U01023,S0971,77.0,2024-12-09,75.0
V008136,U01203,S0294,178.0,2024-08-30,71.0
V008137,U01313,S0116,137.0,2025-02-20,81.0
V008138,U01350,S0260,500.0,2024-09-28,63.0
V008139,U00405,S0926,500.0,2024-11-02,18.0
V008140,U00557,S0291,500.0,2024-03-30,58.0
V008141,U00420,S0490,90.0,2024-05-02,55.0
V008142,U01307,S0906,219.0,2024-05-02,82.0
V008143,U00517,S0139,500.0,2025-06-19,35.0
V008144,U00301,S0480,165.0,2025-02-02,78.0
V008145,U00968,S0908,115.0,2024-04-09,50.0
V008146,U01108,S0174,500.0,2025-05-31,97.0
V008147,U01219,S0362,500.0,2025-08-01,51.0
V008148,U00058,S0287,113.0,2024-03-07,56.0
V008149,U00685,S0554,500.0,2024-09-27,42.0
V008150,U00940,S0711,500.0,2024-02-18,83.0
V008151,U01854,S0447,79.0,2024-12-11,52.0
V008152,U00839,S0655,176.0,2024-11-12,65.0
V008153,U00848,S0443,219.0,2025-02-02,53.0
V008154,U00194,S0546,500.0,2024-09-02,13.0
V008155,U01965,S0332,121.0,2024-12-15,32.0
V008156,U01266,S0361,500.0,2024-01-29,21.0
V008157,U00351,S0135,500.0,2025-10-06,64.0
V008158,U00776,S0774,184.0,2024-03-10,29.0
V008159,U00874,S0509,45.0,2024-04-17,74.0
V008160,U01640,S0027,187.0,2025-03-12,92.0
V008161,U00092,S0870,500.0,2024-12-20,25.0
V008162,U00247,S0343,500.0,2024-07-22,10.0
V008163,U01476,S0497,17.0,2024-12-25,62.0
V008164,U00533,S0759,171.0,2024-02-22,31.0
V008165,U00770,S0103,106.0,2024-01-22,66.0
V008166,U00442,S0580,10.0,2025-03-12,63.0
V008167,U00040,S0224,500.0,2024-08-26,62.0
V008168,U00638,S0418,186.0,2024-12-22,43.0
V008169,U01268,S0124,214.0,2024-08-26,13.0
V008170,U00346,S0766,48.0,2024-06-05,80.0
V008171,U01161,S0343,500.0,2024-01-23,99.0
V008172,U00425,S0009,500.0,2024-09-18,20.0
V008173,U00264,S0552,500.0,2024-02-02,81.0
V008174,U01960,S0433,500.0,2024-05-31,92.0
V008175,U00353,S0413,500.0,2025-05-18,18.0
V008176,U00897,S0780,500.0,2025-03-09,74.0
V008177,U01066,S0279,192.0,2024-08-02,23.0
V008178,U00001,S0141,500.0,2024-06-24,12.0
V008179,U00921,S0309,500.0,2025-06-22,45.0
V008180,U01237,S0818,500.0,2024-09-08,95.0
V008181,U01049,S0141,158.0,2025-05-01,83.0
V008182,U01112,S0454,184.0,2024-09-19,12.0
V008183,U01569,S0132,63.0,2024-04-15,69.0
V008184,U00439,S0129,54.0,2024-11-26,54.0
V008185,U00732,S0994,38.0,2025-04-04,27.0
V008186,U00318,S0613,500.0,2024-02-25,83.0
V008187,U01293,S0386,500.0,2024-07-21,11.0
V008188,U01010,S0007,500.0,2025-02-01,39.0
V008189,U00211,S0683,500.0,2024-10-06,89.0
V008190,U00306,S0519,71.0,2024-07-17,56.0
V008191,U00447,S0081,500.0,2024-12-23,40.0
V008192,U00036,S0683,141.0,2024-12-14,50.0
V008193,U00296,S0109,80.0,2025-05-14,42.0
V008194,U01333,S0994,500.0,2024-10-30,97.0
V008195,U01108,S0001,500.0,2024-09-02,94.0
V008196,U00683,S0659,43.0,2024-12-30,83.0
V008197,U00155,S0428,76.0,2024-07-21,54.0
V008198,U00874,S0980,176.0,2025-06-14,71.0
V008199,U00013,S0967,500.0,2024-11-11,47.0
V008200,U00322,S0140,109.0,2025-08-06,35.0
V008201,U00269,S0596,139.0,2024-02-15,90.0
V008202,U00702,S0468,500.0,2025-05-26,98.0
V008203,U00313,S0298,500.0,2024-01-28,87.0
V008204,U00424,S0820,194.0,2024-12-06,39.0
V008205,U00811,S0407,65.0,2025-05-13,14.0
V008206,U00714,S0517,138.0,2024-01-28,22.0
V008207,U00435,S0559,149.0,2024-01-03,11.0
V008208,U01920,S0723,500.0,2025-04-16,35.0
V008209,U01351,S0956,136.0,2024-02-23,12.0
V008210,U01619,S0897,194.0,2025-11-04,76.0
V008211,U00428,S0424,500.0,2024-04-21,58.0
V008212,U00087,S0502,500.0,2025-02-03,21.0
V008213,U00321,S0987,5.0,2025-04-27,45.0
V008214,U01017,S0806,500.0,2024-11-17,22.0
V008215,U00385,S0481,500.0,2024-10-30,100.0
V008216,U01350,S0681,500.0,2024-11-07,48.0
V008217,U00938,S0832,500.0,2024-10-20,63.0
V008218,U00728,S0024,191.0,2025-03-16,57.0
V008219,U00124,S0097,500.0,2024-06-06,42.0
V008220,U00501,S0099,152.0,2024-07-18,95.0
V008221,U00171,S0848,500.0,2024-12-25,42.0
V008222,U01454,S0298,179.0,2024-02-03,23.0
V008223,U01341,S0836,500.0,2024-01-22,72.0
V008224,U01800,S0644,500.0,2024-10-11,12.0
V008225,U00944,S0588,31.0,2024-03-23,44.0
V008226,U00170,S0289,500.0,2024-01-04,33.0
V008227,U00759,S0548,500.0,2025-01-27,98.0
V008228,U00612,S0789,500.0,2024-01-13,66.0
V008229,U01824,S0704,500.0,2025-06-03,98.0
V008230,U00081,S0906,126.0,2024-11-22,73.0
V008231,U01469,S0638,500.0,2024-03-12,42.0
V008232,U01378,S0788,175.0,2024-02-26,29.0
V008233,U01850,S0110,500.0,2024-03-17,14.0
V008234,U00717,S0510,191.0,2025-03-02,61.0
V008235,U01259,S0317,500.0,2025-03-14,30.0
V008236,U01030,S0594,197.0,2024-03-05,27.0
V008237,U01635,S0028,125.0,2024-08-21,86.0
V008238,U01592,S0872,500.0,2024-09-05,51.0
V008239,U00317,S0012,94.0,2025-05-20,27.0
V008240,U01150,S0733,121.0,2024-03-08,15.0
V008241,U01186,S0323,62.0,2024-07-11,51.0
V008242,U01835,S0294,208.0,2024-02-10,79.0
V008243,U01133,S0906,51.0,2024-09-14,56.0
V008244,U00294,S0338,500.0,2024-04-05,94.0
V008245,U01649,S0607,110.0,2024-06-25,32.0
V008246,U01630,S0154,500.0,2024-10-14,47.0
V008247,U01812,S0179,500.0,2024-07-01,63.0
V008248,U00339,S0631,64.0,2025-06-15,44.0
V008249,U00982,S0328,197.0,2024-02-16,19.0
V008250,U00146,S0664,11.0,2024-08-27,32.0
V008251,U01930,S0469,500.0,2024-04-25,75.0
V008252,U00336,S0179,191.0,2025-01-08,38.0
V008253,U00421,S0205,210.0,2025-04-19,79.0
V008254,U01187,S0378,500.0,2025-10-02,74.0
V008255,U00792,S0390,500.0,2025-04-02,56.0
V008256,U00524,S0585,116.0,2025-06-15,25.0
V008257,U00211,S0514,500.0,2025-05-18,75.0
V008258,U00595,S0509,148.0,2025-05-28,85.0
V008259,U01363,S0523,500.0,2024-05-15,65.0
V008260,U00784,S0054,500.0,2025-11-06,64.0
V008261,U01860,S0087,69.0,2024-03-19,50.0
V008262,U01033,S0779,500.0,2025-04-04,93.0
V008263,U00642,S0324,175.0,2024-02-23,61.0
V008264,U00323,S0824,500.0,2025-01-16,36.0
V008265,U01201,S0512,209.0,2024-05-03,43.0
V008266,U01831,S0656,153.0,2024-04-06,59.0
V008267,U01417,S0676,54.0,2024-10-08,78.0
V008268,U01670,S0361,40.0,2024-07-11,40.0
V008269,U01317,S0659,500.0,2024-09-15,82.0
V008270,U00600,S0161,72.0,2025-03-15,61.0
V008271,U00473,S0063,219.0,2025-10-04,90.0
V008272,U00829,S0382,54.0,2024-07-27,53.0
V008273,U00088,S0441,163.0,2024-12-04,13.0
V008274,U00861,S0601,500.0,2024-12-31,73.0
V008275,U00620,S0921,500.0,2024-01-22,34.0
V008276,U01161,S0384,500.0,2024-04-16,84.0
V008277,U01838,S0385,94.0,2025-04-19,12.0
V008278,U00006,S0651,500.0,2024-02-06,31.0
V008279,U01110,S0315,500.0,2025-03-02,53.0
V008280,U01463,S0264,500.0,2025-03-05,76.0
V008281,U01505,S0367,500.0,2025-04-20,73.0
V008282,U00033,S0125,500.0,2024-06-08,33.0
V008283,U00272,S0055,500.0,2024-08-05,32.0
V008284,U00295,S0748,138.0,2024-07-30,32.0
V008285,U00205,S0868,154.0,2024-04-11,80.0
V008286,U00797,S0693,500.0,2024-12-03,48.0
V008287,U01231,S0397,500.0,2024-11-01,91.0
V008288,U01989,S0997,126.0,2024-09-05,43.0
V008289,U01500,S0908,500.0,2025-01-17,91.0
V008290,U00489,S0786,66.0,2025-02-16,38.0
V008291,U01460,S0872,500.0,2024-09-17,16.0
V008292,U00420,S0600,219.0,2024-11-10,37.0
V008293,U01274,S0669,95.0,2024-10-21,50.0
V008294,U00107,S0276,500.0,2024-10-05,85.0
V008295,U01481,S0381,49.0,2024-02-10,23.0
V008296,U01912,S0892,500.0,2024-08-11,70.0
V008297,U00470,S0726,60.0,2024-05-09,80.0
V008298,U00301,S0928,12.0,2025-04-06,25.0
V008299,U01053,S0966,5.0,2025-04-23,56.0
V008300,U00270,S0440,500.0,2024-05-31,70.0
V008301,U00595,S0307,45.0,2024-02-21,56.0
V008302,U00047,S0617,500.0,2025-07-02,53.0
V008303,U00888,S0491,500.0,2024-08-07,82.0
V008304,U00534,S0585,500.0,2025-06-15,51.0
V008305,U00888,S0329,8.0,2024-04-01,35.0
V008306,U01982,S0693,500.0,2025-01-11,65.0
V008307,U00468,S0792,500.0,2024-08-07,37.0
V008308,U00324,S0571,500.0,2025-04-22,100.0
V008309,U00685,S0323,189.0,2024-11-18,61.0
V008310,U01127,S0251,500.0,2025-01-02,21.0
V008311,U01747,S0446,500.0,2024-10-25,13.0
V008312,U01496,S0009,500.0,2025-06-22,41.0
V008313,U01044,S0406,500.0,2024-08-26,12.0
V008314,U00604,S0089,108.0,2025-02-02,19.0
V008315,U01104,S0591,500.0,2025-01-25,88.0
V008316,U01624,S0749,207.0,2025-03-14,41.0
V008317,U01237,S0519,110.0,2025-04-21,41.0
V008318,U00006,S0858,219.0,2024-02-02,83.0
V008319,U01430,S0961,500.0,2024-03-26,100.0
V008320,U01186,S0042,121.0,2025-01-03,79.0
V008321,U01716,S0755,195.0,2024-01-15,100.0
V008322,U01180,S0347,500.0,2025-06-13,11.0
V008323,U00305,S0373,128.0,2025-04-15,34.0
V008324,U00299,S0165,123.0,2024-06-21,29.0
V008325,U00922,S0225,160.0,2025-03-07,47.0
V008326,U01095,S0948,187.0,2024-04-01,78.0
V008327,U00861,S0190,184.0,2024-06-27,76.0
V008328,U01814,S0258,500.0,2024-08-31,36.0
V008329,U00434,S0857,96.0,2024-05-11,70.0
V008330,U01809,S0983,212.0,2025-02-02,75.0
V008331,U01147,S0952,500.0,2024-06-25,84.0
V008332,U01060,S0265,500.0,2024-02-09,89.0
V008333,U01871,S0649,500.0,2024-03-20,15.0
V008334,U01087,S0043,500.0,2024-08-20,95.0
V008335,U00189,S0521,98.0,2024-08-23,44.0
V008336,U00612,S0315,500.0,2025-06-08,70.0
V008337,U00828,S0628,93.0,2024-05-17,24.0
V008338,U00716,S0070,219.0,2024-06-10,55.0
V008339,U00004,S0856,500.0,2025-06-20,30.0
V008340,U01691,S0940,500.0,2024-06-26,46.0
V008341,U01454,S0223,140.0,2024-11-28,85.0
V008342,U00754,S0410,500.0,2024-11-17,48.0
V008343,U00205,S0700,182.0,2024-08-13,19.0
V008344,U00125,S0173,500.0,2024-04-08,100.0
V008345,U00712,S0387,62.0,2024-03-24,71.0
V008346,U01175,S0305,219.0,2024-10-16,23.0
V008347,U01223,S0481,23.0,2024-05-01,71.0
V008348,U01046,S0178,500.0,2025-03-28,19.0
V008349,U01364,S0501,7.0,2025-05-05,83.0
V008350,U01369,S0335,500.0,2024-06-01,22.0
V008351,U01035,S0916,500.0,2024-10-03,47.0
V008352,U01626,S0099,106.0,2025-03-15,43.0
V008353,U00818,S0735,500.0,2024-02-18,58.0
V008354,U01206,S1000,17.0,2024-01-21,56.0
V008355,U00565,S0310,500.0,2025-01-30,64.0
V008356,U00131,S0582,500.0,2025-06-18,80.0
V008357,U00148,S0485,500.0,2024-12-18,25.0
V008358,U00500,S0805,51.0,2024-01-03,32.0
V008359,U00454,S0013,500.0,2025-05-27,83.0
V008360,U01970,S0905,124.0,2024-09-11,96.0
V008361,U00090,S0485,174.0,2024-05-12,84.0
V008362,U00943,S0199,214.0,2024-07-12,64.0
V008363,U00241,S0755,140.0,2025-04-12,72.0
V008364,U01687,S0687,151.0,2024-03-18,54.0
V008365,U01462,S0636,93.0,2024-06-04,31.0
V008366,U01671,S0872,208.0,2024-08-05,20.0
V008367,U01707,S0365,500.0,2024-03-13,50.0
V008368,U00444,S0289,130.0,2024-10-26,56.0
V008369,U01188,S0856,206.0,2024-12-12,21.0
V008370,U00434,S0432,44.0,2024-01-08,38.0
V008371,U00218,S0741,500.0,2024-10-07,24.0
V008372,U01017,S0194,125.0,2025-04-21,94.0
V008373,U00699,S0377,500.0,2024-02-14,67.0
V008374,U01054,S0213,500.0,2025-04-27,19.0
V008375,U01371,S0597,500.0,2024-11-28,99.0
V008376,U01412,S0554,500.0,2024-07-11,95.0
V008377,U00604,S0268,500.0,2024-05-18,20.0
V008378,U01470,S0589,144.0,2025-01-24,73.0
V008379,U00766,S0506,500.0,2025-10-04,62.0
V008380,U01165,S0541,36.0,2024-12-24,63.0
V008381,U00529,S0715,94.0,2024-09-04,67.0
V008382,U01169,S0836,35.0,2024-01-02,17.0
V008383,U01755,S0591,218.0,2025-04-18,27.0
V008384,U01696,S0422,219.0,2024-04-02,36.0
V008385,U00232,S0832,108.0,2024-10-23,46.0
V008386,U01539,S0332,70.0,2025-08-03,83.0
V008387,U01027,S0886,212.0,2024-05-22,55.0
V008388,U01025,S0793,23.0,2024-10-04,14.0
V008389,U00196,S0901,500.0,2024-09-13,86.0
V008390,U01396,S0545,13.0,2024-06-08,33.0
V008391,U00284,S0851,500.0,2025-08-02,74.0
V008392,U00322,S0099,112.0,2025-01-02,87.0
V008393,U00198,S0037,500.0,2024-08-27,67.0
V008394,U01578,S0481,69.0,2024-07-12,40.0
V008395,U00437,S0390,500.0,2024-10-01,19.0
V008396,U00942,S0118,5.0,2024-10-30,46.0
V008397,U01414,S0236,70.0,2025-05-31,29.0
V008398,U00404,S0845,500.0,2024-12-04,78.0
V008399,U00337,S0804,500.0,2024-10-08,22.0
V008400,U00960,S0691,500.0,2024-07-18,52.0
V008401,U00294,S0233,127.0,2024-11-12,47.0
V008402,U01701,S0671,500.0,2025-04-01,74.0
V008403,U00232,S0533,500.0,2024-02-07,41.0
V008404,U00994,S0948,500.0,2025-05-22,68.0
V008405,U01491,S0616,138.0,2024-04-23,25.0
V008406,U00103,S0546,500.0,2024-03-23,56.0
V008407,U00512,S0300,144.0,2024-03-05,37.0
V008408,U00401,S0921,500.0,2024-01-03,81.0
V008409,U00014,S0957,31.0,2025-05-27,45.0
V008410,U00971,S0253,500.0,2025-04-04,95.0
V008411,U00878,S0037,199.0,2025-06-21,30.0
V008412,U01084,S0424,500.0,2025-02-05,52.0
V008413,U01610,S0173,500.0,2024-03-30,19.0
V008414,U00226,S0642,7.0,2025-01-16,34.0
V008415,U00355,S0812,91.0,2024-07-07,96.0
V008416,U00869,S0970,174.0,2024-04-09,13.0
V008417,U00969,S0394,500.0,2024-11-09,93.0
V008418,U00652,S0698,500.0,2024-11-10,18.0
V008419,U01573,S0400,219.0,2024-11-16,93.0
V008420,U01345,S0653,75.0,2025-06-06,100.0
V008421,U01820,S0221,40.0,2024-02-28,68.0
V008422,U01931,S0114,500.0,2025-01-21,72.0
V008423,U00141,S0523,214.0,2024-02-17,51.0
V008424,U00261,S0970,500.0,2024-12-22,33.0
V008425,U01244,S0522,199.0,2025-10-03,66.0
V008426,U00707,S0580,219.0,2024-10-28,30.0
V008427,U01995,S0050,500.0,2024-03-26,30.0
V008428,U00558,S0430,48.0,2024-06-12,65.0
V008429,U00650,S0522,500.0,2024-12-01,41.0
V008430,U01111,S0550,169.0,2024-07-04,83.0
V008431,U01534,S0352,500.0,2024-05-31,10.0
V008432,U00047,S0638,187.0,2025-07-06,78.0
V008433,U01771,S0169,500.0,2024-09-27,17.0
V008434,U00073,S0687,500.0,2024-04-11,54.0
V008435,U00452,S0046,500.0,2024-02-04,71.0
V008436,U01318,S0899,178.0,2024-07-08,38.0
V008437,U00339,S0606,500.0,2024-06-17,27.0
V008438,U01405,S0638,500.0,2025-01-03,11.0
V008439,U00204,S0346,500.0,2025-02-20,41.0
V008440,U01573,S0224,500.0,2024-02-23,49.0
V008441,U00030,S0746,112.0,2024-10-29,34.0
V008442,U01054,S0901,110.0,2024-03-03,65.0
V008443,U00148,S0175,500.0,2024-04-06,89.0
V008444,U01347,S0426,500.0,2024-03-23,84.0
V008445,U01665,S0444,117.0,2025-03-19,58.0
V008446,U01667,S0393,500.0,2024-08-09,48.0
V008447,U00658,S0421,500.0,2024-03-15,28.0
V008448,U01448,S0691,123.0,2024-03-26,72.0
V008449,U00502,S0472,141.0,2024-02-13,15.0
V008450,U00788,S0112,500.0,2025-02-22,47.0
V008451,U00267,S0912,72.0,2024-01-21,89.0
V008452,U00695,S0413,98.0,2024-09-22,33.0
V008453,U01972,S0100,500.0,2024-12-10,76.0
V008454,U00688,S0905,56.0,2025-03-20,88.0
V008455,U01023,S0593,145.0,2025-03-25,42.0
V008456,U00631,S0960,54.0,2025-06-24,89.0
V008457,U01832,S0885,101.0,2025-12-02,26.0
V008458,U01846,S0263,215.0,2024-02-02,30.0
V008459,U00366,S0285,162.0,2025-05-14,62.0
V008460,U01550,S0774,103.0,2024-03-12,86.0
V008461,U01564,S0032,161.0,2025-05-20,48.0
V008462,U01674,S0363,500.0,2024-02-21,65.0
V008463,U00342,S0904,500.0,2024-02-11,83.0
V008464,U01882,S0483,500.0,2025-04-20,76.0
V008465,U01306,S0931,500.0,2024-01-29,94.0
V008466,U01352,S0265,500.0,2024-12-06,82.0
V008467,U00852,S0289,11.0,2024-07-07,69.0
V008468,U00677,S0099,500.0,2024-08-11,56.0
V008469,U00526,S0752,500.0,2024-08-24,63.0
V008470,U01483,S0225,107.0,2024-01-14,45.0
V008471,U00692,S0491,112.0,2024-09-21,36.0
V008472,U00546,S0937,179.0,2025-01-30,41.0
V008473,U00260,S0318,500.0,2024-04-16,31.0
V008474,U00856,S0355,177.0,2024-10-23,62.0
V008475,U01156,S0199,500.0,2025-01-25,92.0
V008476,U00702,S0938,217.0,2024-08-10,55.0
V008477,U01054,S0608,123.0,2024-11-05,28.0
V008478,U01550,S0814,500.0,2024-01-29,20.0
V008479,U01811,S0929,24.0,2024-09-04,54.0
V008480,U01304,S0908,500.0,2024-07-12,58.0
V008481,U01377,S0306,500.0,2024-02-02,13.0
V008482,U01877,S0010,500.0,2024-03-02,34.0
V008483,U01643,S0251,62.0,2025-04-28,31.0
V008484,U01733,S0536,203.0,2024-04-04,42.0
V008485,U00324,S0905,500.0,2024-03-22,34.0
V008486,U00093,S0407,158.0,2024-04-22,98.0
V008487,U01541,S0069,500.0,2025-03-24,70.0
V008488,U00196,S0110,500.0,2025-06-20,24.0
V008489,U00343,S0467,500.0,2025-01-18,29.0
V008490,U01473,S0917,500.0,2025-02-24,14.0
V008491,U01164,S0949,500.0,2025-06-21,66.0
V008492,U00111,S0013,180.0,2025-05-30,59.0
V008493,U00757,S0983,55.0,2025-06-16,42.0
V008494,U01630,S0166,500.0,2024-12-21,32.0
V008495,U00786,S0514,500.0,2025-08-01,19.0
V008496,U00274,S0177,102.0,2025-04-18,45.0
V008497,U01187,S0609,500.0,2024-02-14,26.0
V008498,U01649,S0128,500.0,2025-04-17,55.0
V008499,U01844,S0995,500.0,2024-05-10,56.0
V008500,U00059,S0176,51.0,2024-09-13,23.0
V008501,U01077,S0219,127.0,2024-02-18,45.0
V008502,U00183,S0260,500.0,2024-05-18,21.0
V008503,U00696,S0450,500.0,2024-07-15,79.0
V008504,U00343,S0830,175.0,2024-01-19,59.0
V008505,U00510,S0254,500.0,2025-05-29,67.0
V008506,U00907,S0891,102.0,2024-02-26,41.0
V008507,U01568,S0453,500.0,2024-11-14,56.0
V008508,U00363,S0339,500.0,2024-05-01,10.0
V008509,U01111,S0246,500.0,2024-02-26,39.0
V008510,U01332,S0706,9.0,2024-02-04,12.0
V008511,U01385,S0848,500.0,2025-04-15,63.0
V008512,U00023,S0352,9.0,2024-05-30,91.0
V008513,U00512,S0107,500.0,2024-03-21,92.0
V008514,U00386,S0212,148.0,2025-06-06,96.0
V008515,U00490,S0817,110.0,2025-04-15,47.0
V008516,U00629,S0073,209.0,2024-01-08,20.0
V008517,U01660,S0299,118.0,2024-03-23,28.0
V008518,U00713,S0263,183.0,2024-10-20,73.0
V008519,U01947,S0107,58.0,2025-04-29,98.0
V008520,U00561,S0991,219.0,2025-03-30,33.0
V008521,U01816,S0090,500.0,2024-07-26,59.0
V008522,U01450,S0433,500.0,2024-12-11,60.0
V008523,U01203,S0973,500.0,2024-11-05,78.0
V008524,U00393,S0830,199.0,2025-01-20,59.0
V008525,U00575,S0128,500.0,2024-04-27,50.0
V008526,U01845,S0854,162.0,2025-01-18,15.0
V008527,U00914,S0482,500.0,2024-02-12,26.0
V008528,U01482,S0842,500.0,2024-09-11,20.0
V008529,U01193,S0668,97.0,2024-12-24,22.0
V008530,U00949,S0074,51.0,2025-02-22,69.0
V008531,U01682,S0126,110.0,2024-02-26,12.0
V008532,U00323,S0331,500.0,2025-04-01,70.0
V008533,U01842,S0776,500.0,2024-06-21,93.0
V008534,U01303,S0369,500.0,2025-03-24,43.0
V008535,U01093,S0641,500.0,2024-12-08,88.0
V008536,U00207,S0136,500.0,2024-03-27,36.0
V008537,U00039,S0377,500.0,2024-09-29,54.0
V008538,U00066,S0631,108.0,2024-03-13,45.0
V008539,U00401,S0832,62.0,2024-04-07,82.0
V008540,U01651,S0388,157.0,2024-07-17,11.0
V008541,U01185,S0023,500.0,2025-02-18,19.0
V008542,U00946,S0246,42.0,2024-12-11,40.0
V008543,U00981,S0825,208.0,2025-05-29,100.0
V008544,U01157,S0247,500.0,2025-06-24,20.0
V008545,U01547,S0774,140.0,2025-04-22,91.0
V008546,U00296,S0717,69.0,2024-01-04,38.0
V008547,U00723,S0811,149.0,2025-01-18,77.0
V008548,U00308,S0267,126.0,2025-05-26,56.0
V008549,U01033,S0529,500.0,2025-05-12,53.0
V008550,U00756,S0886,190.0,2024-04-23,84.0
V008551,U00047,S0540,500.0,2025-01-23,98.0
V008552,U01748,S0498,50.0,2024-06-04,84.0
V008553,U00734,S0177,59.0,2024-01-28,32.0
V008554,U01802,S0433,29.0,2024-06-11,99.0
V008555,U01714,S0865,500.0,2025-05-17,96.0
V008556,U01666,S0101,53.0,2024-01-17,69.0
V008557,U01782,S0716,116.0,2024-02-19,45.0
V008558,U00997,S0826,500.0,2024-07-12,61.0
V008559,U00079,S0006,219.0,2024-03-02,100.0
V008560,U00945,S0451,153.0,2025-02-06,85.0
V008561,U00732,S0845,500.0,2024-12-23,90.0
V008562,U00149,S0293,208.0,2024-02-14,89.0
V008563,U00484,S0734,60.0,2024-05-09,45.0
V008564,U01918,S0178,51.0,2024-10-06,98.0
V008565,U01575,S0575,178.0,2024-06-08,36.0
V008566,U01210,S0877,500.0,2025-01-27,14.0
V008567,U00757,S0505,9.0,2025-06-24,20.0
V008568,U00060,S0869,500.0,2024-06-28,73.0
V008569,U00585,S0422,6.0,2024-08-27,49.0
V008570,U00417,S0041,89.0,2025-04-29,27.0
V008571,U01525,S0892,20.0,2024-12-08,28.0
V008572,U00977,S0735,28.0,2025-03-29,34.0
V008573,U01478,S0735,500.0,2024-10-16,91.0
V008574,U01677,S0265,16.0,2024-05-20,19.0
V008575,U00429,S0804,500.0,2025-01-03,39.0
V008576,U01304,S0586,500.0,2024-09-27,22.0
V008577,U00521,S0628,500.0,2024-10-28,18.0
V008578,U00227,S0621,500.0,2025-03-20,66.0
V008579,U01349,S0742,152.0,2024-09-05,52.0
V008580,U00561,S0813,500.0,2025-06-23,90.0
V008581,U01764,S0523,500.0,2024-07-07,12.0
V008582,U01967,S0794,500.0,2025-09-01,69.0
V008583,U01758,S0173,161.0,2024-04-18,82.0
V008584,U01225,S0405,500.0,2025-06-16,72.0
V008585,U01591,S0697,197.0,2025-05-27,29.0
V008586,U01667,S0846,500.0,2024-09-30,83.0
V008587,U00281,S0491,500.0,2024-04-18,53.0
V008588,U01692,S0465,51.0,2024-10-01,42.0
V008589,U01231,S0172,78.0,2024-05-30,77.0
V008590,U00709,S0120,170.0,2024-02-12,39.0
V008591,U01809,S0078,500.0,2024-07-10,71.0
V008592,U00576,S0068,500.0,2025-02-26,68.0
V008593,U00361,S0463,500.0,2025-01-23,26.0
V008594,U00153,S0912,500.0,2024-04-26,26.0
V008595,U00952,S0788,500.0,2024-05-22,78.0
V008596,U01279,S0290,500.0,2025-04-14,92.0
V008597,U00540,S0672,103.0,2024-07-24,59.0
V008598,U01625,S0850,175.0,2024-12-19,42.0
V008599,U01594,S0071,155.0,2024-11-12,51.0
V008600,U00021,S0945,500.0,2024-11-26,80.0
V008601,U00523,S0318,76.0,2024-04-23,68.0
V008602,U00407,S0012,217.0,2024-11-22,83.0
V008603,U01640,S0638,500.0,2024-10-11,26.0
V008604,U00092,S0562,69.0,2024-11-29,23.0
V008605,U01715,S0929,500.0,2024-05-26,10.0
V008606,U00822,S0588,111.0,2024-03-19,89.0
V008607,U00870,S0783,500.0,2024-01-19,12.0
V008608,U00169,S0559,500.0,2024-02-19,81.0
V008609,U01500,S0572,500.0,2024-12-16,59.0
V008610,U00724,S0007,105.0,2024-06-22,54.0
V008611,U00181,S0729,108.0,2024-12-03,52.0
V008612,U00909,S0175,500.0,2024-06-09,49.0
V008613,U01900,S0670,189.0,2024-10-18,36.0
V008614,U00269,S0265,82.0,2024-04-25,19.0
V008615,U01737,S0151,500.0,2024-10-22,32.0
V008616,U00399,S0571,217.0,2024-04-17,44.0
V008617,U00367,S0364,85.0,2024-04-16,16.0
V008618,U01416,S0907,500.0,2024-03-27,95.0
V008619,U00516,S0307,500.0,2024-06-25,40.0
V008620,U01710,S0550,54.0,2024-09-07,50.0
V008621,U01908,S0089,216.0,2025-02-24,54.0
V008622,U00738,S0502,169.0,2024-11-27,16.0
V008623,U01195,S0209,60.0,2025-03-16,60.0
V008624,U01534,S0633,198.0,2024-12-30,51.0
V008625,U00001,S0369,500.0,2025-03-28,36.0
V008626,U01407,S0994,120.0,2024-10-16,40.0
V008627,U00881,S0002,500.0,2024-09-25,42.0
V008628,U00896,S0693,500.0,2024-06-14,33.0
V008629,U01210,S0471,500.0,2025-04-09,73.0
V008630,U01116,S0903,188.0,2025-06-24,26.0
V008631,U00936,S0978,162.0,2025-09-01,12.0
V008632,U01583,S0901,33.0,2024-01-12,77.0
V008633,U01373,S0725,500.0,2024-07-04,73.0
V008634,U01313,S0981,500.0,2024-09-27,13.0
V008635,U01584,S0546,500.0,2024-11-16,11.0
V008636,U00406,S0319,87.0,2025-05-11,32.0
V008637,U01699,S0426,500.0,2024-10-02,81.0
V008638,U01365,S0644,199.0,2024-04-08,93.0
V008639,U01194,S0201,193.0,2024-01-30,78.0
V008640,U01113,S0415,31.0,2025-05-09,51.0
V008641,U01561,S0854,42.0,2024-06-01,40.0
V008642,U01411,S0631,500.0,2025-01-15,37.0
V008643,U01277,S0281,500.0,2024-09-14,67.0
V008644,U00199,S0775,500.0,2024-06-15,56.0
V008645,U00597,S0568,119.0,2024-06-07,87.0
V008646,U01438,S0025,500.0,2025-04-15,73.0
V008647,U00150,S0066,118.0,2024-06-20,13.0
V008648,U00525,S0092,82.0,2024-10-30,28.0
V008649,U01974,S0722,500.0,2024-10-15,90.0
V008650,U01090,S0985,124.0,2025-08-03,51.0
V008651,U01171,S0478,500.0,2024-04-03,49.0
V008652,U00908,S0074,138.0,2025-04-13,60.0
V008653,U00255,S0423,500.0,2025-02-02,33.0
V008654,U00688,S0224,500.0,2024-10-11,40.0
V008655,U01119,S0477,500.0,2025-02-22,34.0
V008656,U01119,S0624,500.0,2024-06-24,97.0
V008657,U01488,S0438,76.0,2025-02-25,68.0
V008658,U01163,S0354,500.0,2025-05-12,15.0
V008659,U01500,S0622,156.0,2024-09-21,41.0
V008660,U01538,S0373,13.0,2024-07-07,41.0
V008661,U00795,S0886,92.0,2024-10-19,56.0
V008662,U00331,S0904,81.0,2025-04-29,76.0
V008663,U01611,S0950,500.0,2025-01-11,97.0
V008664,U01206,S0169,67.0,2024-06-20,66.0
V008665,U00269,S0420,56.0,2024-03-15,62.0
V008666,U00797,S0955,500.0,2024-07-21,83.0
V008667,U00485,S0180,500.0,2025-05-17,18.0
V008668,U01141,S0552,166.0,2025-06-24,82.0
V008669,U00327,S0944,500.0,2024-12-04,28.0
V008670,U01639,S0887,500.0,2024-05-26,12.0
V008671,U00449,S0348,166.0,2025-03-29,14.0
V008672,U00887,S0342,135.0,2024-08-23,11.0
V008673,U00086,S0521,500.0,2024-02-25,78.0
V008674,U01602,S0822,122.0,2024-05-18,87.0
V008675,U00049,S0863,49.0,2024-10-24,13.0
V008676,U01720,S0639,500.0,2024-02-21,43.0
V008677,U01503,S0513,500.0,2024-01-12,15.0
V008678,U00768,S0766,500.0,2024-10-11,44.0
V008679,U00364,S0135,500.0,2025-04-17,38.0
V008680,U01691,S0463,124.0,2025-01-18,69.0
V008681,U01844,S0747,150.0,2024-04-20,82.0
V008682,U01212,S0787,500.0,2025-01-29,90.0
V008683,U01405,S0175,500.0,2024-12-26,71.0
V008684,U00289,S0828,205.0,2024-01-26,27.0
V008685,U00828,S0698,76.0,2024-10-05,58.0
V008686,U01972,S0515,209.0,2024-05-15,97.0
V008687,U00684,S0398,46.0,2024-08-27,58.0
V008688,U01152,S0767,500.0,2024-05-11,40.0
V008689,U01138,S0914,500.0,2024-11-01,56.0
V008690,U01421,S0650,500.0,2024-12-04,36.0
V008691,U00896,S0446,500.0,2025-12-06,58.0
V008692,U01601,S0083,500.0,2025-11-03,90.0
V008693,U00400,S0916,500.0,2024-02-02,80.0
V008694,U00938,S0113,95.0,2025-05-21,57.0
V008695,U01986,S0987,500.0,2024-11-29,53.0
V008696,U00145,S0821,500.0,2024-05-01,53.0
V008697,U01540,S0608,500.0,2024-03-01,75.0
V008698,U00582,S0876,36.0,2024-12-11,66.0
V008699,U01173,S0279,500.0,2025-03-26,56.0
V008700,U00256,S0648,184.0,2024-04-18,13.0
V008701,U01448,S0813,197.0,2024-06-30,37.0
V008702,U01667,S0419,112.0,2025-05-23,87.0
V008703,U00534,S0216,204.0,2024-08-08,80.0
V008704,U00564,S0904,500.0,2025-04-24,23.0
V008705,U01689,S0289,500.0,2024-04-13,98.0
V008706,U00063,S0966,500.0,2024-08-26,63.0
V008707,U01409,S0790,127.0,2025-06-05,63.0
V008708,U00304,S0247,500.0,2025-01-01,58.0
V008709,U01589,S0429,170.0,2024-04-03,64.0
V008710,U01835,S0941,500.0,2025-02-19,44.0
V008711,U01027,S0037,197.0,2024-05-25,37.0
V008712,U00389,S0015,500.0,2024-07-03,21.0
V008713,U01902,S0120,500.0,2024-10-23,18.0
V008714,U00144,S0934,500.0,2024-05-29,56.0
V008715,U00010,S0029,135.0,2025-02-13,47.0
V008716,U00432,S0431,500.0,2024-09-15,47.0
V008717,U01695,S0457,157.0,2024-01-05,20.0
V008718,U01049,S0931,500.0,2024-02-10,82.0
V008719,U00020,S0616,102.0,2024-10-04,21.0
V008720,U01087,S0156,181.0,2025-06-23,72.0
V008721,U00745,S0437,500.0,2024-03-02,49.0
V008722,U01912,S0944,149.0,2024-02-23,46.0
V008723,U01541,S0236,155.0,2024-02-15,32.0
V008724,U01294,S0305,159.0,2025-01-21,14.0
V008725,U00692,S0544,500.0,2024-01-24,90.0
V008726,U01711,S0912,15.0,2024-12-29,11.0
V008727,U01246,S0741,500.0,2025-05-01,27.0
V008728,U00272,S0790,23.0,2025-04-10,56.0
V008729,U01287,S0410,70.0,2024-07-07,37.0
V008730,U01549,S0781,52.0,2024-01-19,24.0
V008731,U01877,S0391,120.0,2025-12-01,95.0
V008732,U01402,S0779,500.0,2025-01-02,91.0
V008733,U00810,S0950,500.0,2025-01-01,62.0
V008734,U01545,S0968,24.0,2024-01-25,43.0
V008735,U00653,S0110,500.0,2024-11-05,26.0
V008736,U01233,S0580,148.0,2024-07-09,27.0
V008737,U00014,S0204,216.0,2024-10-21,63.0
V008738,U00610,S0520,113.0,2025-06-05,99.0
V008739,U00242,S0226,208.0,2024-06-12,66.0
V008740,U00293,S0985,212.0,2024-10-27,79.0
V008741,U00655,S0846,115.0,2024-11-03,16.0
V008742,U01581,S0586,500.0,2024-03-13,74.0
V008743,U01940,S0063,500.0,2024-05-03,64.0
V008744,U00354,S0413,500.0,2024-02-12,94.0
V008745,U00845,S0415,181.0,2025-07-02,81.0
V008746,U00182,S0464,500.0,2024-02-04,24.0
V008747,U01520,S0144,175.0,2025-05-27,75.0
V008748,U01202,S0392,73.0,2025-02-09,80.0
V008749,U00607,S0785,18.0,2024-07-30,90.0
V008750,U00604,S0019,500.0,2025-03-22,34.0
V008751,U01707,S0597,45.0,2025-10-05,28.0
V008752,U01565,S0274,170.0,2025-08-03,14.0
V008753,U01183,S0056,500.0,2024-05-09,19.0
V008754,U01091,S0216,500.0,2024-11-26,22.0
V008755,U01292,S0841,127.0,2024-08-26,87.0
V008756,U01221,S0143,500.0,2024-06-10,32.0
V008757,U00500,S0346,163.0,2024-06-25,75.0
V008758,U00207,S0431,500.0,2024-03-26,66.0
V008759,U01799,S0759,154.0,2025-05-03,99.0
V008760,U01291,S0175,500.0,2024-07-09,19.0
V008761,U01736,S0219,148.0,2025-05-22,25.0
V008762,U01264,S0956,219.0,2024-09-14,54.0
V008763,U01217,S0166,194.0,2024-01-11,41.0
V008764,U01521,S0417,53.0,2024-12-24,53.0
V008765,U00668,S0425,7.0,2024-11-19,34.0
V008766,U01179,S0680,81.0,2025-04-26,62.0
V008767,U00027,S0977,500.0,2024-08-08,78.0
V008768,U00941,S0149,500.0,2025-01-30,52.0
V008769,U00299,S0226,500.0,2024-02-23,71.0
V008770,U01676,S0682,500.0,2025-10-03,74.0
V008771,U01306,S0844,500.0,2024-08-28,90.0
V008772,U01764,S0167,500.0,2024-03-23,69.0
V008773,U00626,S0029,500.0,2024-01-23,42.0
V008774,U00336,S0693,79.0,2024-01-01,55.0
V008775,U01715,S0466,70.0,2024-05-08,43.0
V008776,U01102,S0617,500.0,2025-06-03,15.0
V008777,U00753,S0195,500.0,2025-03-27,34.0
V008778,U00879,S0655,500.0,2025-04-14,36.0
V008779,U01304,S0785,158.0,2024-02-05,65.0
V008780,U00079,S0824,195.0,2024-10-29,12.0
V008781,U00649,S0947,54.0,2025-04-22,78.0
V008782,U01655,S0930,500.0,2024-08-08,56.0
V008783,U00814,S0522,500.0,2025-03-24,95.0
V008784,U00889,S0412,500.0,2024-08-07,33.0
V008785,U00170,S0134,171.0,2024-12-09,70.0
V008786,U00812,S0033,500.0,2024-06-29,39.0
V008787,U01322,S0492,112.0,2025-01-02,67.0
V008788,U00158,S0531,171.0,2024-09-11,45.0
V008789,U01367,S0659,500.0,2024-09-13,33.0
V008790,U01122,S0764,217.0,2024-03-04,12.0
V008791,U00864,S0721,500.0,2024-09-23,93.0
V008792,U00614,S0900,76.0,2025-04-30,77.0
V008793,U00662,S0348,100.0,2025-03-18,56.0
V008794,U00727,S0944,144.0,2024-11-20,56.0
V008795,U00903,S0372,164.0,2024-11-15,49.0
V008796,U01894,S0443,500.0,2024-12-20,60.0
V008797,U01694,S0053,120.0,2025-05-31,45.0
V008798,U00402,S0656,500.0,2024-07-12,43.0
V008799,U01745,S0488,219.0,2025-07-06,40.0
V008800,U00825,S0119,500.0,2025-05-03,26.0
V008801,U00383,S0513,500.0,2024-10-10,23.0
V008802,U01128,S0133,46.0,2024-11-13,86.0
V008803,U01283,S0385,212.0,2025-05-27,26.0
V008804,U01334,S0652,500.0,2024-05-16,20.0
V008805,U01102,S0058,95.0,2024-01-16,36.0
V008806,U01900,S0240,76.0,2024-05-08,77.0
V008807,U01851,S0735,85.0,2024-08-30,48.0
V008808,U01460,S0849,500.0,2024-02-19,34.0
V008809,U00951,S0232,89.0,2024-04-22,63.0
V008810,U00370,S0920,197.0,2024-11-21,46.0
V008811,U01455,S0887,500.0,2025-05-27,47.0
V008812,U01530,S0828,500.0,2025-06-21,27.0
V008813,U01144,S0140,183.0,2024-01-05,15.0
V008814,U01049,S0787,13.0,2024-11-06,27.0
V008815,U01023,S0293,110.0,2024-03-27,32.0
V008816,U00997,S0708,500.0,2024-05-08,78.0
V008817,U01288,S0873,14.0,2024-08-08,61.0
V008818,U01627,S0259,500.0,2024-06-29,32.0
V008819,U00088,S0726,500.0,2024-02-14,41.0
V008820,U01406,S0232,203.0,2025-09-04,23.0
V008821,U01177,S0282,190.0,2024-06-15,15.0
V008822,U00993,S0441,500.0,2024-01-09,36.0
V008823,U01768,S0972,500.0,2025-06-21,55.0
V008824,U01526,S0704,500.0,2024-08-28,15.0
V008825,U01348,S0081,500.0,2025-03-08,49.0
V008826,U01439,S0409,64.0,2024-08-15,66.0
V008827,U01318,S0722,51.0,2024-11-21,55.0
V008828,U01992,S0021,500.0,2024-01-27,18.0
V008829,U01964,S0065,500.0,2024-09-20,90.0
V008830,U01082,S0131,78.0,2024-08-15,39.0
V008831,U01715,S0436,500.0,2025-01-26,15.0
V008832,U01102,S0320,219.0,2024-10-08,10.0
V008833,U01798,S0820,500.0,2024-02-14,69.0
V008834,U00528,S0741,500.0,2024-10-11,95.0
V008835,U01590,S0538,74.0,2024-02-19,16.0
V008836,U01794,S0944,500.0,2025-05-15,88.0
V008837,U00403,S0435,194.0,2025-10-05,88.0
V008838,U01807,S0473,500.0,2024-03-17,24.0
V008839,U00245,S0841,210.0,2024-06-30,16.0
V008840,U01342,S0525,500.0,2024-09-21,28.0
V008841,U01870,S0919,500.0,2024-10-02,94.0
V008842,U00639,S0246,44.0,2025-01-28,61.0
V008843,U01037,S0070,500.0,2025-06-08,20.0
V008844,U00129,S0624,72.0,2024-03-15,10.0
V008845,U00240,S0060,500.0,2024-01-07,19.0
V008846,U00400,S0569,500.0,2024-08-07,74.0
V008847,U01504,S0294,188.0,2025-04-30,17.0
V008848,U01394,S0550,500.0,2024-08-25,37.0
V008849,U01710,S0250,500.0,2024-04-09,57.0
V008850,U00980,S0218,500.0,2024-07-25,69.0
V008851,U01213,S0171,208.0,2024-12-13,81.0
V008852,U01867,S0432,500.0,2024-08-23,88.0
V008853,U00917,S0734,53.0,2024-09-06,88.0
V008854,U01845,S0076,500.0,2024-08-13,28.0
V008855,U01284,S0909,33.0,2024-02-05,56.0
V008856,U00166,S0185,500.0,2024-09-16,39.0
V008857,U01269,S0283,500.0,2025-01-18,76.0
V008858,U00203,S0757,500.0,2024-09-12,63.0
V008859,U00427,S0950,49.0,2025-04-27,98.0
V008860,U01389,S0817,500.0,2024-12-01,88.0
V008861,U01320,S0473,187.0,2025-04-14,44.0
V008862,U00774,S0747,217.0,2024-07-27,12.0
V008863,U01640,S0243,59.0,2024-10-09,10.0
V008864,U00695,S0024,119.0,2024-10-12,69.0
V008865,U01187,S0363,500.0,2024-09-19,40.0
V008866,U00378,S0077,500.0,2025-05-20,89.0
V008867,U01442,S0459,17.0,2024-08-30,97.0
V008868,U01984,S0070,178.0,2024-12-02,35.0
V008869,U00963,S0215,204.0,2025-04-15,77.0
V008870,U00307,S0059,500.0,2025-04-19,53.0
V008871,U01723,S0219,500.0,2024-02-24,15.0
V008872,U00420,S0158,500.0,2025-02-10,95.0
V008873,U01169,S0272,500.0,2024-09-15,31.0
V008874,U01213,S0848,55.0,2024-05-21,56.0
V008875,U00562,S0828,27.0,2024-03-13,33.0
V008876,U00416,S0370,218.0,2024-06-23,74.0
V008877,U00271,S0907,28.0,2025-03-25,100.0
V008878,U01139,S0681,500.0,2024-08-02,38.0
V008879,U01618,S0205,500.0,2024-05-19,25.0
V008880,U00320,S0693,500.0,2025-12-05,37.0
V008881,U00632,S0749,500.0,2024-08-29,21.0
V008882,U01601,S0522,500.0,2024-08-09,93.0
V008883,U01300,S0396,500.0,2024-05-20,14.0
V008884,U00200,S0553,219.0,2025-06-14,94.0
V008885,U00785,S0356,157.0,2024-07-10,69.0
V008886,U00602,S0300,156.0,2024-06-04,100.0
V008887,U01877,S0502,219.0,2025-06-04,23.0
V008888,U00310,S0851,47.0,2025-02-28,60.0
V008889,U01118,S0588,500.0,2024-11-27,25.0
V008890,U01360,S0771,500.0,2024-01-16,85.0
V008891,U01334,S0425,123.0,2024-08-29,18.0
V008892,U00740,S0977,500.0,2024-07-26,70.0
V008893,U00187,S0513,500.0,2024-05-09,94.0
V008894,U01083,S0991,500.0,2024-01-14,86.0
V008895,U00453,S0955,500.0,2024-12-24,50.0
V008896,U01132,S0303,500.0,2024-05-26,61.0
V008897,U00557,S0246,500.0,2024-09-28,25.0
V008898,U01914,S0857,500.0,2024-11-12,30.0
V008899,U01939,S0832,134.0,2025-02-21,94.0
V008900,U01015,S0725,500.0,2025-05-06,41.0
V008901,U01421,S0575,500.0,2025-03-04,90.0
V008902,U01831,S0225,500.0,2025-04-06,54.0
V008903,U01903,S0161,111.0,2024-02-28,10.0
V008904,U00969,S0632,36.0,2024-04-10,84.0
V008905,U00800,S0445,18.0,2025-01-02,99.0
V008906,U01302,S0791,83.0,2024-09-30,92.0
V008907,U01884,S0207,184.0,2024-07-15,72.0
V008908,U00757,S0411,500.0,2024-04-30,96.0
V008909,U00871,S0369,500.0,2024-03-31,26.0
V008910,U00520,S0187,500.0,2024-04-08,14.0
V008911,U01173,S0516,181.0,2024-11-01,12.0
V008912,U01334,S0430,102.0,2025-01-14,84.0
V008913,U01654,S0505,186.0,2025-06-23,60.0
V008914,U01251,S0464,69.0,2025-05-19,100.0
V008915,U00276,S0800,500.0,2024-03-24,31.0
V008916,U00171,S0944,500.0,2025-10-01,65.0
V008917,U00826,S0266,90.0,2024-03-25,73.0
V008918,U00512,S0051,219.0,2024-01-12,65.0
V008919,U01636,S0455,188.0,2024-11-13,55.0
V008920,U01774,S0559,500.0,2025-07-02,98.0
V008921,U01922,S0537,39.0,2024-09-05,61.0
V008922,U01798,S0678,191.0,2025-02-22,86.0
V008923,U00942,S0141,500.0,2024-08-30,56.0
V008924,U01632,S0968,500.0,2024-10-17,42.0
V008925,U00793,S0579,104.0,2024-07-01,49.0
V008926,U01733,S0323,87.0,2025-01-03,85.0
V008927,U01151,S0103,70.0,2024-06-27,49.0
V008928,U00439,S0520,219.0,2025-06-23,44.0
V008929,U01225,S0917,500.0,2024-02-17,35.0
V008930,U00175,S0242,171.0,2024-03-18,55.0
V008931,U00578,S0720,500.0,2025-06-15,67.0
V008932,U00717,S0269,44.0,2024-11-17,62.0
V008933,U00294,S0794,500.0,2025-06-21,69.0
V008934,U00191,S0113,500.0,2024-06-11,37.0
V008935,U00506,S0470,500.0,2024-03-22,50.0
V008936,U01275,S0901,500.0,2024-01-30,12.0
V008937,U01575,S0764,500.0,2024-04-20,62.0
V008938,U01905,S0193,134.0,2025-04-16,80.0
V008939,U00202,S0336,180.0,2025-06-09,32.0
V008940,U00924,S0946,500.0,2024-12-27,57.0
V008941,U01960,S0925,500.0,2024-07-10,19.0
V008942,U00611,S0961,500.0,2024-11-11,69.0
V008943,U01533,S0506,219.0,2024-01-13,24.0
V008944,U00635,S0220,500.0,2024-01-31,48.0
V008945,U00995,S0042,156.0,2025-12-04,55.0
V008946,U01363,S0147,97.0,2024-06-01,41.0
V008947,U01169,S0570,40.0,2024-11-26,72.0
V008948,U01506,S0523,500.0,2025-04-19,65.0
V008949,U01667,S0719,154.0,2025-04-21,61.0
V008950,U01563,S0525,41.0,2025-09-01,69.0
V008951,U01420,S0374,500.0,2024-05-12,75.0
V008952,U01284,S0321,175.0,2024-10-31,27.0
V008953,U01239,S0895,136.0,2024-06-25,70.0
V008954,U01229,S0474,500.0,2024-11-26,42.0
V008955,U01281,S0117,500.0,2024-07-25,19.0
V008956,U01704,S0957,500.0,2024-01-04,53.0
V008957,U00773,S0667,192.0,2025-06-02,62.0
V008958,U00356,S0193,500.0,2024-06-17,26.0
V008959,U00833,S0559,500.0,2024-10-09,53.0
V008960,U01812,S0352,166.0,2025-06-23,17.0
V008961,U00415,S0095,205.0,2024-11-27,52.0
V008962,U00406,S0592,500.0,2024-10-31,45.0
V008963,U01829,S0864,85.0,2024-09-16,56.0
V008964,U00286,S0280,500.0,2025-02-20,41.0
V008965,U00165,S0772,500.0,2024-06-01,19.0
V008966,U00055,S0085,64.0,2024-10-16,72.0
V008967,U01792,S0228,110.0,2024-05-29,54.0
V008968,U01623,S0336,186.0,2024-05-10,86.0
V008969,U01174,S0215,60.0,2025-03-22,40.0
V008970,U01941,S0010,85.0,2024-09-07,17.0
V008971,U01968,S0902,163.0,2024-06-23,62.0
V008972,U01985,S0183,186.0,2024-10-04,85.0
V008973,U00321,S0519,123.0,2025-02-06,11.0
V008974,U00180,S0224,42.0,2024-08-24,55.0
V008975,U00969,S0570,59.0,2025-04-20,61.0
V008976,U00589,S0654,219.0,2025-08-05,69.0
V008977,U01102,S0389,176.0,2024-11-13,56.0
V008978,U01982,S0434,500.0,2024-09-26,61.0
V008979,U00228,S0586,500.0,2025-05-27,35.0
V008980,U00812,S0215,136.0,2025-02-17,35.0
V008981,U01227,S0966,74.0,2024-07-30,10.0
V008982,U01892,S0492,82.0,2024-10-31,14.0
V008983,U00378,S0819,166.0,2024-08-06,24.0
V008984,U01978,S0994,117.0,2024-11-09,64.0
V008985,U00712,S0526,500.0,2025-04-29,56.0
V008986,U01750,S0357,500.0,2024-07-06,34.0
V008987,U00626,S0902,114.0,2024-01-25,18.0
V008988,U01331,S0578,83.0,2024-10-18,49.0
V008989,U00059,S0343,500.0,2024-12-13,49.0
V008990,U00254,S0055,85.0,2025-05-22,41.0
V008991,U00249,S0179,500.0,2024-07-18,31.0
V008992,U01546,S0765,36.0,2024-06-02,76.0
V008993,U01976,S0298,83.0,2024-12-01,18.0
V008994,U01843,S0497,92.0,2024-02-24,24.0
V008995,U00761,S0904,174.0,2025-05-03,87.0
V008996,U01888,S0750,207.0,2024-02-25,88.0
V008997,U00209,S0136,37.0,2024-11-13,75.0
V008998,U01726,S0070,175.0,2025-04-03,45.0
V008999,U01052,S0782,500.0,2024-01-10,14.0
V009000,U00536,S0841,143.0,2025-01-13,53.0
V009001,U00510,S0500,219.0,2025-05-16,56.0
V009002,U01059,S0887,500.0,2024-06-23,26.0
V009003,U01124,S0147,500.0,2024-04-18,86.0
V009004,U01373,S0106,500.0,2024-12-27,85.0
V009005,U00241,S0010,14.0,2025-04-30,100.0
V009006,U00533,S0990,67.0,2024-08-09,17.0
V009007,U01005,S0617,73.0,2024-03-15,36.0
V009008,U00895,S0242,217.0,2024-01-19,57.0
V009009,U01694,S0947,500.0,2025-05-08,31.0
V009010,U01850,S0068,88.0,2025-03-26,17.0
V009011,U00064,S0500,500.0,2025-04-30,85.0
V009012,U01902,S0332,500.0,2025-05-13,72.0
V009013,U01384,S0495,500.0,2024-01-24,50.0
V009014,U01972,S0180,500.0,2025-06-04,44.0
V009015,U00118,S0086,94.0,2024-06-19,31.0
V009016,U00298,S0459,178.0,2024-12-30,40.0
V009017,U01637,S0586,500.0,2024-11-04,13.0
V009018,U00725,S0935,500.0,2024-03-27,56.0
V009019,U01869,S0995,500.0,2024-12-04,54.0
V009020,U01843,S0265,500.0,2025-07-03,38.0
V009021,U01997,S0459,500.0,2024-07-05,10.0
V009022,U01732,S0184,500.0,2024-05-29,93.0
V009023,U01169,S0166,500.0,2025-05-13,84.0
V009024,U01202,S0716,121.0,2024-01-19,65.0
V009025,U00579,S0644,500.0,2025-05-31,30.0
V009026,U01715,S0532,500.0,2024-03-12,58.0
V009027,U00263,S0421,500.0,2025-01-20,25.0
V009028,U00828,S0785,500.0,2024-09-24,51.0
V009029,U00123,S0204,38.0,2024-11-24,95.0
V009030,U01614,S0342,141.0,2025-06-13,35.0
V009031,U01632,S0757,32.0,2024-03-31,88.0
V009032,U01701,S0259,500.0,2024-10-15,84.0
V009033,U00080,S0303,158.0,2025-02-25,56.0
V009034,U00896,S0554,17.0,2025-02-21,37.0
V009035,U01959,S0556,500.0,2025-03-02,29.0
V009036,U00337,S0986,500.0,2025-04-25,36.0
V009037,U01859,S0383,211.0,2024-12-01,33.0
V009038,U01715,S0023,219.0,2025-04-21,47.0
V009039,U00995,S0818,45.0,2024-05-22,79.0
V009040,U01125,S0271,43.0,2024-02-27,28.0
V009041,U01409,S0072,114.0,2025-05-24,58.0
V009042,U00622,S0877,219.0,2024-08-26,56.0
V009043,U00556,S0001,500.0,2024-11-19,10.0
V009044,U01377,S0227,217.0,2025-06-03,12.0
V009045,U00197,S0818,500.0,2024-09-20,48.0
V009046,U00150,S0250,140.0,2025-01-18,92.0
V009047,U01863,S0095,500.0,2024-01-06,92.0
V009048,U00692,S0116,500.0,2024-01-09,75.0
V009049,U00531,S0321,500.0,2025-06-23,21.0
V009050,U00331,S0232,8.0,2024-02-25,52.0
V009051,U01354,S0880,500.0,2024-02-07,30.0
V009052,U00715,S0376,93.0,2024-12-23,78.0
V009053,U00065,S0851,500.0,2024-12-10,11.0
V009054,U01112,S0554,500.0,2024-01-24,13.0
V009055,U00588,S0860,29.0,2024-04-13,62.0
V009056,U00229,S0582,500.0,2025-02-26,56.0
V009057,U01765,S0358,51.0,2024-05-14,61.0
V009058,U00949,S0169,500.0,2024-10-01,18.0
V009059,U01521,S0354,500.0,2024-12-18,97.0
V009060,U00380,S0972,135.0,2024-09-01,91.0
V009061,U00851,S0492,500.0,2025-01-27,32.0
V009062,U00863,S0307,500.0,2024-12-22,23.0
V009063,U01657,S0138,500.0,2024-08-23,22.0
V009064,U00151,S0811,500.0,2024-04-15,56.0
V009065,U00325,S0675,96.0,2024-12-05,45.0
V009066,U01322,S0087,16.0,2025-02-20,90.0
V009067,U00339,S0795,166.0,2025-01-15,66.0
V009068,U01687,S0029,500.0,2024-08-02,46.0
V009069,U01227,S0145,168.0,2025-04-26,84.0
V009070,U00193,S0290,159.0,2025-01-20,49.0
V009071,U00097,S0951,500.0,2024-04-02,44.0
V009072,U00836,S0786,500.0,2025-03-18,40.0
V009073,U01584,S0172,211.0,2025-11-01,12.0
V009074,U00614,S0203,101.0,2024-10-01,41.0
V009075,U01058,S0444,500.0,2025-01-27,38.0
V009076,U00821,S0796,500.0,2024-05-16,11.0
V009077,U01512,S0623,141.0,2025-04-03,74.0
V009078,U00658,S0280,500.0,2024-08-14,44.0
V009079,U01878,S0597,58.0,2024-11-11,46.0
V009080,U01150,S0197,136.0,2025-04-15,19.0
V009081,U00110,S0695,151.0,2024-06-27,83.0
V009082,U00079,S0006,500.0,2024-05-31,15.0
V009083,U00529,S0794,97.0,2024-07-01,98.0
V009084,U00515,S0865,500.0,2024-03-10,55.0
V009085,U01436,S0530,500.0,2024-01-30,48.0
V009086,U01203,S0208,500.0,2024-03-23,66.0
V009087,U01860,S0090,149.0,2024-04-15,80.0
V009088,U01612,S0030,500.0,2024-05-30,45.0
V009089,U01553,S0648,152.0,2025-02-02,96.0
V009090,U01278,S0388,500.0,2025-04-15,29.0
V009091,U01706,S0551,70.0,2025-05-06,89.0
V009092,U00388,S0945,500.0,2024-06-22,61.0
V009093,U00668,S0865,500.0,2024-08-26,73.0
V009094,U00508,S0780,500.0,2024-02-12,31.0
V009095,U00287,S0850,500.0,2024-05-08,79.0
V009096,U00850,S0761,197.0,2024-09-02,95.0
V009097,U01738,S0945,84.0,2024-02-05,18.0
V009098,U01398,S0041,13.0,2024-10-29,24.0
V009099,U01082,S0817,500.0,2025-05-26,47.0
V009100,U00705,S0473,500.0,2025-03-15,59.0
V009101,U01142,S0727,116.0,2024-03-05,16.0
V009102,U01381,S0858,140.0,2025-03-14,23.0
V009103,U00346,S0918,500.0,2024-05-18,17.0
V009104,U01376,S0729,500.0,2025-12-03,91.0
V009105,U01378,S0380,500.0,2024-08-31,47.0
V009106,U01206,S0836,500.0,2024-04-05,99.0
V009107,U00515,S0968,500.0,2024-04-21,66.0
V009108,U01306,S0640,95.0,2024-04-14,95.0
V009109,U00105,S0045,153.0,2024-12-30,64.0
V009110,U01877,S0558,203.0,2024-05-13,46.0
V009111,U00313,S0916,500.0,2025-11-04,73.0
V009112,U01799,S0167,176.0,2024-07-18,70.0
V009113,U00424,S0702,500.0,2024-01-27,42.0
V009114,U01986,S0257,500.0,2024-01-10,21.0
V009115,U00418,S0564,24.0,2024-12-10,24.0
V009116,U01058,S0273,49.0,2024-09-05,40.0
V009117,U00855,S0845,65.0,2024-07-21,18.0
V009118,U00982,S0149,85.0,2025-03-29,65.0
V009119,U01018,S0421,500.0,2025-07-04,11.0
V009120,U01258,S0301,500.0,2024-04-15,93.0
V009121,U01506,S0559,76.0,2024-04-30,18.0
V009122,U01476,S0776,200.0,2024-06-28,71.0
V009123,U00800,S0679,500.0,2024-12-30,80.0
V009124,U00899,S0974,500.0,2024-05-31,17.0
V009125,U00603,S0069,500.0,2024-11-02,70.0
V009126,U01027,S0878,216.0,2025-04-19,59.0
V009127,U01469,S0857,500.0,2024-09-21,28.0
V009128,U00897,S0897,500.0,2024-02-09,24.0
V009129,U00465,S0538,29.0,2024-04-23,10.0
V009130,U01417,S0888,500.0,2024-02-16,23.0
V009131,U01052,S0379,54.0,2025-07-06,50.0
V009132,U01548,S0677,148.0,2024-12-11,57.0
V009133,U01899,S0002,41.0,2025-02-15,20.0
V009134,U00973,S0019,149.0,2024-09-24,32.0
V009135,U00316,S0721,18.0,2024-08-16,80.0
V009136,U00428,S0349,500.0,2025-03-15,41.0
V009137,U00400,S0609,219.0,2024-01-18,57.0
V009138,U01032,S0359,51.0,2025-05-17,48.0
V009139,U00088,S0003,88.0,2024-10-03,36.0
V009140,U01855,S0396,188.0,2025-05-02,25.0
V009141,U01152,S0451,88.0,2024-11-29,12.0
V009142,U01467,S0006,500.0,2024-07-06,21.0
V009143,U00373,S0496,219.0,2025-06-01,57.0
V009144,U01789,S0493,219.0,2024-03-18,34.0
V009145,U01564,S0442,500.0,2024-09-01,66.0
V009146,U00190,S0722,500.0,2025-03-22,60.0
V009147,U01162,S0606,79.0,2024-11-06,14.0
V009148,U00918,S0943,500.0,2024-08-05,42.0
V009149,U00057,S0561,135.0,2024-04-22,99.0
V009150,U01296,S0179,157.0,2025-01-16,93.0
V009151,U01891,S0124,500.0,2024-12-09,36.0
V009152,U01467,S0689,500.0,2025-03-01,13.0
V009153,U01356,S0283,500.0,2024-09-19,14.0
V009154,U00020,S0648,500.0,2024-10-19,75.0
V009155,U00717,S0492,213.0,2024-01-13,74.0
V009156,U01643,S0214,500.0,2024-04-30,83.0
V009157,U01347,S0356,500.0,2024-10-17,23.0
V009158,U00352,S0858,500.0,2024-04-27,67.0
V009159,U01044,S0522,500.0,2024-07-11,10.0
V009160,U01872,S0975,500.0,2025-04-06,47.0
V009161,U00943,S0725,56.0,2024-12-09,77.0
V009162,U01730,S0949,500.0,2024-11-05,40.0
V009163,U01431,S0964,500.0,2024-09-28,90.0
V009164,U00103,S0605,500.0,2024-07-16,45.0
V009165,U00066,S0112,150.0,2024-11-10,43.0
V009166,U00871,S0644,500.0,2024-11-30,23.0
V009167,U00017,S0699,500.0,2024-02-09,82.0
V009168,U00758,S0609,117.0,2025-04-20,35.0
V009169,U00618,S0646,500.0,2024-12-10,56.0
V009170,U01074,S0244,27.0,2024-03-27,17.0
V009171,U01077,S0790,163.0,2025-09-03,95.0
V009172,U00623,S0466,500.0,2024-09-13,58.0
V009173,U00747,S0167,156.0,2025-01-24,82.0
V009174,U01075,S0763,66.0,2024-03-28,76.0
V009175,U01652,S0525,52.0,2025-04-19,64.0
V009176,U00171,S0778,170.0,2024-10-25,40.0
V009177,U01610,S0062,500.0,2024-11-13,43.0
V009178,U01780,S0808,500.0,2024-07-26,56.0
V009179,U00688,S0962,500.0,2024-08-18,37.0
V009180,U00930,S0684,55.0,2024-09-28,46.0
V009181,U01200,S0774,6.0,2024-01-28,31.0
V009182,U01329,S0525,500.0,2024-09-10,51.0
V009183,U00761,S0338,500.0,2025-02-25,22.0
V009184,U00758,S0034,500.0,2024-03-20,20.0
V009185,U01403,S0583,500.0,2024-02-18,52.0
V009186,U01173,S0956,7.0,2025-01-21,84.0
V009187,U00906,S0699,500.0,2024-08-01,17.0
V009188,U01803,S0948,500.0,2024-02-11,49.0
V009189,U00230,S0756,175.0,2024-03-16,34.0
V009190,U01900,S0948,500.0,2025-04-18,96.0
V009191,U01232,S0705,35.0,2024-06-13,62.0
V009192,U01900,S0870,129.0,2025-03-30,26.0
V009193,U01636,S0116,124.0,2024-10-29,10.0
V009194,U01237,S0407,18.0,2024-04-24,69.0
V009195,U00478,S0706,500.0,2025-01-08,56.0
V009196,U01032,S0424,117.0,2024-12-05,73.0
V009197,U01965,S0102,198.0,2024-03-26,38.0
V009198,U00253,S0059,219.0,2024-08-10,67.0
V009199,U01356,S0445,500.0,2025-02-10,32.0
V009200,U00120,S0774,500.0,2024-12-18,99.0
V009201,U01986,S0005,58.0,2024-10-29,72.0
V009202,U00253,S0519,165.0,2024-09-04,81.0
V009203,U01531,S0488,198.0,2024-12-16,27.0
V009204,U00214,S0255,500.0,2024-11-29,36.0
V009205,U00871,S0493,500.0,2024-10-03,86.0
V009206,U00288,S0717,9.0,2024-08-22,33.0
V009207,U00607,S0598,500.0,2024-04-08,98.0
V009208,U00809,S0470,132.0,2024-10-23,26.0
V009209,U01066,S0427,500.0,2024-06-10,70.0
V009210,U00299,S0478,500.0,2024-12-15,86.0
V009211,U00414,S0990,89.0,2024-08-01,61.0
V009212,U00864,S0445,500.0,2024-09-14,76.0
V009213,U01252,S0937,500.0,2024-05-07,80.0
V009214,U01292,S0370,500.0,2024-12-21,53.0
V009215,U01644,S0495,57.0,2024-03-08,43.0
V009216,U01415,S0045,500.0,2025-03-05,97.0
V009217,U01369,S0130,500.0,2025-02-26,42.0
V009218,U01286,S0521,500.0,2024-03-10,75.0
V009219,U00254,S0609,500.0,2024-12-04,23.0
V009220,U00629,S0682,129.0,2024-11-01,100.0
V009221,U01973,S0878,14.0,2024-07-02,45.0
V009222,U01455,S0199,110.0,2024-03-28,83.0
V009223,U00129,S0163,36.0,2024-04-09,12.0
V009224,U01230,S0783,219.0,2024-09-27,12.0
V009225,U00788,S0771,153.0,2024-03-29,32.0
V009226,U00903,S0276,500.0,2024-03-20,45.0
V009227,U01922,S0491,500.0,2025-06-03,41.0
V009228,U00296,S0366,215.0,2024-06-18,98.0
V009229,U00454,S0931,500.0,2025-05-31,90.0
V009230,U01244,S0435,500.0,2024-04-17,22.0
V009231,U00478,S0475,500.0,2025-03-09,72.0
V009232,U00264,S0706,63.0,2024-08-06,17.0
V009233,U00459,S0838,72.0,2025-04-09,89.0
V009234,U00465,S0286,77.0,2024-02-04,58.0
V009235,U01632,S0963,77.0,2024-08-17,60.0
V009236,U00417,S0150,500.0,2025-04-05,21.0
V009237,U01151,S0728,500.0,2024-01-02,87.0
V009238,U01368,S0848,64.0,2025-04-12,61.0
V009239,U01513,S0141,219.0,2024-04-28,40.0
V009240,U01428,S0929,145.0,2025-04-03,75.0
V009241,U01483,S0993,54.0,2025-01-20,23.0
V009242,U00304,S0317,500.0,2024-10-06,18.0
V009243,U00942,S0999,188.0,2024-01-08,18.0
V009244,U01956,S0075,500.0,2025-04-28,65.0
V009245,U00643,S0975,80.0,2025-04-04,90.0
V009246,U00501,S0503,93.0,2025-03-10,44.0
V009247,U01891,S0675,49.0,2024-07-17,87.0
V009248,U00470,S0808,158.0,2024-09-08,72.0
V009249,U01908,S0290,500.0,2024-08-18,78.0
V009250,U00593,S0077,30.0,2024-03-22,30.0
V009251,U01590,S0352,500.0,2024-02-26,76.0
V009252,U00805,S0101,500.0,2024-07-10,50.0
V009253,U01354,S0768,195.0,2024-01-17,11.0
V009254,U00796,S0187,500.0,2024-09-18,78.0
V009255,U01650,S0304,22.0,2025-05-04,56.0
V009256,U00113,S0102,190.0,2024-04-10,92.0
V009257,U00493,S0272,196.0,2024-05-11,90.0
V009258,U01798,S0972,500.0,2025-10-04,22.0
V009259,U00078,S0623,500.0,2024-09-17,56.0
V009260,U01757,S0521,98.0,2024-10-08,52.0
V009261,U01868,S0829,500.0,2024-08-09,47.0
V009262,U01267,S0133,500.0,2024-12-14,33.0
V009263,U01116,S0789,194.0,2024-10-11,84.0
V009264,U00258,S0004,500.0,2025-04-25,78.0
V009265,U01938,S0703,57.0,2024-11-12,77.0
V009266,U00803,S0153,500.0,2024-06-08,75.0
V009267,U01354,S0383,500.0,2024-02-10,75.0
V009268,U00204,S0015,500.0,2024-04-21,49.0
V009269,U01084,S0086,500.0,2025-01-08,47.0
V009270,U00673,S0582,500.0,2024-09-13,71.0
V009271,U01013,S0989,211.0,2024-02-07,90.0
V009272,U01403,S0645,500.0,2024-09-30,81.0
V009273,U00533,S0897,37.0,2024-03-26,88.0
V009274,U01920,S0929,120.0,2024-10-04,76.0
V009275,U00837,S0915,219.0,2024-11-22,79.0
V009276,U01868,S0255,500.0,2024-10-05,67.0
V009277,U00202,S0504,500.0,2024-01-19,52.0
V009278,U00495,S0547,500.0,2024-04-01,100.0
V009279,U01291,S0186,500.0,2025-04-30,94.0
V009280,U01376,S0791,500.0,2024-06-22,24.0
V009281,U00166,S0843,500.0,2024-09-17,55.0
V009282,U00520,S0985,155.0,2024-09-26,72.0
V009283,U01846,S0505,500.0,2025-01-03,13.0
V009284,U00737,S0625,20.0,2024-09-18,97.0
V009285,U00601,S0750,212.0,2024-07-22,35.0
V009286,U00115,S0406,60.0,2024-09-11,91.0
V009287,U00334,S0346,500.0,2024-07-11,29.0
V009288,U01282,S0961,500.0,2025-12-02,56.0
V009289,U01870,S0385,500.0,2024-04-14,48.0
V009290,U01390,S0551,207.0,2025-12-03,36.0
V009291,U00374,S0157,500.0,2024-09-17,36.0
V009292,U01520,S0850,189.0,2024-11-28,53.0
V009293,U00627,S0135,187.0,2024-12-18,60.0
V009294,U01358,S0575,103.0,2024-07-01,19.0
V009295,U01809,S0425,198.0,2024-12-11,72.0
V009296,U01038,S0587,35.0,2024-10-24,30.0
V009297,U00688,S0628,500.0,2024-05-25,68.0
V009298,U01780,S0705,500.0,2025-03-26,42.0
V009299,U00766,S0715,120.0,2025-04-15,60.0
V009300,U00413,S0747,500.0,2024-01-25,56.0
V009301,U01007,S0681,99.0,2025-03-18,60.0
V009302,U00707,S0752,181.0,2024-02-14,53.0
V009303,U00386,S0064,500.0,2024-02-29,26.0
V009304,U01288,S0405,500.0,2025-03-13,49.0
V009305,U00509,S0623,500.0,2024-10-26,22.0
V009306,U00489,S0688,500.0,2024-07-16,74.0
V009307,U01050,S0309,189.0,2024-06-26,31.0
V009308,U00444,S0142,500.0,2024-07-03,96.0
V009309,U00428,S0455,163.0,2024-01-27,10.0
V009310,U01541,S0374,500.0,2025-06-20,38.0
V009311,U01567,S0092,214.0,2024-01-28,64.0
V009312,U00928,S0567,500.0,2024-01-25,78.0
V009313,U01298,S0445,500.0,2024-11-07,66.0
V009314,U00408,S0260,31.0,2024-04-05,55.0
V009315,U01411,S0354,132.0,2025-04-15,45.0
V009316,U00880,S0810,164.0,2025-06-01,61.0
V009317,U00968,S0148,198.0,2024-07-05,52.0
V009318,U00816,S0982,500.0,2024-12-14,16.0
V009319,U00694,S0224,500.0,2024-12-27,72.0
V009320,U00476,S0264,500.0,2025-05-13,48.0
V009321,U00116,S0054,176.0,2024-05-23,97.0
V009322,U00617,S0395,207.0,2024-03-23,82.0
V009323,U01446,S0494,500.0,2025-05-31,74.0
V009324,U00692,S0288,163.0,2025-02-22,31.0
V009325,U00373,S0787,117.0,2025-06-19,48.0
V009326,U00085,S0084,500.0,2024-08-07,84.0
V009327,U01528,S0627,186.0,2024-04-09,47.0
V009328,U01301,S0945,500.0,2024-02-15,75.0
V009329,U01968,S0955,97.0,2025-07-04,49.0
V009330,U00068,S0272,500.0,2024-02-20,37.0
V009331,U00726,S0499,500.0,2024-03-05,93.0
V009332,U00766,S0511,500.0,2025-06-02,52.0
V009333,U00744,S0735,500.0,2025-02-05,95.0
V009334,U00126,S0457,54.0,2024-06-06,94.0
V009335,U00564,S0330,500.0,2024-11-24,27.0
V009336,U01794,S0897,500.0,2024-01-04,20.0
V009337,U01498,S0374,500.0,2025-08-04,94.0
V009338,U01826,S0139,500.0,2024-11-08,63.0
V009339,U00935,S0618,86.0,2024-09-06,87.0
V009340,U01237,S0074,500.0,2025-11-04,73.0
V009341,U01668,S0374,500.0,2024-11-20,56.0
V009342,U00439,S0805,185.0,2024-06-06,30.0
V009343,U01423,S0901,113.0,2024-12-07,42.0
V009344,U01074,S0619,107.0,2025-04-28,92.0
V009345,U01865,S0571,500.0,2024-04-02,14.0
V009346,U00088,S0481,500.0,2024-11-13,10.0
V009347,U00310,S0901,105.0,2025-05-18,45.0
V009348,U01951,S0326,113.0,2025-02-08,34.0
V009349,U00056,S0237,500.0,2025-03-29,39.0
V009350,U00932,S0779,500.0,2025-01-30,17.0
V009351,U00915,S0850,500.0,2025-06-13,50.0
V009352,U00536,S0360,500.0,2025-02-08,61.0
V009353,U00963,S0250,500.0,2025-03-17,75.0
V009354,U01006,S0694,500.0,2024-09-17,99.0
V009355,U01613,S0488,123.0,2024-05-21,57.0
V009356,U01295,S0293,147.0,2024-02-02,76.0
V009357,U01541,S0820,117.0,2024-11-28,95.0
V009358,U00516,S0796,500.0,2024-05-31,32.0
V009359,U00697,S0301,500.0,2024-09-07,49.0
V009360,U00920,S0145,65.0,2024-11-29,42.0
V009361,U00854,S0759,500.0,2025-02-26,27.0
V009362,U01463,S0849,500.0,2025-04-06,89.0
V009363,U00549,S0037,127.0,2024-01-25,79.0
V009364,U00233,S0440,500.0,2025-05-21,44.0
V009365,U00505,S0960,166.0,2025-09-02,17.0
V009366,U01766,S0002,51.0,2024-04-15,72.0
V009367,U01232,S0345,74.0,2024-09-10,91.0
V009368,U00347,S0415,500.0,2024-05-01,44.0
V009369,U00359,S0420,124.0,2024-08-27,64.0
V009370,U00394,S0330,500.0,2024-02-25,71.0
V009371,U01739,S0948,132.0,2024-02-29,47.0
V009372,U01949,S0937,500.0,2024-12-18,33.0
V009373,U01929,S0021,500.0,2025-04-22,28.0
V009374,U00195,S0530,500.0,2025-06-20,19.0
V009375,U01940,S0990,217.0,2024-09-05,84.0
V009376,U01456,S0949,27.0,2025-02-22,95.0
V009377,U01166,S0822,500.0,2024-12-16,57.0
V009378,U01999,S0964,500.0,2024-03-26,56.0
V009379,U01483,S0112,500.0,2024-10-24,74.0
V009380,U01326,S0635,500.0,2024-04-27,69.0
V009381,U00275,S0416,27.0,2024-04-18,85.0
V009382,U01576,S0456,500.0,2024-04-29,91.0
V009383,U00200,S0913,500.0,2024-11-05,62.0
V009384,U00860,S0453,49.0,2025-12-04,89.0
V009385,U00648,S0866,500.0,2024-12-16,72.0
V009386,U00558,S0649,91.0,2024-03-13,75.0
V009387,U01166,S0165,500.0,2024-08-22,22.0
V009388,U01908,S0129,158.0,2024-02-10,28.0
V009389,U01591,S0166,500.0,2024-09-05,13.0
V009390,U00650,S0709,500.0,2024-05-17,33.0
V009391,U00909,S0931,500.0,2024-08-01,67.0
V009392,U00155,S0918,500.0,2025-01-24,21.0
V009393,U01071,S0117,500.0,2024-07-17,53.0
V009394,U01693,S0423,500.0,2024-07-04,53.0
V009395,U01926,S0042,500.0,2024-08-31,40.0
V009396,U00150,S0371,500.0,2025-10-02,19.0
V009397,U00791,S0962,98.0,2025-01-24,99.0
V009398,U00103,S0826,500.0,2024-03-29,91.0
V009399,U00171,S0032,46.0,2024-08-13,54.0
V009400,U00504,S0889,130.0,2024-01-22,99.0
V009401,U00302,S0175,500.0,2025-04-06,17.0
V009402,U00825,S0079,161.0,2024-06-20,31.0
V009403,U01243,S0331,30.0,2024-11-24,83.0
V009404,U01570,S0176,100.0,2025-10-02,58.0
V009405,U00581,S0046,500.0,2024-04-24,90.0
V009406,U01426,S0309,149.0,2024-11-06,26.0
V009407,U01841,S0215,77.0,2024-01-12,41.0
V009408,U00946,S0731,500.0,2024-12-12,45.0
V009409,U01249,S0228,86.0,2024-05-11,10.0
V009410,U00946,S0066,178.0,2024-12-20,81.0
V009411,U00892,S0369,213.0,2025-01-17,79.0
V009412,U01335,S0094,500.0,2024-08-26,64.0
V009413,U01956,S0502,54.0,2024-03-04,29.0
V009414,U00580,S0545,500.0,2024-04-14,74.0
V009415,U01782,S0835,500.0,2024-06-03,97.0
V009416,U01988,S0807,500.0,2025-01-02,12.0
V009417,U00009,S0731,6.0,2025-01-28,13.0
V009418,U00243,S0218,170.0,2024-02-07,84.0
V009419,U00529,S0615,172.0,2024-06-26,21.0
V009420,U01192,S0842,145.0,2024-07-26,77.0
V009421,U01736,S0532,500.0,2024-01-01,34.0
V009422,U00807,S0001,500.0,2024-07-10,10.0
V009423,U00629,S0214,204.0,2024-01-09,94.0
V009424,U00055,S0051,500.0,2024-02-28,82.0
V009425,U00494,S0744,500.0,2024-06-23,39.0
V009426,U01878,S0366,500.0,2024-05-26,93.0
V009427,U01814,S0651,500.0,2024-07-14,44.0
V009428,U00919,S0312,500.0,2024-02-05,25.0
V009429,U00282,S0731,500.0,2024-06-10,93.0
V009430,U01969,S0625,109.0,2024-10-21,50.0
V009431,U00804,S0526,500.0,2024-01-12,89.0
V009432,U01066,S0494,500.0,2025-07-05,70.0
V009433,U00099,S0152,500.0,2024-05-24,99.0
V009434,U01522,S0050,500.0,2025-01-01,40.0
V009435,U00621,S0515,149.0,2025-03-30,69.0
V009436,U00138,S0362,500.0,2024-06-04,55.0
V009437,U00028,S0997,500.0,2025-09-01,52.0
V009438,U00247,S0706,12.0,2024-01-14,94.0
V009439,U01687,S0376,500.0,2024-12-22,83.0
V009440,U00422,S0171,500.0,2024-02-04,29.0
V009441,U00286,S0314,500.0,2024-03-26,62.0
V009442,U00247,S0073,219.0,2024-08-30,10.0
V009443,U01238,S0236,500.0,2024-11-25,34.0
V009444,U00239,S0508,159.0,2024-10-21,24.0
V009445,U00423,S0995,137.0,2025-06-14,51.0
V009446,U01294,S0466,185.0,2024-11-13,33.0
V009447,U01631,S0620,500.0,2024-07-02,24.0
V009448,U01490,S0330,42.0,2025-04-17,22.0
V009449,U00110,S0413,115.0,2025-02-02,59.0
V009450,U00001,S0109,500.0,2024-08-17,84.0
V009451,U00430,S0037,34.0,2024-05-27,67.0
V009452,U00252,S0683,500.0,2024-01-25,35.0
V009453,U01680,S0611,500.0,2025-10-04,60.0
V009454,U00826,S0207,500.0,2024-01-06,41.0
V009455,U00543,S0790,136.0,2024-02-14,56.0
V009456,U01985,S0746,500.0,2025-04-11,40.0
V009457,U01471,S0966,179.0,2025-03-14,89.0
V009458,U00313,S0249,107.0,2024-02-07,23.0
V009459,U00277,S0263,500.0,2025-01-01,39.0
V009460,U00560,S0820,45.0,2024-05-02,42.0
V009461,U00110,S0664,500.0,2024-10-17,56.0
V009462,U01111,S0675,500.0,2024-10-31,41.0
V009463,U01467,S0286,500.0,2024-03-14,42.0
V009464,U01491,S0083,500.0,2024-12-23,63.0
V009465,U01951,S0561,141.0,2025-03-15,20.0
V009466,U01014,S0824,500.0,2024-05-09,74.0
V009467,U01718,S0849,500.0,2025-04-25,13.0
V009468,U00346,S0015,155.0,2024-08-04,15.0
V009469,U01835,S0023,219.0,2024-02-19,88.0
V009470,U00807,S0413,103.0,2025-01-14,23.0
V009471,U01827,S0279,179.0,2024-05-12,95.0
V009472,U01511,S0667,87.0,2024-05-27,64.0
V009473,U00703,S0304,19.0,2024-02-01,62.0
V009474,U00432,S0790,169.0,2024-04-06,39.0
V009475,U00502,S0148,132.0,2025-05-19,36.0
V009476,U00849,S0278,500.0,2025-02-09,14.0
V009477,U01174,S0253,90.0,2025-02-13,12.0
V009478,U00744,S0731,500.0,2024-08-04,56.0
V009479,U01621,S0825,65.0,2024-12-23,25.0
V009480,U00572,S0003,170.0,2024-12-18,86.0
V009481,U00954,S0080,500.0,2024-10-21,22.0
V009482,U00285,S0260,18.0,2024-04-21,83.0
V009483,U00054,S0608,500.0,2024-02-16,58.0
V009484,U01084,S0815,166.0,2024-08-01,61.0
V009485,U00751,S0261,500.0,2024-02-11,66.0
V009486,U00958,S0415,500.0,2025-01-30,81.0
V009487,U00385,S0110,189.0,2024-09-17,95.0
V009488,U00049,S0147,180.0,2024-05-02,24.0
V009489,U00951,S0262,500.0,2025-05-27,46.0
V009490,U01121,S0178,59.0,2025-01-10,62.0
V009491,U00931,S0184,500.0,2025-06-09,63.0
V009492,U01949,S0385,500.0,2024-04-17,45.0
V009493,U01144,S0893,86.0,2024-12-15,95.0
V009494,U01906,S0825,500.0,2024-11-18,74.0
V009495,U00229,S0761,94.0,2025-01-03,86.0
V009496,U01203,S0373,71.0,2024-10-06,94.0
V009497,U01146,S0973,500.0,2024-05-28,93.0
V009498,U01669,S0060,70.0,2024-03-21,56.0
V009499,U01364,S0035,500.0,2024-12-17,12.0
V009500,U00738,S0715,500.0,2025-06-19,96.0
V009501,U01036,S0849,500.0,2024-03-17,56.0
V009502,U00427,S0226,500.0,2025-02-05,61.0
V009503,U00179,S0260,119.0,2025-01-02,64.0
V009504,U01883,S0303,176.0,2024-12-31,61.0
V009505,U00614,S0500,500.0,2024-09-20,78.0
V009506,U00277,S0696,500.0,2024-01-25,53.0
V009507,U00563,S0399,500.0,2025-06-21,34.0
V009508,U01741,S0694,500.0,2025-04-13,52.0
V009509,U01188,S0078,111.0,2024-05-18,69.0
V009510,U00110,S0506,500.0,2025-01-21,60.0
V009511,U00180,S0946,500.0,2025-03-09,59.0
V009512,U00970,S0145,152.0,2024-02-14,44.0
V009513,U00917,S0943,133.0,2024-07-03,64.0
V009514,U00684,S0927,48.0,2024-06-28,40.0
V009515,U00617,S0156,11.0,2024-11-01,43.0
V009516,U00854,S0299,500.0,2024-11-30,92.0
V009517,U01502,S0967,500.0,2025-01-02,62.0
V009518,U00314,S0370,500.0,2024-06-11,13.0
V009519,U01817,S0139,77.0,2024-03-03,49.0
V009520,U01418,S0633,61.0,2024-01-14,21.0
V009521,U00204,S0529,500.0,2024-02-10,23.0
V009522,U00635,S0802,500.0,2024-08-28,25.0
V009523,U01539,S0407,185.0,2024-08-21,23.0
V009524,U01377,S0919,211.0,2024-10-31,83.0
V009525,U00110,S0417,8.0,2024-08-25,76.0
V009526,U00786,S0866,57.0,2024-03-03,41.0
V009527,U00553,S0431,80.0,2024-01-26,92.0
V009528,U00461,S0936,117.0,2024-12-28,63.0
V009529,U00875,S0996,91.0,2025-06-19,68.0
V009530,U01024,S0187,14.0,2024-06-29,35.0
V009531,U01907,S0628,120.0,2024-12-24,100.0
V009532,U00215,S0292,500.0,2024-10-17,64.0
V009533,U00637,S0014,191.0,2025-06-01,95.0
V009534,U00756,S0718,500.0,2024-03-12,81.0
V009535,U01474,S0210,184.0,2025-06-17,56.0
V009536,U00738,S0772,500.0,2025-05-16,77.0
V009537,U01365,S0887,7.0,2025-03-10,99.0
V009538,U00830,S0146,37.0,2024-06-29,31.0
V009539,U01609,S0227,500.0,2025-03-26,13.0
V009540,U00335,S0368,5.0,2024-04-27,41.0
V009541,U00688,S0690,500.0,2024-09-23,53.0
V009542,U00886,S0064,46.0,2024-06-13,58.0
V009543,U00759,S0755,500.0,2024-02-26,44.0
V009544,U00009,S0155,500.0,2024-04-13,96.0
V009545,U00351,S0912,500.0,2024-08-08,93.0
V009546,U01870,S0552,500.0,2025-02-25,51.0
V009547,U01861,S0275,10.0,2025-07-04,29.0
V009548,U00748,S0870,48.0,2024-02-03,90.0
V009549,U00665,S0811,65.0,2025-12-01,35.0
V009550,U01898,S0145,70.0,2025-07-03,19.0
V009551,U00471,S0544,47.0,2024-12-01,100.0
V009552,U01903,S0815,500.0,2024-08-27,48.0
V009553,U01314,S0153,86.0,2025-04-03,65.0
V009554,U01789,S0623,219.0,2025-05-04,19.0
V009555,U00362,S0201,500.0,2024-05-02,94.0
V009556,U01768,S0457,500.0,2024-07-02,31.0
V009557,U00237,S0895,500.0,2024-03-05,71.0
V009558,U01582,S0727,500.0,2024-08-21,62.0
V009559,U00931,S0858,131.0,2025-05-24,43.0
V009560,U00381,S0831,500.0,2025-03-03,82.0
V009561,U01725,S0722,127.0,2024-10-16,15.0
V009562,U00212,S0668,500.0,2024-08-27,41.0
V009563,U00062,S0802,204.0,2024-12-29,96.0
V009564,U00817,S0644,500.0,2024-08-06,73.0
V009565,U00690,S0486,80.0,2024-11-07,84.0
V009566,U00164,S0997,500.0,2025-03-23,14.0
V009567,U00277,S0122,133.0,2024-05-05,29.0
V009568,U00244,S0311,500.0,2024-12-05,15.0
V009569,U01779,S0039,108.0,2025-06-23,63.0
V009570,U00509,S0198,500.0,2024-10-29,56.0
V009571,U00504,S0353,171.0,2025-06-22,22.0
V009572,U00816,S0401,20.0,2024-06-13,49.0
V009573,U00465,S0776,500.0,2024-12-30,53.0
V009574,U01900,S0533,500.0,2024-01-17,78.0
V009575,U00539,S0089,500.0,2024-04-02,41.0
V009576,U00289,S0559,500.0,2025-04-17,49.0
V009577,U01453,S0802,215.0,2024-03-03,78.0
V009578,U00840,S0693,500.0,2024-08-31,25.0
V009579,U00234,S0391,143.0,2024-06-07,13.0
V009580,U01752,S0435,105.0,2024-11-09,86.0
V009581,U01333,S0345,165.0,2025-02-14,96.0
V009582,U00136,S0580,73.0,2025-02-09,14.0
V009583,U00324,S0009,500.0,2024-09-01,14.0
V009584,U01909,S0071,183.0,2025-12-06,86.0
V009585,U00725,S0348,500.0,2024-01-05,32.0
V009586,U01701,S0414,156.0,2024-05-30,42.0
V009587,U00692,S0318,500.0,2025-07-06,22.0
V009588,U00658,S0200,500.0,2024-09-03,77.0
V009589,U01052,S0327,500.0,2024-01-07,67.0
V009590,U01641,S0692,219.0,2024-01-09,51.0
V009591,U00640,S0119,500.0,2024-08-27,63.0
V009592,U00142,S0290,500.0,2024-07-05,30.0
V009593,U00939,S0931,159.0,2024-11-25,48.0
V009594,U00362,S0103,204.0,2025-01-10,23.0
V009595,U01666,S0816,500.0,2024-05-26,63.0
V009596,U01789,S0034,500.0,2025-05-16,94.0
V009597,U01084,S0328,96.0,2024-11-10,76.0
V009598,U00092,S0747,500.0,2024-11-15,54.0
V009599,U00237,S0575,500.0,2025-04-04,35.0
V009600,U01046,S0747,206.0,2024-11-13,45.0
V009601,U00436,S0275,89.0,2024-01-05,48.0
V009602,U00142,S0834,9.0,2025-08-04,83.0
V009603,U01046,S0055,500.0,2024-04-09,29.0
V009604,U01116,S0450,500.0,2024-07-17,67.0
V009605,U00014,S0373,500.0,2025-01-27,77.0
V009606,U00387,S0014,99.0,2024-09-14,40.0
V009607,U00847,S0207,500.0,2024-02-15,59.0
V009608,U00009,S0567,179.0,2024-05-21,95.0
V009609,U00934,S0348,500.0,2025-03-29,88.0
V009610,U00810,S0938,26.0,2025-04-09,93.0
V009611,U01353,S0741,159.0,2025-02-14,17.0
V009612,U01964,S0876,164.0,2024-06-23,97.0
V009613,U00618,S0599,69.0,2024-10-27,26.0
V009614,U01867,S0213,500.0,2024-03-13,19.0
V009615,U01834,S0921,500.0,2024-09-20,51.0
V009616,U00091,S0106,500.0,2024-01-24,10.0
V009617,U00471,S0705,27.0,2025-01-27,26.0
V009618,U00346,S0641,213.0,2024-06-10,42.0
V009619,U00991,S0400,500.0,2025-03-22,21.0
V009620,U01536,S0032,500.0,2025-03-14,93.0
V009621,U01248,S0586,500.0,2024-12-25,29.0
V009622,U01505,S0216,145.0,2024-01-26,61.0
V009623,U00940,S0092,500.0,2025-06-01,90.0
V009624,U00126,S0800,170.0,2024-10-30,67.0
V009625,U00279,S0215,500.0,2024-03-10,68.0
V009626,U00624,S0843,500.0,2024-04-13,53.0
V009627,U01040,S0817,41.0,2024-04-04,92.0
V009628,U00933,S0369,500.0,2024-11-05,84.0
V009629,U00722,S0320,14.0,2024-04-06,34.0
V009630,U01778,S0763,500.0,2024-11-20,89.0
V009631,U01716,S0553,500.0,2024-02-04,30.0
V009632,U00088,S0052,152.0,2025-08-03,91.0
V009633,U00373,S0583,104.0,2024-09-22,19.0
V009634,U01341,S0388,500.0,2025-05-21,56.0
V009635,U00778,S0178,123.0,2024-02-20,37.0
V009636,U01191,S0686,500.0,2025-08-03,67.0
V009637,U00754,S0344,500.0,2025-01-03,56.0
V009638,U00243,S0121,500.0,2025-07-04,58.0
V009639,U01904,S0590,183.0,2025-02-21,34.0
V009640,U01334,S0072,45.0,2025-06-01,18.0
V009641,U00737,S0879,500.0,2024-10-01,21.0
V009642,U00439,S0077,500.0,2024-12-16,10.0
V009643,U00162,S0858,500.0,2024-02-28,44.0
V009644,U00449,S0574,192.0,2024-10-29,23.0
V009645,U01599,S0511,190.0,2024-08-07,95.0
V009646,U00888,S0421,500.0,2024-09-20,88.0
V009647,U01022,S0631,99.0,2024-06-06,35.0
V009648,U00043,S0562,500.0,2025-06-17,76.0
V009649,U01934,S0006,213.0,2024-05-09,34.0
V009650,U01576,S0007,500.0,2024-04-24,75.0
V009651,U01877,S0957,500.0,2024-09-17,83.0
V009652,U01761,S0511,500.0,2024-12-25,56.0
V009653,U01254,S0161,500.0,2024-02-23,84.0
V009654,U01889,S0579,219.0,2024-12-24,63.0
V009655,U01748,S0757,500.0,2025-05-04,20.0
V009656,U01927,S0061,77.0,2025-02-06,29.0
V009657,U00641,S0208,131.0,2024-05-17,79.0
V009658,U00858,S0892,175.0,2024-12-11,100.0
V009659,U01433,S0650,101.0,2024-09-01,10.0
V009660,U00678,S0630,150.0,2024-12-30,33.0
V009661,U01957,S0726,219.0,2024-11-30,23.0
V009662,U00626,S0154,500.0,2025-03-06,28.0
V009663,U00141,S0638,98.0,2024-09-15,12.0
V009664,U00010,S0441,198.0,2025-02-17,81.0
V009665,U00125,S0086,500.0,2024-02-01,79.0
V009666,U01783,S0020,500.0,2024-02-13,28.0
V009667,U01820,S0024,500.0,2025-10-03,29.0
V009668,U01846,S0055,500.0,2024-03-23,50.0
V009669,U01613,S0318,91.0,2024-03-30,84.0
V009670,U01708,S0438,500.0,2024-05-21,24.0
V009671,U00670,S0459,500.0,2024-05-16,18.0
V009672,U01423,S0236,55.0,2024-06-30,70.0
V009673,U00108,S0017,13.0,2025-05-18,57.0
V009674,U01395,S0582,219.0,2025-02-16,14.0
V009675,U00642,S0216,500.0,2025-04-28,98.0
V009676,U01198,S0270,160.0,2025-01-27,48.0
V009677,U01085,S0095,500.0,2024-08-27,15.0
V009678,U00899,S0696,500.0,2024-09-11,56.0
V009679,U00885,S0473,500.0,2024-01-08,50.0
V009680,U01406,S0516,102.0,2024-03-25,18.0
V009681,U01976,S0148,20.0,2024-07-03,51.0
V009682,U00514,S0624,208.0,2024-04-11,48.0
V009683,U00337,S0291,500.0,2024-10-23,35.0
V009684,U01944,S0458,500.0,2024-05-17,97.0
V009685,U00596,S0273,500.0,2024-12-15,90.0
V009686,U00473,S0503,107.0,2025-02-23,80.0
V009687,U01001,S0993,500.0,2024-08-17,98.0
V009688,U01608,S0135,73.0,2024-10-14,83.0
V009689,U01188,S0790,500.0,2024-10-05,46.0
V009690,U00367,S0382,116.0,2024-07-27,20.0
V009691,U00310,S0664,58.0,2024-04-21,70.0
V009692,U00973,S0466,500.0,2024-07-02,56.0
V009693,U00714,S0079,55.0,2024-07-04,32.0
V009694,U01558,S0147,24.0,2025-02-05,46.0
V009695,U01376,S0567,500.0,2025-01-31,24.0
V009696,U01894,S0624,500.0,2024-06-12,25.0
V009697,U01475,S0656,500.0,2024-05-12,19.0
V009698,U01438,S0859,219.0,2024-01-04,98.0
V009699,U00165,S0615,500.0,2024-01-31,61.0
V009700,U01923,S0730,500.0,2025-06-20,43.0
V009701,U00515,S0270,500.0,2024-10-26,81.0
V009702,U00198,S0741,500.0,2024-11-15,47.0
V009703,U00667,S0619,500.0,2024-12-08,32.0
V009704,U01872,S0973,500.0,2025-04-29,92.0
V009705,U00247,S0250,500.0,2024-11-30,47.0
V009706,U00212,S0514,500.0,2025-01-26,41.0
V009707,U00828,S0925,95.0,2024-03-26,14.0
V009708,U00354,S0252,219.0,2024-07-08,88.0
V009709,U01540,S0814,104.0,2025-04-24,46.0
V009710,U00805,S0737,500.0,2024-09-24,73.0
V009711,U00639,S0857,15.0,2024-12-23,99.0
V009712,U01751,S0580,500.0,2024-10-02,66.0
V009713,U01965,S0379,47.0,2025-02-16,28.0
V009714,U01155,S0455,500.0,2024-05-29,36.0
V009715,U00873,S0937,500.0,2024-12-23,48.0
V009716,U01580,S0451,128.0,2024-05-04,42.0
V009717,U00362,S0769,208.0,2024-09-29,65.0
V009718,U00893,S0913,219.0,2024-01-12,96.0
V009719,U00741,S0722,195.0,2025-03-30,54.0
V009720,U01627,S0480,50.0,2024-11-01,67.0
V009721,U01079,S0292,35.0,2024-05-01,51.0
V009722,U00754,S0784,87.0,2024-09-19,66.0
V009723,U00612,S0415,500.0,2024-01-06,40.0
V009724,U01574,S0326,500.0,2024-07-21,69.0
V009725,U01283,S0056,500.0,2025-04-27,68.0
V009726,U00153,S0078,150.0,2024-09-07,52.0
V009727,U01411,S0251,174.0,2025-02-23,28.0
V009728,U01012,S0486,197.0,2025-05-16,46.0
V009729,U01288,S0001,500.0,2024-04-30,14.0
V009730,U00113,S0835,500.0,2024-01-05,33.0
V009731,U00684,S0959,500.0,2025-04-14,99.0
V009732,U00677,S0165,184.0,2024-05-25,18.0
V009733,U01040,S0056,159.0,2024-02-20,36.0
V009734,U01442,S0686,500.0,2024-02-01,94.0
V009735,U01115,S0725,160.0,2024-05-30,53.0
V009736,U00665,S0949,201.0,2024-05-08,58.0
V009737,U00885,S0015,53.0,2024-11-18,30.0
V009738,U00707,S0628,155.0,2024-04-04,20.0
V009739,U01983,S0106,500.0,2025-01-18,21.0
V009740,U00805,S0193,500.0,2024-12-16,87.0
V009741,U01131,S0048,211.0,2024-09-02,22.0
V009742,U01113,S0302,500.0,2025-08-03,78.0
V009743,U01535,S0046,38.0,2024-11-03,70.0
V009744,U00071,S0112,500.0,2025-11-06,61.0
V009745,U00207,S0898,5.0,2024-11-20,23.0
V009746,U01371,S0330,48.0,2024-06-29,18.0
V009747,U01758,S0960,500.0,2025-02-27,25.0
V009748,U01427,S0535,500.0,2024-12-01,23.0
V009749,U00339,S0693,500.0,2024-03-06,47.0
V009750,U00919,S0610,500.0,2025-04-22,97.0
V009751,U01757,S0750,500.0,2024-12-24,44.0
V009752,U00526,S0752,187.0,2024-12-11,15.0
V009753,U01181,S0856,219.0,2025-01-19,74.0
V009754,U01411,S0235,136.0,2024-02-09,80.0
V009755,U01255,S0187,31.0,2024-04-29,72.0
V009756,U01887,S0386,88.0,2025-05-30,54.0
V009757,U01290,S0291,60.0,2024-01-26,33.0
V009758,U00025,S0465,177.0,2024-06-23,46.0
V009759,U00688,S0206,67.0,2024-04-17,51.0
V009760,U01262,S0244,500.0,2024-07-17,45.0
V009761,U00226,S0644,500.0,2024-11-10,46.0
V009762,U01225,S0671,500.0,2025-03-09,67.0
V009763,U00216,S0272,106.0,2024-04-05,46.0
V009764,U00721,S0856,208.0,2024-08-14,59.0
V009765,U01340,S0890,62.0,2025-03-26,56.0
V009766,U00604,S0534,500.0,2024-10-12,56.0
V009767,U00240,S0607,75.0,2024-06-26,56.0
V009768,U00281,S0018,118.0,2024-10-25,91.0
V009769,U01998,S0432,500.0,2024-03-31,77.0
V009770,U00198,S0155,147.0,2024-12-05,66.0
V009771,U00985,S0495,500.0,2025-06-01,38.0
V009772,U00492,S0184,147.0,2024-03-29,66.0
V009773,U00244,S0553,500.0,2025-02-02,100.0
V009774,U00232,S0221,500.0,2025-10-02,66.0
V009775,U01412,S0267,500.0,2024-10-10,13.0
V009776,U01312,S0613,500.0,2025-04-20,43.0
V009777,U00715,S0920,39.0,2025-02-14,12.0
V009778,U01903,S0120,500.0,2024-10-28,34.0
V009779,U00248,S0200,500.0,2025-04-02,93.0
V009780,U00054,S0851,68.0,2025-05-30,69.0
V009781,U00729,S0315,219.0,2024-12-31,11.0
V009782,U00710,S0390,500.0,2025-04-16,76.0
V009783,U00695,S0736,500.0,2024-08-30,28.0
V009784,U01005,S0954,182.0,2025-07-01,48.0
V009785,U00547,S0831,182.0,2024-04-30,30.0
V009786,U00578,S0411,500.0,2024-12-17,56.0
V009787,U00268,S0856,219.0,2024-08-12,16.0
V009788,U01957,S0557,500.0,2024-08-22,74.0
V009789,U01599,S0157,41.0,2024-09-09,56.0
V009790,U00161,S0495,59.0,2024-06-10,96.0
V009791,U00254,S0901,500.0,2025-02-20,10.0
V009792,U01358,S0289,187.0,2024-02-19,56.0
V009793,U01541,S0903,219.0,2025-04-27,12.0
V009794,U00153,S0365,500.0,2024-01-07,73.0
V009795,U01730,S0264,62.0,2024-03-06,60.0
V009796,U01996,S0005,94.0,2024-01-31,70.0
V009797,U00839,S0691,500.0,2024-06-26,51.0
V009798,U00121,S0497,500.0,2025-12-02,83.0
V009799,U00238,S0609,158.0,2024-05-11,24.0
V009800,U00563,S0186,500.0,2025-03-16,32.0
V009801,U01351,S0067,500.0,2025-01-31,30.0
V009802,U01057,S0796,500.0,2024-01-03,94.0
V009803,U01783,S0907,500.0,2025-05-01,91.0
V009804,U00778,S0993,78.0,2025-04-09,44.0
V009805,U00478,S0077,138.0,2025-01-16,99.0
V009806,U01850,S0193,75.0,2024-10-06,79.0
V009807,U00462,S0136,200.0,2024-09-05,81.0
V009808,U00154,S0905,500.0,2024-03-13,57.0
V009809,U00050,S0234,500.0,2024-06-16,54.0
V009810,U01294,S0860,500.0,2024-09-22,69.0
V009811,U01235,S0879,500.0,2025-04-23,51.0
V009812,U01868,S0882,119.0,2024-11-09,28.0
V009813,U01107,S0870,500.0,2024-03-26,22.0
V009814,U00787,S0428,151.0,2024-04-04,55.0
V009815,U01831,S0628,500.0,2025-05-19,87.0
V009816,U01572,S0383,500.0,2024-03-24,28.0
V009817,U00559,S0955,500.0,2024-02-15,56.0
V009818,U00798,S0776,35.0,2025-04-18,71.0
V009819,U00218,S0137,500.0,2025-06-15,32.0
V009820,U01957,S0578,50.0,2024-03-31,39.0
V009821,U00011,S0355,500.0,2025-05-07,13.0
V009822,U00365,S0291,500.0,2024-08-27,11.0
V009823,U01671,S0244,96.0,2024-01-10,34.0
V009824,U01858,S0505,207.0,2025-02-10,25.0
V009825,U00462,S0265,136.0,2024-12-07,73.0
V009826,U01385,S0080,500.0,2024-03-20,52.0
V009827,U00556,S0613,154.0,2025-02-18,43.0
V009828,U01705,S0022,500.0,2024-07-05,39.0
V009829,U01939,S0338,25.0,2024-01-06,15.0
V009830,U01411,S0110,26.0,2024-10-26,34.0
V009831,U01018,S0230,500.0,2024-03-03,58.0
V009832,U01698,S0311,164.0,2024-02-21,14.0
V009833,U01361,S0001,58.0,2024-06-12,22.0
V009834,U01055,S0510,196.0,2024-03-22,64.0
V009835,U00265,S0120,219.0,2024-11-02,67.0
V009836,U01980,S0877,139.0,2024-10-09,14.0
V009837,U00698,S0784,153.0,2024-08-25,75.0
V009838,U01962,S0327,70.0,2024-04-06,68.0
V009839,U00514,S0898,42.0,2025-03-26,34.0
V009840,U01946,S0045,219.0,2024-03-04,35.0
V009841,U00883,S0037,62.0,2024-02-02,31.0
V009842,U00954,S0937,500.0,2024-11-09,72.0
V009843,U01421,S0543,500.0,2024-01-12,58.0
V009844,U00764,S0310,500.0,2024-10-12,78.0
V009845,U00666,S0716,500.0,2024-07-20,55.0
V009846,U01294,S0362,500.0,2025-01-24,47.0
V009847,U01116,S0418,42.0,2024-12-22,42.0
V009848,U00936,S0350,75.0,2024-03-15,68.0
V009849,U01297,S0259,91.0,2024-06-20,21.0
V009850,U00018,S0979,500.0,2024-06-07,38.0
V009851,U00036,S0943,500.0,2024-12-01,85.0
V009852,U00059,S0492,205.0,2025-09-02,74.0
V009853,U00864,S0509,120.0,2024-12-06,50.0
V009854,U00838,S0115,193.0,2024-03-30,61.0
V009855,U00453,S0804,500.0,2025-06-02,24.0
V009856,U00193,S0992,500.0,2025-02-20,60.0
V009857,U00262,S0765,209.0,2024-03-17,81.0
V009858,U01848,S0489,45.0,2025-04-24,73.0
V009859,U00878,S0137,134.0,2024-08-01,91.0
V009860,U01309,S0670,110.0,2024-04-04,72.0
V009861,U01734,S0858,198.0,2025-06-05,61.0
V009862,U01466,S0331,500.0,2024-10-20,12.0
V009863,U00891,S0335,55.0,2025-12-02,50.0
V009864,U00227,S0998,500.0,2025-02-21,90.0
V009865,U00794,S0785,500.0,2025-03-20,59.0
V009866,U00883,S0278,59.0,2025-04-18,54.0
V009867,U01412,S0982,41.0,2024-10-03,28.0
V009868,U00317,S0949,500.0,2025-05-04,65.0
V009869,U01668,S0790,500.0,2025-02-02,56.0
V009870,U01028,S0237,500.0,2024-02-09,58.0
V009871,U00612,S0078,500.0,2025-09-06,18.0
V009872,U01910,S0816,82.0,2024-07-13,88.0
V009873,U01573,S0699,500.0,2024-08-13,44.0
V009874,U00674,S0509,124.0,2025-03-21,50.0
V009875,U01237,S0886,500.0,2024-04-19,66.0
V009876,U00690,S0064,136.0,2025-01-15,56.0
V009877,U00739,S0341,200.0,2024-08-12,17.0
V009878,U01159,S0097,212.0,2025-05-16,77.0
V009879,U00316,S0641,500.0,2024-01-23,36.0
V009880,U00651,S0636,500.0,2024-07-06,86.0
V009881,U01773,S0775,112.0,2025-02-23,64.0
V009882,U01589,S0150,500.0,2025-06-06,91.0
V009883,U01397,S0391,500.0,2024-05-07,35.0
V009884,U00486,S0352,500.0,2025-06-04,89.0
V009885,U00196,S0936,116.0,2024-04-11,81.0
V009886,U01514,S0383,72.0,2024-11-19,73.0
V009887,U01421,S0223,500.0,2024-09-23,33.0
V009888,U01382,S0268,22.0,2025-05-02,100.0
V009889,U01006,S0232,500.0,2024-09-20,92.0
V009890,U01901,S0032,500.0,2024-10-10,54.0
V009891,U00131,S0820,500.0,2024-09-26,45.0
V009892,U01206,S0062,119.0,2025-03-04,16.0
V009893,U01302,S0854,500.0,2024-11-16,72.0
V009894,U00537,S0339,212.0,2025-05-12,28.0
V009895,U00309,S0066,500.0,2024-04-12,65.0
V009896,U00733,S0017,163.0,2024-10-24,43.0
V009897,U01106,S0546,500.0,2024-09-29,25.0
V009898,U00638,S0600,63.0,2025-05-23,56.0
V009899,U01823,S0127,500.0,2024-07-25,11.0
V009900,U00339,S0869,80.0,2024-04-24,47.0
V009901,U01347,S0025,500.0,2024-01-25,42.0
V009902,U00388,S0183,500.0,2024-10-17,51.0
V009903,U00154,S0067,126.0,2024-07-12,13.0
V009904,U00352,S0056,31.0,2024-10-05,13.0
V009905,U00412,S0632,500.0,2024-09-20,94.0
V009906,U00437,S0470,500.0,2024-07-21,54.0
V009907,U01060,S0659,500.0,2024-01-05,78.0
V009908,U00834,S0089,40.0,2025-06-11,36.0
V009909,U00324,S0472,192.0,2024-07-06,98.0
V009910,U00382,S0467,168.0,2024-04-11,52.0
V009911,U01705,S0796,62.0,2025-07-05,59.0
V009912,U00498,S0933,500.0,2024-07-17,74.0
V009913,U00918,S0970,156.0,2025-01-21,10.0
V009914,U00312,S0507,158.0,2024-07-21,52.0
V009915,U01389,S0498,134.0,2024-05-08,97.0
V009916,U01237,S0432,500.0,2024-10-27,12.0
V009917,U01693,S0899,500.0,2024-03-03,73.0
V009918,U00660,S0903,500.0,2025-05-15,58.0
V009919,U00980,S0135,500.0,2024-01-25,49.0
V009920,U01581,S0286,500.0,2024-09-28,40.0
V009921,U01800,S0288,113.0,2024-01-10,48.0
V009922,U01063,S0414,31.0,2025-01-04,31.0
V009923,U01046,S0530,137.0,2024-01-20,49.0
V009924,U01990,S0358,500.0,2024-06-29,56.0
V009925,U00952,S0345,86.0,2024-03-10,81.0
V009926,U00155,S0203,215.0,2024-10-01,16.0
V009927,U00330,S0547,500.0,2025-06-21,79.0
V009928,U00829,S0913,166.0,2025-05-05,77.0
V009929,U01275,S0147,5.0,2025-01-31,80.0
V009930,U01136,S0250,33.0,2024-08-05,54.0
V009931,U00982,S0279,189.0,2024-04-09,72.0
V009932,U00296,S0780,218.0,2024-12-05,60.0
V009933,U00211,S0345,219.0,2024-03-10,59.0
V009934,U01156,S0703,500.0,2024-01-23,73.0
V009935,U01330,S0062,84.0,2025-06-09,17.0
V009936,U01824,S0315,61.0,2025-01-18,39.0
V009937,U00637,S0128,122.0,2025-02-15,44.0
V009938,U01688,S0433,500.0,2024-11-06,80.0
V009939,U00997,S0999,500.0,2024-08-18,67.0
V009940,U01798,S0906,500.0,2025-03-12,47.0
V009941,U01526,S0467,92.0,2024-05-27,36.0
V009942,U00051,S0721,500.0,2024-05-13,84.0
V009943,U01035,S0999,219.0,2025-05-15,34.0
V009944,U01873,S0176,154.0,2024-07-20,20.0
V009945,U00095,S0281,500.0,2025-01-04,49.0
V009946,U00211,S0947,500.0,2024-07-10,24.0
V009947,U01101,S0927,500.0,2024-11-09,60.0
V009948,U00774,S0719,500.0,2024-11-01,11.0
V009949,U00527,S0609,500.0,2024-11-23,93.0
V009950,U00320,S0361,159.0,2025-03-16,49.0
V009951,U00150,S0859,84.0,2024-05-05,43.0
V009952,U00368,S0669,500.0,2024-06-12,90.0
V009953,U01771,S0473,500.0,2024-08-08,11.0
V009954,U00459,S0259,33.0,2024-11-15,80.0
V009955,U01664,S0184,32.0,2024-06-26,51.0
V009956,U00244,S0127,500.0,2024-06-03,89.0
V009957,U00363,S0158,20.0,2025-05-05,46.0
V009958,U01908,S0317,500.0,2025-09-02,84.0
V009959,U01175,S0684,55.0,2024-05-22,72.0
V009960,U00871,S0795,48.0,2024-02-23,89.0
V009961,U01055,S0681,500.0,2024-03-04,11.0
V009962,U01657,S0815,500.0,2024-11-16,35.0
V009963,U01120,S0257,174.0,2025-10-06,73.0
V009964,U00076,S0284,500.0,2025-06-23,81.0
V009965,U01964,S0985,500.0,2024-02-27,34.0
V009966,U00277,S0187,500.0,2024-10-15,39.0
V009967,U01448,S0863,500.0,2024-03-13,38.0
V009968,U00300,S0607,204.0,2024-02-20,29.0
V009969,U01237,S0342,500.0,2024-07-01,30.0
V009970,U00003,S0010,500.0,2024-10-10,78.0
V009971,U00893,S0525,191.0,2024-05-17,45.0
V009972,U01229,S0474,500.0,2024-10-02,96.0
V009973,U00251,S0683,115.0,2025-02-03,64.0
V009974,U01257,S0491,500.0,2024-06-10,56.0
V009975,U01181,S0964,500.0,2024-02-19,53.0
V009976,U00539,S0956,500.0,2024-03-17,40.0
V009977,U01943,S0382,500.0,2025-02-17,68.0
V009978,U01239,S0758,500.0,2025-05-14,23.0
V009979,U00959,S0725,500.0,2024-03-01,42.0
V009980,U00789,S0950,500.0,2025-03-14,15.0
V009981,U01371,S0579,500.0,2024-11-13,51.0
V009982,U00983,S0599,103.0,2024-02-12,32.0
V009983,U00661,S0936,116.0,2024-05-05,31.0
V009984,U00252,S0246,162.0,2024-05-28,15.0
V009985,U00446,S0023,79.0,2025-02-24,41.0
V009986,U00489,S0404,500.0,2024-10-26,74.0
V009987,U00564,S0738,189.0,2024-03-17,80.0
V009988,U01219,S0575,500.0,2024-06-09,65.0
V009989,U01332,S0093,500.0,2024-12-09,96.0
V009990,U00944,S0120,500.0,2024-09-08,48.0
V009991,U01325,S0950,500.0,2025-04-17,85.0
V009992,U01564,S0353,84.0,2025-05-21,64.0
V009993,U01626,S0177,500.0,2025-05-24,48.0
V009994,U00528,S0137,217.0,2024-02-08,83.0
V009995,U00994,S0633,155.0,2025-01-18,48.0
V009996,U00055,S0145,115.0,2025-02-21,88.0
V009997,U00035,S0430,19.0,2024-03-24,37.0
V009998,U00466,S0888,500.0,2025-10-03,90.0
V009999,U01841,S0212,133.0,2025-01-29,95.0
V010000,U00100,S0510,500.0,2025-05-06,44.0
V010001,U00471,S0098,500.0,2025-10-02,19.0
V010002,U00785,S0686,217.0,2024-07-27,85.0
V010003,U01417,S0588,500.0,2024-09-10,37.0
V010004,U01931,S0370,177.0,2024-02-03,41.0
V010005,U00449,S0136,187.0,2024-07-18,52.0
V010006,U01870,S0191,12.0,2024-01-26,31.0
V010007,U01867,S0953,500.0,2024-12-22,25.0
V010008,U01063,S0424,80.0,2025-04-02,76.0
V010009,U01899,S0417,500.0,2024-11-14,55.0
V010010,U01030,S0897,58.0,2025-02-28,11.0
V010011,U00589,S0063,219.0,2024-10-19,76.0
V010012,U00278,S0075,205.0,2024-09-21,42.0
V010013,U00684,S0909,192.0,2024-04-14,32.0
V010014,U00566,S0444,500.0,2024-05-20,92.0
V010015,U01361,S0744,500.0,2024-11-25,25.0
V010016,U00492,S0114,177.0,2025-02-28,52.0
V010017,U01378,S0749,200.0,2025-05-26,91.0
V010018,U00437,S0269,500.0,2024-09-27,80.0
V010019,U01038,S0905,152.0,2025-06-02,40.0
V010020,U01171,S0586,500.0,2025-03-12,53.0
V010021,U00129,S0088,33.0,2024-12-12,59.0
V010022,U01567,S0288,144.0,2025-09-04,12.0
V010023,U01089,S0973,110.0,2024-03-10,84.0
V010024,U01393,S0897,140.0,2024-07-27,96.0
V010025,U01115,S0322,500.0,2024-11-10,10.0
V010026,U00905,S0768,500.0,2025-04-11,45.0
V010027,U00421,S0768,121.0,2024-10-07,61.0
V010028,U01073,S0856,96.0,2024-05-10,21.0
V010029,U01933,S0208,500.0,2025-01-06,75.0
V010030,U00645,S0780,500.0,2024-08-12,80.0
V010031,U00234,S0970,134.0,2024-07-31,12.0
V010032,U01504,S0452,500.0,2025-03-07,31.0
V010033,U01005,S0418,500.0,2024-03-10,84.0
V010034,U01361,S0375,106.0,2024-11-11,15.0
V010035,U00681,S0866,161.0,2024-02-22,59.0
V010036,U01668,S0828,127.0,2025-04-23,63.0
V010037,U00978,S0691,21.0,2024-08-11,60.0
V010038,U00039,S0980,169.0,2025-02-20,57.0
V010039,U00250,S0045,500.0,2025-03-17,16.0
V010040,U00129,S0006,500.0,2024-01-16,56.0
V010041,U01358,S0582,66.0,2024-04-28,49.0
V010042,U00860,S0780,500.0,2024-03-15,83.0
V010043,U00646,S0179,195.0,2024-10-17,44.0
V010044,U01344,S0979,500.0,2025-01-16,96.0
V010045,U00402,S0533,500.0,2024-01-28,51.0
V010046,U00603,S0904,500.0,2025-04-16,39.0
V010047,U01564,S0093,500.0,2024-10-20,23.0
V010048,U01999,S0193,500.0,2024-10-11,13.0
V010049,U00660,S0627,11.0,2024-04-06,92.0
V010050,U01356,S0925,500.0,2024-02-16,30.0
V010051,U01377,S0290,500.0,2024-04-13,51.0
V010052,U01000,S0351,500.0,2024-09-02,29.0
V010053,U00481,S0246,500.0,2025-02-18,14.0
V010054,U00871,S0177,160.0,2024-10-09,39.0
V010055,U00366,S0594,98.0,2024-09-04,75.0
V010056,U01384,S0407,33.0,2024-07-22,37.0
V010057,U00645,S0078,500.0,2024-12-18,91.0
V010058,U01570,S0467,189.0,2024-09-20,94.0
V010059,U01368,S0149,500.0,2025-12-06,88.0
V010060,U00969,S0042,131.0,2024-07-20,21.0
V010061,U00100,S0342,500.0,2024-06-08,42.0
V010062,U00136,S0312,500.0,2024-10-07,38.0
V010063,U00480,S0278,500.0,2024-08-13,10.0
V010064,U00040,S0419,500.0,2024-02-18,72.0
V010065,U01001,S0643,500.0,2025-05-08,33.0
V010066,U00548,S0992,500.0,2024-09-28,60.0
V010067,U00236,S0048,500.0,2024-11-09,83.0
V010068,U00536,S0988,500.0,2025-04-03,78.0
V010069,U00081,S0227,190.0,2024-07-20,18.0
V010070,U00362,S0797,219.0,2024-12-24,23.0
V010071,U01944,S0053,500.0,2025-09-05,52.0
V010072,U00220,S0950,74.0,2025-06-23,13.0
V010073,U01148,S0198,500.0,2024-12-06,87.0
V010074,U01245,S0850,71.0,2025-04-29,37.0
V010075,U00780,S0016,500.0,2024-05-21,38.0
V010076,U01272,S0092,44.0,2025-02-02,37.0
V010077,U00901,S0076,200.0,2025-09-05,22.0
V010078,U00290,S0800,500.0,2024-05-28,58.0
V010079,U00870,S0341,51.0,2024-03-20,50.0
V010080,U00495,S0478,500.0,2024-04-16,72.0
V010081,U01136,S0904,500.0,2025-04-30,98.0
V010082,U00480,S0058,70.0,2024-12-24,40.0
V010083,U00114,S0463,35.0,2025-04-12,33.0
V010084,U00991,S0469,500.0,2024-07-28,75.0
V010085,U00669,S0279,188.0,2025-02-17,87.0
V010086,U01515,S0068,500.0,2025-01-05,51.0
V010087,U01021,S0612,15.0,2025-02-22,51.0
V010088,U01086,S0661,162.0,2024-10-07,52.0
V010089,U00246,S0925,500.0,2025-05-16,67.0
V010090,U01311,S0344,110.0,2024-07-27,56.0
V010091,U01738,S0403,500.0,2024-10-22,39.0
V010092,U01077,S0359,164.0,2024-03-25,14.0
V010093,U01700,S0281,500.0,2025-05-02,21.0
V010094,U00027,S0935,104.0,2024-07-06,100.0
V010095,U01914,S0202,500.0,2024-02-24,79.0
V010096,U00292,S0875,500.0,2024-08-18,16.0
V010097,U01636,S0523,142.0,2025-06-22,62.0
V010098,U01213,S0462,500.0,2024-03-25,56.0
V010099,U00822,S0585,500.0,2025-05-08,78.0
V010100,U01416,S0382,183.0,2025-02-03,89.0
V010101,U00691,S0259,76.0,2024-01-11,70.0
V010102,U00347,S0834,219.0,2025-06-20,90.0
V010103,U01499,S0353,500.0,2024-11-23,44.0
V010104,U01413,S0170,33.0,2024-12-13,70.0
V010105,U01253,S0618,103.0,2024-06-29,32.0
V010106,U01800,S0389,500.0,2024-05-05,83.0
V010107,U00884,S0159,214.0,2024-02-04,78.0
V010108,U00443,S0219,500.0,2025-06-02,59.0
V010109,U00488,S0405,199.0,2024-08-03,48.0
V010110,U00551,S0577,174.0,2024-10-09,38.0
V010111,U00273,S0009,91.0,2024-01-10,58.0
V010112,U00585,S0304,219.0,2025-02-08,72.0
V010113,U00416,S0150,54.0,2024-06-06,48.0
V010114,U00686,S0408,10.0,2024-10-29,74.0
V010115,U00529,S0627,500.0,2025-08-02,67.0
V010116,U01222,S0643,500.0,2024-10-07,48.0
V010117,U01184,S0446,219.0,2024-11-11,10.0
V010118,U01162,S0846,208.0,2024-07-19,75.0
V010119,U01535,S0636,500.0,2025-05-27,81.0
V010120,U00006,S0569,500.0,2025-03-13,56.0
V010121,U00751,S0058,500.0,2024-09-14,48.0
V010122,U01339,S0907,123.0,2025-05-14,33.0
V010123,U00105,S0633,500.0,2024-12-21,27.0
V010124,U01218,S0666,500.0,2024-06-01,25.0
V010125,U01963,S0198,500.0,2024-03-18,12.0
V010126,U00848,S0543,500.0,2024-12-28,27.0
V010127,U00826,S0759,500.0,2024-05-22,80.0
V010128,U00037,S0282,500.0,2024-10-11,77.0
V010129,U00659,S0813,500.0,2025-04-03,55.0
V010130,U00539,S0135,500.0,2024-02-22,95.0
V010131,U00858,S0170,500.0,2024-07-28,56.0
V010132,U01056,S0248,165.0,2025-06-19,75.0
V010133,U01643,S0374,17.0,2024-01-19,99.0
V010134,U01588,S0807,500.0,2024-05-01,98.0
V010135,U00800,S0649,6.0,2025-05-26,72.0
V010136,U01852,S0226,500.0,2024-08-17,54.0
V010137,U00994,S0109,97.0,2024-06-19,56.0
V010138,U01512,S0722,500.0,2024-10-17,56.0
V010139,U01660,S0584,76.0,2024-11-04,11.0
V010140,U01369,S0074,500.0,2024-12-28,77.0
V010141,U01215,S0986,104.0,2024-04-15,54.0
V010142,U01793,S0606,500.0,2025-04-06,22.0
V010143,U01647,S0545,500.0,2025-01-06,31.0
V010144,U01906,S0746,106.0,2024-01-24,23.0
V010145,U01326,S0101,500.0,2024-07-03,96.0
V010146,U01898,S0930,194.0,2024-01-24,63.0
V010147,U00837,S0832,114.0,2025-03-31,45.0
V010148,U01961,S0525,500.0,2024-07-02,68.0
V010149,U01302,S0845,500.0,2025-03-26,74.0
V010150,U01843,S0638,500.0,2025-02-02,47.0
V010151,U00715,S0830,72.0,2025-03-16,20.0
V010152,U01057,S0765,161.0,2024-05-26,93.0
V010153,U00536,S0509,500.0,2024-01-25,62.0
V010154,U00938,S0854,66.0,2024-11-11,73.0
V010155,U01860,S0605,165.0,2025-03-19,36.0
V010156,U00006,S0557,500.0,2024-02-04,21.0
V010157,U01025,S0981,136.0,2025-03-19,48.0
V010158,U00459,S0176,500.0,2024-04-25,75.0
V010159,U00497,S0229,500.0,2025-03-08,86.0
V010160,U01630,S0840,209.0,2024-02-11,94.0
V010161,U00412,S0188,183.0,2024-09-15,40.0
V010162,U00646,S0198,176.0,2024-04-23,74.0
V010163,U00222,S0362,500.0,2024-06-25,72.0
V010164,U00560,S0385,86.0,2024-07-28,99.0
V010165,U00709,S0864,500.0,2025-11-02,37.0
V010166,U01308,S0820,219.0,2024-10-06,26.0
V010167,U00006,S0093,500.0,2024-10-16,64.0
V010168,U00809,S0786,500.0,2024-07-23,64.0
V010169,U01461,S0651,83.0,2025-05-04,68.0
V010170,U01612,S0288,198.0,2024-04-13,30.0
V010171,U01350,S0260,11.0,2024-07-18,47.0
V010172,U00802,S0519,219.0,2024-06-06,93.0
V010173,U01562,S0955,72.0,2024-06-21,62.0
V010174,U01412,S0279,54.0,2024-11-13,89.0
V010175,U00717,S0410,500.0,2025-04-19,93.0
V010176,U00140,S0049,500.0,2024-03-07,94.0
V010177,U01088,S0658,500.0,2024-05-28,84.0
V010178,U00172,S0501,18.0,2024-02-03,12.0
V010179,U00595,S0180,170.0,2024-06-18,46.0
V010180,U00299,S0312,7.0,2024-08-30,58.0
V010181,U00891,S0502,500.0,2025-09-05,11.0
V010182,U00156,S0933,144.0,2024-04-25,33.0
V010183,U01344,S0317,106.0,2024-07-09,71.0
V010184,U00080,S0544,125.0,2025-12-06,63.0
V010185,U01925,S0541,16.0,2024-12-02,94.0
V010186,U01582,S0738,156.0,2024-04-04,15.0
V010187,U01965,S0841,500.0,2024-09-14,46.0
V010188,U01237,S0887,151.0,2024-12-12,36.0
V010189,U01637,S0905,49.0,2024-09-18,65.0
V010190,U00758,S0012,194.0,2024-05-25,33.0
V010191,U00205,S0221,164.0,2024-04-16,57.0
V010192,U00293,S0213,129.0,2025-03-21,73.0
V010193,U01792,S0182,53.0,2024-12-06,56.0
V010194,U00098,S0325,136.0,2025-09-01,37.0
V010195,U01478,S0822,500.0,2024-05-31,69.0
V010196,U00238,S0631,500.0,2024-08-31,75.0
V010197,U00123,S0846,191.0,2025-01-04,65.0
V010198,U00098,S0413,26.0,2024-07-23,17.0
V010199,U01146,S0945,172.0,2025-06-23,62.0
V010200,U01769,S0609,33.0,2025-04-16,78.0
V010201,U01978,S0102,39.0,2024-10-20,97.0
V010202,U01082,S0039,500.0,2024-09-01,45.0
V010203,U01134,S0704,500.0,2024-08-17,27.0
V010204,U01017,S0105,42.0,2024-06-06,39.0
V010205,U01927,S0883,500.0,2024-08-15,71.0
V010206,U01611,S0404,500.0,2024-12-24,64.0
V010207,U01212,S0305,162.0,2025-03-19,56.0
V010208,U01545,S0724,124.0,2024-11-17,34.0
V010209,U00002,S0564,173.0,2024-10-23,55.0
V010210,U01450,S0851,500.0,2024-10-04,43.0
V010211,U00739,S0826,500.0,2025-04-21,85.0
V010212,U01239,S0334,164.0,2024-01-09,29.0
V010213,U00520,S0514,29.0,2024-02-29,27.0
V010214,U01979,S0154,500.0,2025-05-18,22.0
V010215,U00508,S0994,500.0,2024-11-11,56.0
V010216,U01812,S0342,154.0,2024-12-19,56.0
V010217,U01397,S0706,500.0,2024-03-11,68.0
V010218,U01946,S0210,219.0,2024-11-27,59.0
V010219,U00377,S0574,500.0,2024-01-17,34.0
V010220,U00691,S0199,500.0,2024-08-22,76.0
V010221,U00813,S0229,44.0,2024-06-12,12.0
V010222,U01973,S0944,500.0,2024-10-18,51.0
V010223,U00479,S0455,500.0,2024-03-26,91.0
V010224,U01163,S0192,219.0,2024-09-11,45.0
V010225,U00423,S0625,108.0,2024-02-22,98.0
V010226,U01302,S0361,500.0,2024-05-03,74.0
V010227,U00105,S0199,500.0,2025-03-06,56.0
V010228,U01413,S0769,500.0,2024-12-07,59.0
V010229,U00865,S0374,133.0,2024-10-16,53.0
V010230,U01072,S0587,500.0,2024-10-05,35.0
V010231,U01499,S0821,60.0,2024-05-31,30.0
V010232,U01758,S0117,219.0,2024-05-18,39.0
V010233,U01240,S0393,500.0,2024-02-24,59.0
V010234,U01289,S0750,219.0,2024-07-13,100.0
V010235,U00647,S0469,500.0,2025-05-29,25.0
V010236,U01478,S0968,500.0,2024-11-05,86.0
V010237,U01876,S0303,58.0,2025-11-02,12.0
V010238,U00821,S0674,109.0,2024-05-03,96.0
V010239,U01182,S0412,36.0,2025-04-06,71.0
V010240,U01893,S0560,500.0,2024-01-01,90.0
V010241,U00151,S0456,120.0,2024-07-26,27.0
V010242,U01605,S0224,500.0,2025-09-04,38.0
V010243,U01997,S0939,110.0,2024-04-27,58.0
V010244,U00225,S0248,500.0,2024-12-24,33.0
V010245,U00286,S0934,500.0,2024-05-01,16.0
V010246,U01603,S0409,11.0,2024-01-12,89.0
V010247,U01362,S0646,500.0,2025-03-22,64.0
V010248,U00884,S0905,93.0,2024-12-16,34.0
V010249,U01703,S0346,130.0,2025-09-01,32.0
V010250,U00474,S0246,500.0,2025-01-15,69.0
V010251,U00982,S0660,500.0,2025-05-02,42.0
V010252,U01210,S0222,500.0,2024-06-01,34.0
V010253,U01708,S0615,77.0,2025-03-14,46.0
V010254,U01935,S0743,122.0,2024-09-30,97.0
V010255,U00215,S0620,117.0,2024-01-07,99.0
V010256,U01989,S0914,219.0,2025-04-21,43.0
V010257,U01084,S0499,500.0,2024-08-06,41.0
V010258,U01367,S0620,66.0,2025-01-14,12.0
V010259,U00568,S0979,144.0,2024-04-13,13.0
V010260,U00897,S0757,115.0,2024-10-23,55.0
V010261,U01040,S0378,182.0,2024-12-05,83.0
V010262,U01985,S0665,110.0,2024-06-26,23.0
V010263,U01365,S0222,500.0,2024-04-18,46.0
V010264,U00070,S0687,47.0,2024-06-20,21.0
V010265,U00921,S0823,65.0,2024-05-02,42.0
V010266,U01558,S0779,185.0,2024-12-07,56.0
V010267,U01844,S0293,175.0,2024-06-22,26.0
V010268,U01482,S0008,500.0,2024-03-14,68.0
V010269,U01359,S0288,55.0,2024-07-21,56.0
V010270,U01522,S0557,500.0,2025-03-17,23.0
V010271,U00611,S0898,69.0,2025-08-04,87.0
V010272,U01703,S0399,219.0,2025-01-15,26.0
V010273,U00276,S0971,500.0,2024-01-26,44.0
V010274,U00101,S0723,177.0,2025-03-08,58.0
V010275,U00687,S0980,500.0,2024-08-15,85.0
V010276,U01309,S0537,174.0,2024-02-26,82.0
V010277,U01742,S0948,206.0,2024-01-09,46.0
V010278,U01534,S0815,500.0,2025-03-09,48.0
V010279,U01413,S0469,500.0,2024-10-26,91.0
V010280,U01406,S0335,500.0,2024-08-25,40.0
V010281,U00788,S0517,17.0,2024-01-18,84.0
V010282,U01604,S0136,45.0,2025-06-19,30.0
V010283,U01584,S0413,500.0,2024-06-13,42.0
V010284,U01182,S0075,190.0,2025-06-10,21.0
V010285,U01388,S0081,500.0,2024-09-06,51.0
V010286,U00505,S0528,7.0,2024-07-14,68.0
V010287,U01558,S0641,500.0,2024-08-19,57.0
V010288,U01564,S0482,155.0,2024-01-09,17.0
V010289,U01903,S0126,500.0,2025-06-13,58.0
V010290,U01419,S0091,49.0,2024-11-01,56.0
V010291,U00964,S0350,72.0,2024-07-13,94.0
V010292,U01983,S0811,500.0,2024-01-11,77.0
V010293,U00946,S0997,219.0,2024-09-15,77.0
V010294,U01529,S0971,500.0,2024-11-02,22.0
V010295,U01464,S0749,500.0,2024-08-11,82.0
V010296,U00756,S0878,500.0,2024-12-18,75.0
V010297,U01643,S0601,130.0,2025-02-03,65.0
V010298,U00119,S0515,89.0,2024-02-12,46.0
V010299,U00525,S0909,500.0,2024-12-16,61.0
V010300,U00693,S0835,125.0,2025-06-18,87.0
V010301,U01019,S0194,500.0,2024-01-16,50.0
V010302,U01741,S0424,500.0,2024-02-27,35.0
V010303,U00945,S0134,500.0,2024-10-30,85.0
V010304,U01180,S0030,178.0,2025-05-13,56.0
V010305,U00393,S0828,500.0,2024-09-11,56.0
V010306,U01149,S0540,500.0,2025-02-23,45.0
V010307,U01830,S0106,173.0,2024-04-06,88.0
V010308,U00686,S0764,500.0,2024-06-06,63.0
V010309,U00853,S0918,219.0,2024-09-25,24.0
V010310,U01312,S0618,200.0,2024-03-07,31.0
V010311,U01158,S0646,500.0,2025-06-04,27.0
V010312,U01772,S0255,219.0,2025-04-04,43.0
V010313,U00835,S0813,29.0,2024-03-07,96.0
V010314,U00061,S0119,500.0,2025-06-15,59.0
V010315,U01582,S0657,187.0,2024-05-04,72.0
V010316,U01559,S0710,24.0,2024-08-26,44.0
V010317,U00398,S0937,210.0,2024-10-21,15.0
V010318,U00249,S0093,500.0,2024-12-05,22.0
V010319,U00391,S0819,52.0,2024-01-13,92.0
V010320,U00990,S0620,113.0,2024-02-24,74.0
V010321,U01518,S0876,86.0,2025-05-17,10.0
V010322,U01317,S0944,500.0,2024-07-08,82.0
V010323,U00899,S0586,500.0,2025-05-21,44.0
V010324,U01574,S0372,5.0,2024-12-28,14.0
V010325,U01627,S0290,500.0,2024-09-27,13.0
V010326,U00857,S0112,500.0,2025-06-04,84.0
V010327,U01527,S0694,191.0,2025-01-21,60.0
V010328,U01715,S0827,134.0,2025-05-30,74.0
V010329,U01597,S0759,146.0,2024-08-01,23.0
V010330,U01620,S0823,500.0,2025-01-25,75.0
V010331,U00784,S0768,89.0,2024-02-12,47.0
V010332,U00343,S0511,79.0,2024-02-03,64.0
V010333,U00539,S0700,98.0,2024-06-10,12.0
V010334,U01367,S0050,34.0,2024-08-09,31.0
V010335,U01955,S0695,500.0,2025-02-12,94.0
V010336,U01493,S0774,500.0,2024-06-16,100.0
V010337,U01793,S0396,72.0,2024-06-25,47.0
V010338,U00554,S0968,500.0,2024-02-16,68.0
V010339,U00281,S0011,219.0,2025-02-13,25.0
V010340,U00670,S0428,5.0,2024-03-25,10.0
V010341,U01528,S0304,149.0,2025-03-29,54.0
V010342,U00125,S0608,500.0,2024-07-10,91.0
V010343,U00575,S0199,20.0,2024-05-12,63.0
V010344,U01682,S0791,500.0,2024-12-21,82.0
V010345,U01980,S0136,500.0,2024-02-08,65.0
V010346,U01869,S0486,31.0,2024-11-07,95.0
V010347,U01478,S0397,500.0,2025-01-02,64.0
V010348,U01859,S0708,120.0,2025-06-20,46.0
V010349,U01243,S0077,500.0,2024-04-19,29.0
V010350,U01892,S0730,206.0,2024-08-13,17.0
V010351,U01774,S0645,500.0,2024-02-28,59.0
V010352,U00110,S0665,219.0,2024-05-15,54.0
V010353,U00500,S0762,500.0,2024-08-28,91.0
V010354,U00528,S0020,500.0,2024-03-24,64.0
V010355,U00620,S0177,31.0,2024-11-16,21.0
V010356,U01508,S0282,29.0,2024-11-05,54.0
V010357,U01450,S0674,219.0,2025-05-21,82.0
V010358,U00953,S0554,500.0,2024-12-15,87.0
V010359,U01071,S0460,500.0,2024-01-07,86.0
V010360,U00074,S0504,500.0,2024-12-28,19.0
V010361,U00449,S0931,500.0,2024-07-15,36.0
V010362,U01072,S0245,135.0,2025-03-17,85.0
V010363,U01242,S0657,500.0,2025-04-02,89.0
V010364,U00042,S0934,500.0,2025-06-18,14.0
V010365,U01198,S0627,500.0,2024-10-05,71.0
V010366,U01824,S0864,186.0,2024-10-30,56.0
V010367,U00582,S0602,212.0,2024-06-27,72.0
V010368,U00289,S0679,500.0,2024-11-12,39.0
V010369,U01049,S0728,500.0,2025-05-04,75.0
V010370,U00774,S0368,500.0,2025-03-02,82.0
V010371,U00078,S0776,500.0,2025-04-19,96.0
V010372,U00485,S0642,27.0,2025-12-05,65.0
V010373,U01249,S0290,500.0,2024-12-29,48.0
V010374,U01327,S0534,29.0,2025-06-24,27.0
V010375,U01203,S0224,162.0,2024-03-07,56.0
V010376,U00374,S0334,500.0,2024-05-31,66.0
V010377,U01956,S0912,139.0,2024-02-07,62.0
V010378,U01853,S0408,161.0,2024-04-21,30.0
V010379,U01674,S0576,500.0,2024-11-04,26.0
V010380,U00685,S0703,18.0,2024-12-08,52.0
V010381,U00567,S0253,500.0,2025-06-19,37.0
V010382,U00021,S0917,500.0,2025-04-21,61.0
V010383,U00434,S0188,194.0,2024-12-22,40.0
V010384,U00153,S0227,30.0,2025-05-19,18.0
V010385,U00638,S0593,158.0,2024-02-09,22.0
V010386,U01566,S0616,500.0,2024-04-18,86.0
V010387,U01979,S0615,500.0,2024-08-06,73.0
V010388,U00752,S0802,500.0,2025-05-06,67.0
V010389,U01496,S0903,500.0,2025-04-23,88.0
V010390,U00639,S0106,79.0,2024-01-22,44.0
V010391,U01332,S0339,500.0,2025-07-06,38.0
V010392,U01225,S0210,500.0,2024-11-20,16.0
V010393,U00200,S0091,500.0,2025-02-18,48.0
V010394,U01815,S0637,500.0,2025-02-08,19.0
V010395,U00631,S0438,172.0,2024-02-07,31.0
V010396,U00018,S0914,500.0,2024-05-13,46.0
V010397,U00825,S0694,500.0,2024-04-13,38.0
V010398,U01558,S0129,182.0,2025-06-11,96.0
V010399,U01721,S0395,135.0,2024-08-22,70.0
V010400,U01552,S0937,11.0,2025-02-20,59.0
V010401,U00726,S0214,125.0,2024-12-19,13.0
V010402,U01918,S0815,202.0,2025-06-04,63.0
V010403,U00430,S0137,195.0,2024-01-07,99.0
V010404,U01176,S0605,163.0,2025-03-15,13.0
V010405,U00566,S0300,500.0,2025-02-19,36.0
V010406,U01848,S0299,500.0,2024-12-29,59.0
V010407,U01568,S0759,127.0,2025-05-13,13.0
V010408,U01498,S0382,500.0,2024-02-07,80.0
V010409,U01761,S0283,500.0,2025-03-23,11.0
V010410,U01329,S0886,500.0,2025-06-03,76.0
V010411,U01252,S0652,106.0,2024-09-05,25.0
V010412,U01260,S0586,220.0,2024-05-07,77.0
V010413,U00833,S0296,500.0,2024-04-07,29.0
V010414,U01786,S0987,500.0,2025-05-23,23.0
V010415,U00666,S0292,159.0,2024-09-13,17.0
V010416,U00698,S0332,219.0,2025-04-30,56.0
V010417,U01876,S0850,219.0,2025-01-03,31.0
V010418,U00295,S0991,500.0,2025-06-03,40.0
V010419,U00822,S0932,110.0,2024-09-19,43.0
V010420,U01251,S0389,200.0,2025-01-13,92.0
V010421,U00305,S0205,500.0,2024-11-23,51.0
V010422,U01403,S0777,500.0,2024-10-21,98.0
V010423,U00903,S0314,54.0,2024-05-08,58.0
V010424,U00463,S0427,125.0,2025-05-12,87.0
V010425,U00050,S0562,500.0,2025-05-16,78.0
V010426,U00262,S0291,11.0,2025-03-26,78.0
V010427,U00931,S0873,186.0,2024-10-15,37.0
V010428,U00096,S0254,500.0,2025-02-03,20.0
V010429,U01009,S0645,500.0,2024-11-20,56.0
V010430,U00900,S0113,500.0,2024-09-15,93.0
V010431,U00719,S0374,12.0,2025-04-28,73.0
V010432,U00947,S0338,207.0,2024-12-17,89.0
V010433,U00417,S0151,500.0,2024-11-02,67.0
V010434,U01853,S0722,89.0,2024-06-19,53.0
V010435,U00737,S0544,500.0,2024-08-25,63.0
V010436,U01255,S0994,500.0,2025-03-22,56.0
V010437,U01892,S0550,69.0,2025-03-20,83.0
V010438,U00426,S0579,191.0,2024-07-31,14.0
V010439,U00131,S0368,20.0,2024-03-19,21.0
V010440,U01680,S0979,29.0,2024-02-21,69.0
V010441,U00980,S0222,204.0,2024-02-20,37.0
V010442,U01139,S0064,77.0,2024-09-13,82.0
V010443,U01625,S0327,500.0,2025-05-21,70.0
V010444,U01843,S0883,174.0,2025-06-12,26.0
V010445,U01321,S0786,500.0,2025-05-02,11.0
V010446,U00588,S0126,38.0,2024-08-31,40.0
V010447,U01426,S0143,500.0,2024-03-09,97.0
V010448,U00910,S0508,500.0,2024-08-07,61.0
V010449,U00697,S0613,500.0,2024-07-30,69.0
V010450,U01925,S0250,500.0,2024-04-03,39.0
V010451,U00485,S0284,169.0,2025-04-18,38.0
V010452,U00912,S0158,500.0,2024-02-10,20.0
V010453,U01071,S0984,176.0,2024-09-23,84.0
V010454,U01387,S0781,158.0,2024-01-03,74.0
V010455,U01055,S0077,44.0,2024-01-26,28.0
V010456,U01586,S0704,213.0,2024-08-27,81.0
V010457,U00055,S0073,139.0,2024-07-29,87.0
V010458,U01943,S0810,500.0,2025-02-01,19.0
V010459,U01227,S0972,184.0,2024-08-09,29.0
V010460,U00600,S0210,31.0,2024-06-14,53.0
V010461,U01941,S0488,500.0,2024-11-03,61.0
V010462,U01122,S0785,200.0,2024-05-13,86.0
V010463,U00705,S0119,149.0,2025-02-25,96.0
V010464,U00205,S0359,159.0,2024-06-18,61.0
V010465,U00364,S0528,500.0,2024-06-17,61.0
V010466,U01815,S0900,71.0,2024-09-13,37.0
V010467,U00285,S0021,500.0,2024-05-06,29.0
V010468,U01657,S0427,500.0,2025-07-06,74.0
V010469,U01495,S0490,500.0,2024-02-27,81.0
V010470,U01739,S0593,219.0,2025-05-07,23.0
V010471,U00578,S0934,500.0,2025-03-29,93.0
V010472,U00624,S0195,109.0,2024-01-10,49.0
V010473,U00830,S0769,500.0,2024-03-03,54.0
V010474,U01783,S0049,500.0,2024-09-15,52.0
V010475,U01267,S0162,128.0,2024-08-15,38.0
V010476,U01997,S0490,86.0,2025-06-17,80.0
V010477,U01159,S0873,207.0,2024-01-04,60.0
V010478,U01455,S0335,500.0,2025-04-05,25.0
V010479,U01114,S0770,500.0,2024-07-08,68.0
V010480,U01659,S0315,106.0,2025-01-15,13.0
V010481,U00519,S0678,14.0,2024-10-25,32.0
V010482,U00431,S0170,500.0,2025-06-05,56.0
V010483,U00391,S0754,500.0,2025-05-28,36.0
V010484,U00526,S0284,500.0,2025-05-23,88.0
V010485,U01002,S0197,143.0,2024-04-15,64.0
V010486,U01874,S0412,500.0,2025-10-03,55.0
V010487,U01914,S0885,96.0,2024-03-28,47.0
V010488,U00308,S0283,500.0,2024-03-29,35.0
V010489,U00341,S0131,500.0,2024-07-02,50.0
V010490,U01605,S0419,500.0,2024-03-04,26.0
V010491,U01433,S0465,500.0,2024-10-27,91.0
V010492,U00077,S0057,500.0,2025-04-26,56.0
V010493,U00445,S0778,500.0,2025-04-08,18.0
V010494,U00209,S0044,500.0,2024-10-29,38.0
V010495,U00927,S0171,500.0,2025-03-16,88.0
V010496,U01811,S0606,68.0,2025-03-03,73.0
V010497,U00452,S0375,106.0,2024-04-26,100.0
V010498,U01968,S0999,12.0,2024-06-11,39.0
V010499,U00127,S0319,500.0,2024-10-02,100.0
V010500,U00031,S0337,198.0,2024-08-03,99.0
V010501,U00372,S0583,48.0,2025-02-25,21.0
V010502,U01244,S0062,500.0,2024-12-07,10.0
V010503,U01027,S0544,500.0,2024-07-03,76.0
V010504,U00028,S0319,79.0,2024-09-18,45.0
V010505,U00456,S0427,198.0,2024-01-21,63.0
V010506,U01421,S0967,40.0,2024-01-20,43.0
V010507,U00530,S0142,500.0,2025-05-14,21.0
V010508,U01960,S0927,10.0,2024-09-06,48.0
V010509,U01206,S0186,500.0,2024-07-21,99.0
V010510,U01093,S0802,500.0,2024-09-06,43.0
V010511,U00766,S0254,500.0,2024-08-18,94.0
V010512,U00674,S0072,500.0,2024-06-17,58.0
V010513,U01927,S0107,500.0,2025-01-05,58.0
V010514,U00877,S0064,201.0,2024-06-01,64.0
V010515,U00479,S0351,500.0,2024-02-01,63.0
V010516,U01771,S0986,218.0,2024-08-06,67.0
V010517,U01863,S0937,115.0,2024-09-30,42.0
V010518,U00135,S0068,69.0,2024-01-23,55.0
V010519,U00569,S0646,500.0,2024-01-09,54.0
V010520,U01897,S0034,500.0,2024-06-22,86.0
V010521,U00317,S0919,500.0,2025-07-06,95.0
V010522,U01194,S0738,36.0,2024-08-29,64.0
V010523,U00213,S0053,74.0,2024-12-03,56.0
V010524,U01506,S0531,500.0,2024-04-24,93.0
V010525,U00825,S0201,500.0,2024-09-01,59.0
V010526,U00645,S0276,27.0,2024-10-05,52.0
V010527,U01929,S0681,168.0,2025-03-25,83.0
V010528,U01021,S0181,500.0,2024-01-10,57.0
V010529,U01218,S0899,500.0,2024-09-24,95.0
V010530,U01408,S0210,500.0,2024-12-30,100.0
V010531,U01260,S0977,118.0,2024-06-24,77.0
V010532,U01470,S0016,500.0,2025-05-16,42.0
V010533,U00071,S0632,209.0,2024-02-21,78.0
V010534,U01378,S0714,500.0,2024-05-30,18.0
V010535,U00064,S0424,500.0,2025-05-21,56.0
V010536,U01038,S0218,500.0,2024-07-24,55.0
V010537,U01347,S0726,184.0,2024-12-20,95.0
V010538,U01014,S0571,500.0,2024-08-20,25.0
V010539,U01252,S0443,500.0,2025-06-03,22.0
V010540,U00254,S0123,126.0,2024-08-16,87.0
V010541,U00604,S0470,146.0,2024-11-26,64.0
V010542,U00693,S0885,46.0,2025-03-05,96.0
V010543,U00512,S0626,59.0,2024-07-17,30.0
V010544,U01901,S0275,207.0,2024-11-27,57.0
V010545,U00652,S0822,500.0,2024-12-24,88.0
V010546,U00958,S0256,500.0,2025-12-02,100.0
V010547,U00865,S0665,500.0,2025-04-02,85.0
V010548,U01572,S0774,500.0,2024-03-22,52.0
V010549,U01080,S0052,500.0,2024-07-31,47.0
V010550,U00448,S0111,12.0,2024-04-08,26.0
V010551,U00555,S0519,162.0,2024-05-12,100.0
V010552,U01567,S0476,112.0,2025-10-03,63.0
V010553,U01479,S0684,93.0,2025-01-21,56.0
V010554,U01976,S0140,54.0,2024-03-23,10.0
V010555,U01363,S0298,132.0,2024-10-01,22.0
V010556,U00775,S0410,500.0,2025-05-18,21.0
V010557,U01663,S0228,113.0,2024-10-30,13.0
V010558,U00015,S0972,189.0,2024-12-05,51.0
V010559,U01498,S0784,40.0,2024-11-29,71.0
V010560,U00110,S0914,500.0,2024-08-08,78.0
V010561,U01780,S0638,500.0,2024-10-26,42.0
V010562,U00666,S0954,500.0,2024-07-04,58.0
V010563,U00250,S0353,114.0,2024-12-13,30.0
V010564,U00852,S0064,206.0,2025-05-05,48.0
V010565,U01939,S0448,500.0,2024-12-11,93.0
V010566,U01868,S0406,131.0,2024-01-04,67.0
V010567,U01366,S0816,500.0,2024-10-25,94.0
V010568,U00416,S0035,500.0,2024-06-03,38.0
V010569,U01280,S0070,123.0,2024-08-24,63.0
V010570,U00016,S0184,144.0,2025-05-19,95.0
V010571,U00924,S0170,500.0,2024-06-13,62.0
V010572,U01607,S0945,147.0,2024-10-18,40.0
V010573,U00104,S0767,216.0,2024-08-16,19.0
V010574,U00875,S0524,500.0,2024-02-03,81.0
V010575,U00457,S0239,104.0,2025-06-13,63.0
V010576,U01102,S0132,500.0,2025-06-19,98.0
V010577,U00043,S0086,500.0,2024-10-25,30.0
V010578,U01542,S0233,148.0,2024-06-17,61.0
V010579,U01980,S0870,500.0,2025-10-05,98.0
V010580,U00743,S0647,87.0,2024-09-26,16.0
V010581,U01265,S0698,184.0,2024-01-28,64.0
V010582,U00397,S0710,500.0,2025-04-19,79.0
V010583,U01496,S0070,500.0,2024-08-13,32.0
V010584,U01829,S0797,500.0,2024-03-18,45.0
V010585,U00767,S0498,500.0,2024-04-03,93.0
V010586,U00253,S0834,500.0,2024-05-17,85.0
V010587,U01421,S0658,500.0,2024-06-06,63.0
V010588,U01151,S0366,500.0,2024-06-11,37.0
V010589,U01234,S0979,500.0,2025-01-30,42.0
V010590,U00422,S0672,43.0,2025-04-22,97.0
V010591,U00833,S0099,57.0,2024-01-29,63.0
V010592,U00841,S0555,500.0,2024-02-07,95.0
V010593,U01872,S0898,500.0,2024-10-26,41.0
V010594,U00367,S0993,500.0,2025-05-06,76.0
V010595,U01138,S0645,135.0,2024-09-06,79.0
V010596,U01272,S0099,500.0,2025-05-06,58.0
V010597,U00239,S0586,59.0,2024-11-20,85.0
V010598,U01857,S0124,500.0,2025-05-24,15.0
V010599,U01937,S0685,175.0,2024-03-05,83.0
V010600,U01035,S0579,27.0,2024-05-21,89.0
V010601,U01259,S0629,129.0,2024-11-11,38.0
V010602,U00018,S0259,76.0,2024-11-06,62.0
V010603,U01649,S0895,48.0,2024-01-05,66.0
V010604,U01031,S0273,500.0,2024-07-24,11.0
V010605,U00946,S0732,99.0,2024-12-06,10.0
V010606,U01401,S0809,15.0,2024-12-06,21.0
V010607,U00396,S0848,109.0,2024-11-07,88.0
V010608,U01210,S0411,500.0,2024-07-14,72.0
V010609,U01017,S0940,81.0,2024-03-16,99.0
V010610,U01651,S0604,100.0,2025-02-27,70.0
V010611,U00722,S0753,25.0,2024-08-17,44.0
V010612,U00526,S0134,500.0,2025-08-04,33.0
V010613,U00096,S0872,500.0,2024-06-10,67.0
V010614,U01829,S0773,39.0,2024-03-28,28.0
V010615,U00756,S0335,77.0,2024-04-07,63.0
V010616,U00686,S0117,93.0,2025-03-16,30.0
V010617,U00813,S0365,500.0,2024-11-27,62.0
V010618,U00173,S0626,56.0,2024-07-22,80.0
V010619,U01870,S0702,500.0,2024-06-07,52.0
V010620,U01307,S0286,73.0,2024-02-24,14.0
V010621,U00152,S0556,182.0,2024-09-11,66.0
V010622,U00914,S0530,73.0,2024-05-31,88.0
V010623,U00378,S0021,152.0,2024-06-15,97.0
V010624,U01798,S0917,186.0,2025-04-27,18.0
V010625,U01906,S0022,6.0,2024-09-02,85.0
V010626,U01928,S0157,500.0,2024-09-22,18.0
V010627,U01133,S0405,199.0,2025-04-21,56.0
V010628,U01618,S0526,500.0,2024-10-10,32.0
V010629,U00917,S0917,59.0,2024-11-17,89.0
V010630,U00074,S0394,500.0,2025-04-14,50.0
V010631,U00062,S0588,500.0,2024-07-03,92.0
V010632,U01854,S0662,184.0,2024-04-04,74.0
V010633,U01234,S0979,220.0,2024-10-06,13.0
V010634,U00937,S0574,30.0,2025-04-18,56.0
V010635,U01600,S0621,165.0,2025-02-16,16.0
V010636,U00419,S0008,35.0,2024-09-09,19.0
V010637,U00231,S0948,500.0,2025-01-20,33.0
V010638,U01311,S0126,500.0,2025-06-19,42.0
V010639,U00552,S0344,115.0,2024-03-28,70.0
V010640,U01341,S0214,109.0,2024-09-12,28.0
V010641,U01582,S0182,219.0,2024-04-02,61.0
V010642,U00497,S0483,199.0,2024-05-22,33.0
V010643,U01624,S0292,500.0,2025-04-16,49.0
V010644,U01366,S0174,500.0,2024-05-22,79.0
V010645,U01228,S0284,500.0,2025-05-14,45.0
V010646,U00086,S0971,108.0,2024-06-24,56.0
V010647,U01432,S0953,500.0,2024-09-06,20.0
V010648,U01620,S0076,500.0,2024-01-13,86.0
V010649,U01267,S0691,500.0,2024-04-03,25.0
V010650,U00526,S0318,159.0,2025-05-05,10.0
V010651,U01455,S0761,77.0,2024-12-23,78.0
V010652,U00565,S0231,200.0,2024-01-17,95.0
V010653,U00495,S0216,500.0,2024-12-23,86.0
V010654,U00993,S0476,45.0,2024-09-30,67.0
V010655,U00125,S0500,500.0,2025-04-17,49.0
V010656,U00270,S0810,500.0,2024-04-01,63.0
V010657,U01988,S0846,500.0,2024-12-25,54.0
V010658,U01155,S0252,97.0,2024-03-26,40.0
V010659,U00895,S0188,500.0,2025-05-06,62.0
V010660,U01315,S0982,500.0,2025-01-12,61.0
V010661,U01091,S1000,500.0,2024-07-28,50.0
V010662,U01211,S0570,500.0,2024-12-19,24.0
V010663,U01763,S0658,179.0,2024-10-04,57.0
V010664,U01859,S0490,107.0,2025-05-30,66.0
V010665,U00247,S0127,60.0,2025-04-27,36.0
V010666,U01200,S0622,500.0,2025-01-10,45.0
V010667,U00621,S0819,146.0,2024-10-29,44.0
V010668,U01748,S0925,500.0,2024-01-04,30.0
V010669,U01678,S0638,195.0,2025-02-07,56.0
V010670,U00033,S0503,111.0,2024-01-08,28.0
V010671,U01049,S0598,500.0,2024-04-10,69.0
V010672,U00171,S0768,500.0,2024-11-02,24.0
V010673,U00867,S0340,500.0,2024-03-18,73.0
V010674,U00775,S0423,500.0,2024-10-14,34.0
V010675,U01296,S0711,500.0,2024-11-01,10.0
V010676,U00972,S0445,171.0,2024-12-21,29.0
V010677,U01637,S0792,500.0,2024-12-03,87.0
V010678,U01918,S0282,35.0,2025-04-27,72.0
V010679,U00803,S0540,23.0,2024-02-06,84.0
V010680,U01296,S0873,500.0,2024-05-28,10.0
V010681,U01308,S0003,500.0,2025-03-27,97.0
V010682,U00991,S0411,20.0,2024-05-22,69.0
V010683,U01327,S0712,500.0,2024-02-21,45.0
V010684,U01166,S0063,55.0,2025-04-16,60.0
V010685,U00883,S0867,500.0,2024-12-06,90.0
V010686,U00427,S0769,500.0,2024-02-08,36.0
V010687,U01989,S0642,500.0,2024-10-22,34.0
V010688,U00408,S0236,125.0,2024-04-24,38.0
V010689,U01557,S0005,500.0,2024-08-11,85.0
V010690,U01874,S0381,178.0,2024-10-15,36.0
V010691,U01233,S0966,500.0,2024-07-04,19.0
V010692,U01302,S0722,219.0,2024-09-10,30.0
V010693,U01921,S0349,219.0,2024-09-19,43.0
V010694,U01955,S0766,79.0,2024-03-11,39.0
V010695,U00577,S0385,500.0,2024-03-20,56.0
V010696,U00393,S0022,192.0,2024-07-26,15.0
V010697,U00577,S0039,54.0,2025-04-30,70.0
V010698,U00426,S0435,500.0,2024-04-14,13.0
V010699,U01649,S0695,500.0,2024-07-20,58.0
V010700,U00316,S0789,175.0,2024-03-07,88.0
V010701,U01114,S0218,500.0,2024-06-02,47.0
V010702,U00127,S0949,500.0,2024-08-04,80.0
V010703,U00683,S0949,219.0,2024-10-19,20.0
V010704,U01338,S0672,155.0,2024-05-22,42.0
V010705,U00220,S0982,51.0,2025-04-23,95.0
V010706,U01516,S0778,500.0,2024-05-05,90.0
V010707,U00266,S0392,500.0,2024-01-08,83.0
V010708,U01655,S0528,73.0,2025-06-22,66.0
V010709,U00905,S0546,46.0,2024-04-06,82.0
V010710,U00048,S0063,179.0,2024-12-21,54.0
V010711,U01625,S0644,147.0,2024-04-15,29.0
V010712,U01111,S0059,500.0,2025-02-21,89.0
V010713,U00028,S0917,500.0,2024-05-27,66.0
V010714,U00223,S0932,87.0,2024-08-09,95.0
V010715,U01334,S0259,142.0,2024-09-08,36.0
V010716,U01511,S0674,500.0,2024-12-23,85.0
V010717,U00938,S0967,143.0,2024-09-16,36.0
V010718,U00730,S0729,199.0,2025-01-10,43.0
V010719,U01330,S0214,500.0,2024-04-12,72.0
V010720,U00085,S0799,63.0,2025-05-03,11.0
V010721,U00428,S0566,19.0,2025-01-31,10.0
V010722,U01591,S0587,500.0,2024-03-24,87.0
V010723,U01617,S0178,63.0,2024-11-12,18.0
V010724,U01282,S0472,500.0,2024-05-29,98.0
V010725,U00671,S0719,500.0,2025-03-14,56.0
V010726,U00870,S0892,500.0,2024-10-31,28.0
V010727,U00315,S0504,116.0,2025-06-19,43.0
V010728,U01967,S0665,500.0,2024-09-07,90.0
V010729,U01624,S0442,500.0,2024-01-27,84.0
V010730,U01680,S0206,500.0,2024-06-14,84.0
V010731,U01926,S0930,500.0,2024-08-22,98.0
V010732,U00127,S0168,61.0,2024-03-11,28.0
V010733,U00038,S0800,178.0,2024-12-02,89.0
V010734,U01914,S0109,500.0,2024-11-16,73.0
V010735,U01768,S0659,41.0,2025-03-01,23.0
V010736,U01576,S0256,500.0,2024-09-05,59.0
V010737,U00022,S0134,146.0,2025-03-27,51.0
V010738,U01917,S0044,219.0,2025-05-02,25.0
V010739,U00860,S0103,500.0,2025-05-07,50.0
V010740,U01009,S0157,500.0,2025-03-29,93.0
V010741,U01851,S0108,500.0,2025-03-05,25.0
V010742,U00097,S0991,500.0,2024-05-04,49.0
V010743,U01309,S0279,216.0,2024-04-05,22.0
V010744,U01817,S1000,500.0,2025-01-06,68.0
V010745,U00702,S0863,70.0,2024-04-10,10.0
V010746,U00392,S0307,500.0,2024-07-16,28.0
V010747,U01065,S0473,500.0,2025-01-01,39.0
V010748,U01307,S0629,107.0,2025-04-18,86.0
V010749,U00416,S0292,206.0,2024-03-31,91.0
V010750,U00477,S0451,219.0,2024-04-20,56.0
V010751,U00746,S0955,15.0,2025-01-28,35.0
V010752,U01772,S0613,500.0,2025-05-05,18.0
V010753,U00469,S0743,199.0,2024-01-15,56.0
V010754,U00571,S0999,219.0,2024-08-26,60.0
V010755,U01600,S0349,219.0,2024-08-19,93.0
V010756,U01448,S0972,82.0,2024-03-29,76.0
V010757,U00037,S0246,179.0,2024-02-03,67.0
V010758,U00882,S0947,500.0,2024-12-13,75.0
V010759,U01039,S0815,81.0,2024-05-20,34.0
V010760,U00090,S0091,500.0,2024-07-11,87.0
V010761,U00072,S0588,500.0,2025-01-06,29.0
V010762,U00662,S0374,500.0,2024-02-14,34.0
V010763,U01789,S0214,78.0,2024-05-27,94.0
V010764,U00732,S0736,205.0,2024-12-13,90.0
V010765,U01131,S0121,500.0,2025-05-21,56.0
V010766,U00104,S0565,500.0,2024-11-26,62.0
V010767,U00192,S0903,500.0,2024-07-26,14.0
V010768,U01762,S0226,29.0,2024-02-15,27.0
V010769,U01850,S0363,500.0,2024-04-27,43.0
V010770,U01678,S0080,35.0,2024-05-12,35.0
V010771,U00016,S0297,500.0,2024-02-23,73.0
V010772,U01164,S0493,34.0,2024-04-24,29.0
V010773,U01540,S0575,500.0,2025-01-31,98.0
V010774,U01455,S0265,169.0,2024-12-28,47.0
V010775,U00800,S0925,8.0,2025-06-03,22.0
V010776,U01197,S0467,35.0,2024-12-05,87.0
V010777,U00378,S0613,133.0,2024-04-30,88.0
V010778,U01104,S0438,132.0,2025-01-04,55.0
V010779,U01745,S0955,500.0,2025-05-13,40.0
V010780,U00803,S0876,206.0,2025-04-21,44.0
V010781,U01299,S0508,145.0,2024-01-28,42.0
V010782,U00224,S0100,49.0,2025-03-15,15.0
V010783,U00153,S0528,500.0,2025-11-03,10.0
V010784,U00684,S0120,500.0,2024-08-08,55.0
V010785,U00387,S0749,128.0,2024-01-20,80.0
V010786,U00140,S0184,500.0,2025-05-04,67.0
V010787,U00855,S0467,50.0,2025-09-06,44.0
V010788,U00165,S0957,500.0,2024-01-25,53.0
V010789,U01833,S0707,100.0,2024-01-15,68.0
V010790,U00429,S0595,500.0,2024-05-03,22.0
V010791,U00534,S0959,500.0,2024-03-28,45.0
V010792,U01143,S0261,500.0,2024-12-31,51.0
V010793,U00397,S0595,183.0,2024-05-22,66.0
V010794,U01039,S0725,500.0,2024-11-18,85.0
V010795,U01393,S0194,70.0,2024-12-02,86.0
V010796,U00571,S0738,500.0,2024-08-21,63.0
V010797,U00318,S0693,141.0,2025-05-08,70.0
V010798,U00482,S0214,178.0,2024-09-27,88.0
V010799,U00239,S0383,65.0,2024-03-25,24.0
V010800,U01614,S0266,500.0,2024-08-04,37.0
V010801,U00267,S0528,500.0,2024-11-28,32.0
V010802,U00478,S0789,137.0,2024-06-16,33.0
V010803,U00994,S0784,500.0,2024-05-04,57.0
V010804,U00787,S0360,500.0,2024-09-22,10.0
V010805,U00160,S0970,188.0,2025-06-23,96.0
V010806,U00463,S0806,188.0,2025-05-06,63.0
V010807,U00325,S0735,500.0,2024-08-06,47.0
V010808,U00318,S0637,500.0,2025-02-25,81.0
V010809,U01943,S0082,204.0,2024-10-15,93.0
V010810,U01372,S0059,500.0,2024-07-26,51.0
V010811,U01318,S0406,129.0,2025-04-04,19.0
V010812,U00230,S0647,500.0,2024-05-14,48.0
V010813,U01211,S0807,500.0,2024-11-18,29.0
V010814,U00374,S0745,500.0,2025-03-24,56.0
V010815,U00070,S0983,500.0,2024-05-20,69.0
V010816,U01434,S0526,500.0,2024-07-01,18.0
V010817,U01168,S0207,500.0,2024-01-31,20.0
V010818,U00597,S0916,500.0,2024-04-22,54.0
V010819,U01367,S0618,100.0,2024-06-25,63.0
V010820,U00434,S0970,50.0,2025-05-07,97.0
V010821,U01421,S0877,36.0,2025-02-27,64.0
V010822,U01830,S0201,206.0,2024-10-22,97.0
V010823,U01745,S1000,207.0,2024-07-16,30.0
V010824,U00637,S0964,131.0,2024-01-26,66.0
V010825,U01343,S0391,500.0,2024-02-22,29.0
V010826,U00079,S0716,163.0,2024-09-06,80.0
V010827,U01739,S0915,500.0,2024-06-12,76.0
V010828,U01231,S0356,33.0,2024-07-13,57.0
V010829,U01500,S0581,219.0,2024-09-15,91.0
V010830,U00962,S0375,500.0,2024-09-10,96.0
V010831,U00605,S0695,500.0,2024-01-11,80.0
V010832,U00222,S0781,197.0,2024-09-03,14.0
V010833,U00128,S0166,107.0,2024-07-08,22.0
V010834,U01903,S0654,500.0,2024-12-09,32.0
V010835,U01384,S0589,150.0,2024-07-11,12.0
V010836,U00787,S0054,500.0,2025-05-19,51.0
V010837,U00105,S0861,500.0,2024-08-02,56.0
V010838,U01933,S0522,60.0,2024-08-03,18.0
V010839,U01858,S0365,160.0,2024-04-11,89.0
V010840,U01384,S0098,500.0,2025-05-31,68.0
V010841,U01026,S0289,37.0,2024-06-28,78.0
V010842,U01225,S0831,500.0,2024-01-06,60.0
V010843,U01907,S0885,175.0,2025-01-28,40.0
V010844,U01245,S0845,199.0,2025-07-04,55.0
V010845,U00666,S0514,500.0,2024-09-12,15.0
V010846,U01542,S0356,11.0,2024-07-01,12.0
V010847,U00736,S0185,500.0,2024-04-10,82.0
V010848,U01670,S0259,500.0,2024-01-23,69.0
V010849,U01567,S0206,500.0,2024-04-16,10.0
V010850,U00358,S0834,189.0,2024-10-03,56.0
V010851,U00898,S0427,123.0,2024-06-16,99.0
V010852,U00686,S0939,88.0,2024-06-16,96.0
V010853,U00425,S0524,220.0,2024-04-04,41.0
V010854,U01407,S0959,160.0,2024-02-01,70.0
V010855,U01279,S0941,81.0,2025-06-17,95.0
V010856,U00344,S0977,216.0,2025-02-06,47.0
V010857,U00595,S0818,500.0,2025-02-07,73.0
V010858,U01740,S0267,86.0,2024-07-25,75.0
V010859,U00952,S0848,500.0,2024-04-23,13.0
V010860,U01988,S0717,500.0,2024-06-30,37.0
V010861,U00471,S0556,145.0,2024-11-29,88.0
V010862,U00280,S0592,101.0,2024-12-02,62.0
V010863,U01409,S0464,500.0,2024-10-22,100.0
V010864,U00915,S0814,500.0,2025-01-24,49.0
V010865,U01627,S0950,204.0,2025-02-27,24.0
V010866,U01340,S0521,172.0,2024-06-03,11.0
V010867,U01326,S0821,500.0,2025-05-27,92.0
V010868,U01095,S0012,500.0,2025-05-14,58.0
V010869,U00362,S0640,89.0,2024-09-23,19.0
V010870,U00604,S0646,129.0,2024-04-26,96.0
V010871,U01097,S0063,53.0,2025-11-04,82.0
V010872,U01440,S0565,27.0,2025-01-14,93.0
V010873,U00732,S0555,109.0,2024-09-12,89.0
V010874,U01649,S0590,500.0,2024-05-15,59.0
V010875,U00646,S0243,188.0,2024-10-23,80.0
V010876,U01911,S0374,192.0,2025-01-24,88.0
V010877,U00385,S0212,500.0,2024-08-06,56.0
V010878,U00070,S0709,166.0,2024-04-25,67.0
V010879,U01063,S0634,89.0,2024-12-23,100.0
V010880,U00281,S0315,500.0,2024-07-30,52.0
V010881,U01271,S0310,500.0,2025-04-14,43.0
V010882,U01554,S0120,182.0,2025-02-02,71.0
V010883,U00666,S0220,36.0,2024-06-16,25.0
V010884,U01668,S0244,61.0,2025-02-22,71.0
V010885,U01043,S0678,500.0,2024-03-05,86.0
V010886,U01665,S0327,500.0,2025-02-16,14.0
V010887,U00144,S0561,129.0,2024-11-24,53.0
V010888,U00803,S0188,500.0,2024-01-17,55.0
V010889,U01026,S0735,63.0,2024-01-17,100.0
V010890,U01474,S0342,86.0,2024-03-09,17.0
V010891,U01417,S0628,143.0,2024-08-10,87.0
V010892,U00318,S0484,107.0,2024-06-09,32.0
V010893,U00926,S0789,96.0,2025-03-03,28.0
V010894,U00201,S0804,500.0,2025-02-08,45.0
V010895,U01298,S0872,500.0,2025-05-19,52.0
V010896,U01913,S0677,500.0,2025-05-13,13.0
V010897,U00469,S0458,16.0,2025-06-24,27.0
V010898,U01334,S0828,173.0,2024-12-22,50.0
V010899,U00535,S0004,500.0,2024-06-05,89.0
V010900,U00321,S0940,116.0,2025-03-04,71.0
V010901,U00801,S0077,169.0,2025-03-18,41.0
V010902,U00574,S0193,500.0,2024-03-28,27.0
V010903,U00550,S0752,56.0,2024-10-24,65.0
V010904,U01526,S0690,76.0,2024-09-12,73.0
V010905,U00119,S0836,129.0,2024-12-15,76.0
V010906,U01536,S0134,500.0,2024-06-25,54.0
V010907,U01098,S0829,500.0,2025-04-13,83.0
V010908,U01163,S0231,133.0,2024-05-06,28.0
V010909,U01862,S0942,500.0,2024-06-02,45.0
V010910,U01667,S0607,500.0,2025-12-06,85.0
V010911,U00119,S0610,199.0,2024-01-13,77.0
V010912,U00982,S0896,500.0,2025-10-04,29.0
V010913,U01064,S0303,45.0,2024-12-12,28.0
V010914,U00874,S0479,500.0,2025-02-17,21.0
V010915,U01796,S0970,500.0,2024-10-10,85.0
V010916,U00377,S0369,500.0,2024-12-22,43.0
V010917,U01969,S0727,500.0,2025-08-06,84.0
V010918,U00960,S0592,10.0,2024-04-02,36.0
V010919,U00684,S0206,500.0,2025-03-07,14.0
V010920,U01191,S0017,500.0,2025-02-16,96.0
V010921,U01137,S0786,31.0,2024-01-28,53.0
V010922,U00397,S0025,500.0,2025-01-07,62.0
V010923,U01453,S0930,20.0,2025-02-05,61.0
V010924,U00813,S0083,500.0,2025-01-19,32.0
V010925,U00252,S0693,144.0,2024-06-05,20.0
V010926,U00122,S0814,153.0,2024-02-28,87.0
V010927,U01954,S0040,500.0,2025-04-20,82.0
V010928,U01205,S0685,500.0,2024-10-29,66.0
V010929,U00809,S0426,500.0,2025-10-04,100.0
V010930,U00691,S0963,24.0,2024-09-05,64.0
V010931,U01687,S0971,32.0,2024-06-06,57.0
V010932,U01902,S0195,500.0,2024-12-24,55.0
V010933,U00990,S0947,63.0,2024-04-19,43.0
V010934,U01742,S0044,500.0,2025-05-15,90.0
V010935,U01767,S0862,500.0,2024-01-25,76.0
V010936,U00147,S0946,26.0,2024-12-16,50.0
V010937,U00826,S0075,500.0,2024-09-16,92.0
V010938,U00121,S0831,500.0,2025-11-04,53.0
V010939,U00307,S0840,500.0,2025-12-04,67.0
V010940,U00767,S0980,500.0,2024-04-12,66.0
V010941,U00942,S0557,157.0,2024-10-16,46.0
V010942,U00351,S0650,45.0,2024-04-21,76.0
V010943,U00915,S0260,95.0,2024-10-17,85.0
V010944,U01997,S0663,171.0,2025-05-29,16.0
V010945,U01333,S0828,500.0,2024-12-19,44.0
V010946,U00356,S0407,500.0,2025-06-14,73.0
V010947,U01288,S0143,500.0,2024-06-25,39.0
V010948,U01320,S0424,15.0,2025-02-08,14.0
V010949,U01345,S0602,157.0,2025-01-02,56.0
V010950,U01211,S0389,500.0,2024-02-03,73.0
V010951,U01979,S0812,500.0,2025-01-26,28.0
V010952,U01461,S0391,500.0,2025-01-05,16.0
V010953,U00221,S0393,500.0,2025-05-04,88.0
V010954,U00225,S0839,142.0,2024-09-09,47.0
V010955,U00794,S0144,183.0,2024-01-04,36.0
V010956,U01634,S0680,21.0,2024-12-03,52.0
V010957,U00332,S0438,500.0,2024-01-05,17.0
V010958,U00345,S0916,209.0,2025-04-01,75.0
V010959,U01852,S0964,214.0,2025-01-20,91.0
V010960,U00420,S0197,93.0,2024-07-21,26.0
V010961,U01061,S0715,500.0,2024-04-25,27.0
V010962,U00086,S0367,500.0,2024-04-03,98.0
V010963,U01680,S0231,500.0,2025-02-21,47.0
V010964,U01755,S0847,10.0,2024-09-13,25.0
V010965,U01367,S0274,500.0,2024-04-27,91.0
V010966,U01058,S0996,164.0,2024-11-25,86.0
V010967,U01768,S0504,500.0,2024-01-13,48.0
V010968,U00106,S0461,199.0,2025-05-31,55.0
V010969,U01246,S0262,500.0,2025-05-24,87.0
V010970,U00464,S0221,500.0,2024-02-05,98.0
V010971,U01044,S0018,500.0,2025-03-02,19.0
V010972,U01474,S0856,168.0,2024-02-12,39.0
V010973,U00695,S0626,126.0,2025-04-02,25.0
V010974,U01386,S0298,131.0,2024-07-23,47.0
V010975,U00996,S0662,500.0,2025-02-16,31.0
V010976,U00035,S0383,131.0,2024-03-15,21.0
V010977,U00466,S0059,147.0,2024-12-03,34.0
V010978,U01324,S0110,8.0,2025-02-28,78.0
V010979,U01916,S0478,85.0,2024-06-11,23.0
V010980,U00535,S0040,14.0,2025-04-16,25.0
V010981,U01441,S0328,500.0,2024-02-03,62.0
V010982,U01303,S0728,500.0,2024-03-14,60.0
V010983,U00047,S0083,500.0,2024-08-24,99.0
V010984,U00308,S0764,208.0,2024-07-03,14.0
V010985,U00720,S0938,500.0,2024-06-20,40.0
V010986,U01002,S0162,112.0,2024-05-08,80.0
V010987,U00638,S0114,500.0,2025-01-20,31.0
V010988,U00059,S0127,144.0,2024-01-02,28.0
V010989,U01749,S0534,500.0,2025-04-28,62.0
V010990,U00206,S0155,500.0,2025-04-24,69.0
V010991,U00024,S0268,500.0,2025-04-04,72.0
V010992,U01521,S0335,121.0,2024-02-17,33.0
V010993,U01098,S0291,7.0,2024-08-24,96.0
V010994,U00113,S0622,500.0,2024-09-07,74.0
V010995,U01490,S0317,500.0,2024-11-06,51.0
V010996,U01808,S0117,38.0,2024-07-08,35.0
V010997,U01035,S0223,96.0,2024-08-16,42.0
V010998,U01805,S0049,203.0,2024-05-31,13.0
V010999,U01040,S0643,77.0,2024-05-15,36.0
V011000,U01244,S0183,500.0,2024-12-13,21.0
V011001,U00304,S0085,500.0,2025-07-03,30.0
V011002,U01591,S0417,156.0,2024-05-01,83.0
V011003,U01416,S0248,500.0,2024-04-08,78.0
V011004,U00220,S0242,26.0,2024-01-24,82.0
V011005,U00199,S0030,129.0,2024-11-26,49.0
V011006,U01396,S0137,500.0,2024-06-10,79.0
V011007,U01486,S0036,500.0,2025-05-25,61.0
V011008,U01270,S0707,500.0,2024-12-07,79.0
V011009,U01798,S0004,203.0,2025-01-22,90.0
V011010,U00123,S0680,500.0,2025-05-13,52.0
V011011,U01563,S0597,500.0,2024-09-06,88.0
V011012,U01680,S0180,29.0,2024-06-17,34.0
V011013,U01162,S0244,35.0,2025-02-10,27.0
V011014,U00278,S0706,92.0,2025-02-27,93.0
V011015,U01611,S0704,500.0,2025-01-09,57.0
V011016,U00049,S0163,500.0,2024-01-10,56.0
V011017,U01017,S0728,190.0,2024-01-22,37.0
V011018,U00875,S0317,21.0,2025-01-22,50.0
V011019,U01047,S0128,500.0,2024-12-18,100.0
V011020,U01963,S0147,160.0,2024-04-12,91.0
V011021,U01596,S0279,500.0,2024-05-19,86.0
V011022,U01853,S0816,500.0,2024-07-03,80.0
V011023,U01601,S0045,98.0,2024-07-10,15.0
V011024,U00133,S0539,49.0,2024-01-23,27.0
V011025,U00921,S0044,205.0,2025-11-05,62.0
V011026,U01442,S0538,500.0,2025-06-15,37.0
V011027,U01111,S0375,130.0,2024-01-17,30.0
V011028,U01003,S0212,500.0,2024-10-30,83.0
V011029,U01248,S0224,500.0,2024-10-04,93.0
V011030,U00033,S0527,63.0,2024-10-18,20.0
V011031,U00329,S0990,98.0,2024-10-25,64.0
V011032,U01733,S0036,125.0,2024-02-06,93.0
V011033,U01288,S0770,500.0,2025-01-18,23.0
V011034,U01751,S0132,203.0,2024-03-10,100.0
V011035,U01895,S0466,199.0,2024-03-14,55.0
V011036,U00945,S0666,500.0,2024-08-02,98.0
V011037,U00984,S0705,83.0,2024-02-05,52.0
V011038,U01836,S0260,500.0,2025-03-28,56.0
V011039,U01644,S0808,124.0,2025-05-13,42.0
V011040,U00813,S0911,123.0,2024-09-03,34.0
V011041,U00308,S0790,192.0,2025-03-27,56.0
V011042,U01272,S0435,81.0,2024-07-27,100.0
V011043,U00365,S0776,185.0,2024-03-30,97.0
V011044,U01779,S0553,500.0,2024-09-03,56.0
V011045,U01650,S0144,202.0,2024-10-25,87.0
V011046,U01891,S0595,500.0,2025-04-27,60.0
V011047,U00052,S0544,149.0,2025-06-21,77.0
V011048,U01469,S0737,500.0,2024-11-25,41.0
V011049,U00277,S0762,500.0,2024-06-19,47.0
V011050,U01500,S0417,29.0,2024-03-04,12.0
V011051,U01339,S0467,13.0,2024-12-16,18.0
V011052,U00068,S0794,219.0,2025-03-22,72.0
V011053,U00689,S0756,500.0,2025-10-03,64.0
V011054,U01009,S0036,62.0,2025-05-23,77.0
V011055,U01085,S0847,11.0,2024-04-03,76.0
V011056,U00977,S0365,103.0,2024-02-25,32.0
V011057,U01132,S0711,27.0,2025-05-29,58.0
V011058,U01308,S0369,141.0,2024-04-27,96.0
V011059,U01670,S0397,500.0,2025-06-04,45.0
V011060,U01578,S0966,114.0,2024-08-27,75.0
V011061,U00754,S0947,133.0,2024-06-30,38.0
V011062,U01349,S0354,190.0,2024-08-23,30.0
V011063,U00410,S0802,500.0,2024-02-11,99.0
V011064,U00330,S0077,47.0,2024-07-25,35.0
V011065,U01879,S0110,98.0,2024-04-18,58.0
V011066,U01465,S0121,500.0,2025-03-04,25.0
V011067,U01939,S0587,127.0,2024-02-19,50.0
V011068,U01094,S0178,69.0,2024-05-16,77.0
V011069,U00645,S0696,500.0,2025-06-16,99.0
V011070,U01846,S0242,500.0,2024-03-09,70.0
V011071,U00245,S0088,500.0,2024-12-26,66.0
V011072,U00127,S0247,500.0,2024-02-24,80.0
V011073,U00788,S0484,173.0,2024-04-11,34.0
V011074,U00595,S0907,500.0,2025-08-03,63.0
V011075,U00926,S0877,500.0,2024-11-24,21.0
V011076,U00862,S0019,500.0,2024-04-10,46.0
V011077,U00522,S0908,500.0,2025-03-30,81.0
V011078,U01246,S0382,500.0,2025-06-02,33.0
V011079,U01525,S0124,500.0,2025-04-26,70.0
V011080,U00797,S0067,500.0,2024-10-06,95.0
V011081,U00113,S0838,211.0,2025-03-25,28.0
V011082,U00782,S0904,500.0,2024-07-14,59.0
V011083,U00188,S0252,500.0,2024-09-11,26.0
V011084,U00660,S0901,189.0,2024-08-25,98.0
V011085,U00572,S0029,500.0,2025-06-17,24.0
V011086,U00156,S0884,500.0,2025-06-22,88.0
V011087,U00200,S0434,172.0,2024-08-11,62.0
V011088,U00312,S0256,500.0,2024-10-28,57.0
V011089,U00123,S0829,500.0,2025-06-17,27.0
V011090,U01224,S0855,500.0,2024-07-05,69.0
V011091,U01041,S0358,500.0,2024-04-18,41.0
V011092,U00748,S0964,500.0,2024-06-28,71.0
V011093,U01186,S0957,85.0,2024-01-06,14.0
V011094,U00350,S0493,106.0,2024-12-15,17.0
V011095,U01237,S0248,500.0,2024-12-22,99.0
V011096,U01721,S0073,114.0,2024-11-15,44.0
V011097,U00372,S0433,500.0,2024-12-06,60.0
V011098,U01291,S0639,500.0,2024-01-16,59.0
V011099,U00238,S0201,500.0,2024-12-03,19.0
V011100,U00113,S0219,500.0,2024-04-18,56.0
V011101,U00424,S0786,103.0,2024-11-09,65.0
V011102,U00381,S0383,500.0,2024-09-11,22.0
V011103,U00450,S0809,500.0,2025-01-09,77.0
V011104,U00419,S0058,500.0,2024-11-19,73.0
V011105,U00214,S0324,500.0,2024-07-04,92.0
V011106,U01249,S0547,500.0,2025-04-27,59.0
V011107,U01935,S0761,108.0,2024-05-26,34.0
V011108,U01457,S0378,150.0,2024-11-24,80.0
V011109,U01500,S0015,21.0,2024-10-20,91.0
V011110,U00416,S0998,139.0,2025-03-23,49.0
V011111,U00790,S0163,500.0,2025-05-29,56.0
V011112,U01008,S0579,500.0,2024-09-26,13.0
V011113,U00919,S0656,500.0,2024-07-26,66.0
V011114,U01004,S0103,103.0,2024-01-31,79.0
V011115,U00932,S0175,171.0,2024-09-15,60.0
V011116,U00247,S0358,106.0,2024-03-16,29.0
V011117,U00295,S0299,500.0,2024-02-05,74.0
V011118,U00346,S0800,79.0,2024-10-28,82.0
V011119,U00838,S0153,500.0,2024-06-17,52.0
V011120,U00962,S0049,500.0,2024-03-26,95.0
V011121,U01619,S0307,500.0,2024-09-03,28.0
V011122,U00315,S0925,500.0,2024-09-22,67.0
V011123,U01010,S0037,500.0,2024-09-04,53.0
V011124,U01843,S0284,500.0,2025-04-13,56.0
V011125,U01676,S0660,500.0,2024-01-27,85.0
V011126,U01473,S0303,500.0,2024-09-13,22.0
V011127,U01244,S0799,83.0,2024-09-03,98.0
V011128,U01030,S0770,111.0,2024-06-07,29.0
V011129,U00235,S0419,216.0,2024-06-11,41.0
V011130,U00148,S0717,500.0,2024-11-11,61.0
V011131,U01566,S0935,500.0,2024-04-30,82.0
V011132,U01416,S0823,213.0,2024-07-25,48.0
V011133,U00674,S0258,176.0,2024-04-29,44.0
V011134,U01255,S0507,30.0,2024-10-14,31.0
V011135,U00367,S0947,172.0,2024-03-28,73.0
V011136,U01242,S0093,500.0,2024-01-22,74.0
V011137,U01040,S0919,500.0,2024-04-19,40.0
V011138,U01206,S0278,104.0,2024-07-16,46.0
V011139,U01054,S0899,163.0,2024-07-06,47.0
V011140,U01395,S0237,500.0,2024-12-13,74.0
V011141,U01520,S0781,14.0,2025-05-15,77.0
V011142,U01148,S0963,157.0,2024-02-10,100.0
V011143,U00370,S0519,130.0,2024-04-17,25.0
V011144,U00925,S0253,500.0,2024-10-17,98.0
V011145,U01474,S0689,500.0,2024-06-23,69.0
V011146,U01947,S0294,500.0,2024-10-12,18.0
V011147,U00022,S0307,500.0,2024-01-06,16.0
V011148,U00892,S0339,85.0,2024-07-07,15.0
V011149,U01928,S0779,500.0,2024-11-01,14.0
V011150,U01697,S0520,500.0,2024-10-14,36.0
V011151,U01430,S0890,77.0,2024-11-11,36.0
V011152,U01833,S0460,61.0,2025-06-05,89.0
V011153,U00776,S0799,500.0,2024-05-10,43.0
V011154,U00229,S0819,500.0,2024-10-01,74.0
V011155,U01602,S0094,500.0,2024-11-12,61.0
V011156,U00386,S0529,215.0,2025-02-24,41.0
V011157,U00973,S0718,500.0,2025-03-13,74.0
V011158,U01726,S0327,500.0,2025-02-17,33.0
V011159,U01841,S0225,167.0,2024-09-07,26.0
V011160,U00347,S0475,500.0,2024-09-16,80.0
V011161,U00252,S0364,25.0,2024-06-11,62.0
V011162,U00974,S0880,500.0,2024-11-02,58.0
V011163,U00784,S0348,115.0,2024-10-28,34.0
V011164,U01568,S0668,500.0,2024-06-28,37.0
V011165,U00080,S0268,66.0,2025-03-25,10.0
V011166,U01869,S0863,82.0,2024-01-30,22.0
V011167,U01015,S0474,31.0,2024-08-06,86.0
V011168,U00578,S0394,100.0,2025-09-05,57.0
V011169,U00048,S0572,41.0,2025-04-20,50.0
V011170,U01659,S0999,500.0,2024-06-30,22.0
V011171,U00330,S0492,500.0,2024-12-17,23.0
V011172,U01439,S0101,23.0,2025-01-28,12.0
V011173,U00241,S0268,500.0,2025-04-27,38.0
V011174,U00801,S0111,90.0,2024-10-16,68.0
V011175,U01698,S0800,500.0,2024-06-01,94.0
V011176,U01632,S0026,111.0,2024-01-08,90.0
V011177,U01658,S0795,500.0,2025-09-02,75.0
V011178,U01341,S0347,92.0,2024-03-17,64.0
V011179,U01150,S0152,500.0,2024-01-19,27.0
V011180,U01408,S0115,500.0,2025-03-21,90.0
V011181,U01587,S0317,52.0,2024-03-19,12.0
V011182,U01299,S0750,500.0,2025-04-17,22.0
V011183,U00874,S0256,500.0,2024-10-04,79.0
V011184,U01224,S0413,200.0,2024-01-12,47.0
V011185,U00040,S0540,500.0,2024-10-04,75.0
V011186,U00626,S0753,183.0,2024-12-23,44.0
V011187,U00110,S0436,217.0,2025-05-01,23.0
V011188,U01669,S0693,189.0,2024-07-15,56.0
V011189,U01764,S0415,114.0,2024-11-05,76.0
V011190,U00365,S0097,73.0,2024-05-18,40.0
V011191,U01302,S0128,10.0,2024-09-26,54.0
V011192,U00032,S0018,190.0,2025-05-02,90.0
V011193,U01864,S0560,53.0,2024-11-29,56.0
V011194,U00714,S0755,145.0,2024-03-07,27.0
V011195,U01228,S0695,500.0,2024-11-19,51.0
V011196,U00513,S0777,500.0,2024-11-15,50.0
V011197,U00647,S0671,500.0,2025-01-04,94.0
V011198,U01855,S0200,24.0,2025-02-16,80.0
V011199,U00082,S0872,13.0,2024-09-22,18.0
V011200,U01679,S0180,500.0,2024-06-24,45.0
V011201,U00579,S0586,500.0,2024-07-31,65.0
V011202,U01981,S0286,219.0,2024-07-05,52.0
V011203,U01127,S0449,167.0,2025-01-04,19.0
V011204,U01972,S0433,218.0,2024-10-31,49.0
V011205,U01608,S0498,45.0,2025-06-14,53.0
V011206,U01709,S0824,500.0,2024-11-22,85.0
V011207,U00877,S0067,132.0,2024-07-03,56.0
V011208,U01107,S0759,500.0,2024-05-25,30.0
V011209,U00044,S0995,500.0,2024-09-22,83.0
V011210,U00141,S0808,46.0,2025-02-18,56.0
V011211,U01102,S0347,195.0,2024-09-03,92.0
V011212,U00132,S0058,219.0,2024-02-11,21.0
V011213,U00805,S0065,41.0,2024-08-10,84.0
V011214,U00824,S0590,500.0,2024-11-05,80.0
V011215,U01080,S0604,500.0,2024-01-06,91.0
V011216,U01354,S0833,51.0,2024-07-07,59.0
V011217,U00447,S0075,500.0,2025-04-11,83.0
V011218,U00215,S0035,129.0,2024-07-19,84.0
V011219,U00582,S0748,58.0,2024-01-22,87.0
V011220,U01533,S0615,86.0,2024-01-05,62.0
V011221,U01694,S0245,177.0,2025-04-02,12.0
V011222,U00153,S0825,500.0,2025-11-05,23.0
V011223,U01867,S0806,500.0,2024-12-22,28.0
V011224,U01257,S0707,157.0,2024-08-29,28.0
V011225,U01868,S0026,500.0,2024-01-31,70.0
V011226,U01130,S0059,204.0,2024-06-21,50.0
V011227,U01266,S0917,26.0,2024-01-08,93.0
V011228,U00043,S0873,195.0,2024-02-16,57.0
V011229,U01611,S0225,500.0,2024-05-04,95.0
V011230,U01042,S0943,30.0,2024-08-28,58.0
V011231,U00490,S0800,500.0,2024-02-12,53.0
V011232,U00854,S0565,166.0,2025-05-28,20.0
V011233,U01794,S0978,190.0,2025-01-04,56.0
V011234,U01967,S0757,97.0,2025-05-04,69.0
V011235,U00297,S0893,94.0,2024-05-05,60.0
V011236,U00574,S0373,500.0,2025-04-05,56.0
V011237,U00013,S0950,76.0,2024-06-25,58.0
V011238,U00844,S0773,500.0,2024-12-14,34.0
V011239,U01912,S0211,500.0,2024-05-04,94.0
V011240,U00369,S0106,106.0,2024-06-05,63.0
V011241,U01470,S0578,146.0,2024-09-07,58.0
V011242,U01034,S0572,500.0,2024-07-27,33.0
V011243,U01822,S0005,85.0,2025-09-03,84.0
V011244,U00537,S0226,500.0,2024-04-09,96.0
V011245,U01800,S0421,500.0,2025-03-07,20.0
V011246,U00804,S0853,37.0,2025-03-23,11.0
V011247,U00224,S0871,19.0,2024-08-18,56.0
V011248,U00720,S0757,146.0,2025-03-03,53.0
V011249,U01267,S0402,500.0,2024-08-19,58.0
V011250,U01851,S0949,29.0,2024-03-04,76.0
V011251,U01414,S0411,500.0,2024-06-19,18.0
V011252,U00540,S0884,72.0,2024-02-16,64.0
V011253,U00547,S0407,500.0,2025-04-11,24.0
V011254,U01829,S0594,219.0,2024-04-13,27.0
V011255,U00276,S0737,142.0,2024-09-18,31.0
V011256,U01764,S0055,500.0,2025-03-04,24.0
V011257,U01291,S0705,36.0,2024-03-19,60.0
V011258,U01080,S0533,500.0,2024-07-10,52.0
V011259,U00711,S0995,192.0,2024-01-29,32.0
V011260,U00884,S0095,59.0,2025-02-27,48.0
V011261,U00959,S0383,175.0,2025-05-12,10.0
V011262,U00956,S0586,198.0,2024-10-23,62.0
V011263,U01353,S0279,500.0,2024-06-11,37.0
V011264,U01966,S0988,220.0,2024-02-27,20.0
V011265,U01886,S0292,94.0,2024-12-05,87.0
V011266,U01779,S0658,500.0,2024-05-10,46.0
V011267,U00880,S0693,123.0,2024-09-09,56.0
V011268,U00648,S0830,169.0,2024-03-25,32.0
V011269,U01652,S0078,500.0,2024-01-16,56.0
V011270,U01386,S0755,500.0,2024-03-02,31.0
V011271,U01339,S0008,500.0,2024-02-28,61.0
V011272,U01475,S0912,500.0,2024-02-19,95.0
V011273,U00234,S0428,500.0,2025-02-04,71.0
V011274,U01686,S0988,120.0,2025-03-14,81.0
V011275,U00251,S0043,219.0,2025-05-20,27.0
V011276,U01290,S0737,103.0,2024-04-28,15.0
V011277,U00792,S0200,500.0,2025-02-10,17.0
V011278,U00738,S0538,500.0,2025-04-27,36.0
V011279,U01994,S0319,105.0,2024-08-30,52.0
V011280,U01958,S0213,167.0,2024-12-05,38.0
V011281,U01369,S0322,500.0,2024-08-08,83.0
V011282,U01821,S0077,500.0,2024-07-31,70.0
V011283,U00053,S0906,208.0,2024-09-26,20.0
V011284,U00852,S0384,500.0,2025-01-17,57.0
V011285,U01853,S0925,500.0,2025-05-13,56.0
V011286,U01745,S0690,19.0,2025-03-15,34.0
V011287,U01514,S0614,142.0,2024-04-15,53.0
V011288,U01858,S0180,500.0,2025-02-28,61.0
V011289,U01110,S0317,159.0,2024-11-29,86.0
V011290,U01784,S0959,219.0,2024-03-30,60.0
V011291,U00821,S0477,118.0,2024-08-29,50.0
V011292,U00595,S0573,500.0,2024-09-12,97.0
V011293,U00606,S0766,28.0,2024-07-14,71.0
V011294,U01740,S0382,121.0,2025-04-06,97.0
V011295,U01944,S0932,169.0,2024-07-25,45.0
V011296,U00689,S0255,500.0,2025-06-18,74.0
V011297,U00669,S0656,170.0,2025-02-21,87.0
V011298,U01360,S0534,25.0,2024-09-12,79.0
V011299,U01836,S0355,500.0,2024-10-05,15.0
V011300,U01643,S0789,500.0,2024-03-03,44.0
V011301,U00134,S0149,213.0,2024-07-09,52.0
V011302,U01881,S0656,89.0,2024-05-05,96.0
V011303,U00218,S0291,165.0,2024-10-12,26.0
V011304,U00325,S0406,77.0,2025-08-06,24.0
V011305,U01995,S0409,500.0,2024-07-15,20.0
V011306,U01421,S0192,500.0,2024-11-24,35.0
V011307,U00193,S0983,205.0,2025-06-03,11.0
V011308,U00226,S0612,144.0,2025-01-10,80.0
V011309,U00907,S0952,500.0,2024-06-24,58.0
V011310,U01945,S0236,121.0,2024-03-26,76.0
V011311,U00490,S0066,26.0,2025-04-26,87.0
V011312,U01725,S0984,500.0,2025-06-21,43.0
V011313,U00314,S0475,186.0,2024-01-05,55.0
V011314,U00742,S0753,186.0,2024-10-24,56.0
V011315,U00145,S0753,500.0,2025-03-22,10.0
V011316,U00996,S0482,48.0,2024-09-24,81.0
V011317,U01418,S0536,40.0,2024-03-18,32.0
V011318,U01619,S0192,111.0,2024-01-25,68.0
V011319,U01138,S0792,500.0,2024-12-02,20.0
V011320,U01428,S0659,65.0,2025-02-15,84.0
V011321,U00057,S0196,113.0,2025-02-23,11.0
V011322,U01690,S0586,500.0,2024-10-15,96.0
V011323,U01337,S0692,500.0,2024-02-28,28.0
V011324,U00919,S0258,35.0,2024-07-12,15.0
V011325,U01028,S0631,500.0,2025-02-13,26.0
V011326,U01270,S0630,500.0,2025-02-04,49.0
V011327,U00944,S0153,219.0,2024-07-11,56.0
V011328,U00401,S0880,103.0,2024-09-07,19.0
V011329,U01254,S0533,67.0,2024-07-14,60.0
V011330,U01845,S0439,500.0,2024-01-24,78.0
V011331,U00339,S0607,108.0,2024-01-11,93.0
V011332,U00792,S0497,500.0,2024-12-01,23.0
V011333,U01380,S0360,52.0,2025-01-07,95.0
V011334,U00243,S0546,500.0,2024-04-20,67.0
V011335,U00581,S0116,148.0,2024-08-30,55.0
V011336,U00293,S0271,78.0,2024-09-29,73.0
V011337,U00671,S0609,96.0,2025-01-28,25.0
V011338,U00154,S0229,91.0,2024-04-19,52.0
V011339,U01346,S0845,500.0,2024-10-08,44.0
V011340,U01763,S0342,161.0,2025-11-02,46.0
V011341,U01637,S0972,500.0,2024-12-08,37.0
V011342,U00822,S0862,143.0,2024-04-28,50.0
V011343,U00563,S0640,60.0,2025-04-07,45.0
V011344,U00393,S0268,500.0,2025-01-06,38.0
V011345,U00509,S0595,500.0,2025-05-04,38.0
V011346,U00779,S0559,160.0,2025-02-17,71.0
V011347,U01565,S0688,115.0,2024-12-21,56.0
V011348,U01093,S0604,500.0,2024-02-03,33.0
V011349,U01369,S0343,500.0,2024-11-18,90.0
V011350,U01330,S0053,500.0,2024-11-11,66.0
V011351,U01938,S0185,500.0,2024-07-25,56.0
V011352,U00301,S0972,500.0,2024-11-19,95.0
V011353,U01742,S0100,63.0,2025-01-23,29.0
V011354,U00502,S0818,500.0,2025-04-25,93.0
V011355,U00410,S0704,14.0,2024-08-15,69.0
V011356,U00872,S0222,40.0,2025-03-25,19.0
V011357,U00142,S0095,121.0,2024-12-24,11.0
V011358,U00445,S0757,500.0,2024-02-27,78.0
V011359,U00388,S0348,202.0,2025-06-03,12.0
V011360,U01098,S0114,500.0,2024-12-29,56.0
V011361,U01150,S0179,500.0,2025-05-26,85.0
V011362,U01383,S0271,500.0,2024-05-02,46.0
V011363,U01158,S0094,170.0,2024-09-12,76.0
V011364,U00651,S0521,500.0,2025-04-07,10.0
V011365,U00807,S0889,500.0,2024-12-07,73.0
V011366,U01168,S0216,195.0,2024-02-20,41.0
V011367,U01076,S0248,219.0,2024-04-19,30.0
V011368,U01616,S0199,169.0,2024-09-27,95.0
V011369,U01559,S0250,500.0,2024-12-22,51.0
V011370,U00802,S0948,92.0,2024-07-20,43.0
V011371,U00896,S0595,500.0,2024-03-31,56.0
V011372,U01690,S0743,127.0,2025-04-16,12.0
V011373,U01450,S0707,500.0,2024-11-19,95.0
V011374,U00702,S0107,220.0,2024-11-27,56.0
V011375,U01569,S0984,114.0,2025-01-23,14.0
V011376,U01171,S0363,500.0,2025-01-06,82.0
V011377,U01003,S0484,500.0,2024-04-07,96.0
V011378,U01724,S0993,500.0,2024-01-10,70.0
V011379,U00101,S0218,46.0,2024-11-18,78.0
V011380,U00129,S0743,96.0,2024-06-29,95.0
V011381,U01005,S0318,127.0,2024-12-17,27.0
V011382,U00711,S0404,500.0,2025-06-09,37.0
V011383,U00315,S0264,500.0,2024-10-07,62.0
V011384,U00438,S0481,63.0,2024-08-08,51.0
V011385,U01515,S0237,500.0,2025-06-03,82.0
V011386,U00231,S0064,44.0,2024-05-13,79.0
V011387,U00821,S0558,500.0,2024-09-14,63.0
V011388,U00588,S0316,500.0,2025-04-03,14.0
V011389,U00182,S0354,219.0,2025-06-18,55.0
V011390,U01509,S0330,123.0,2024-11-22,74.0
V011391,U01264,S0649,500.0,2024-04-03,46.0
V011392,U00689,S0816,500.0,2024-10-07,42.0
V011393,U00134,S0457,500.0,2024-04-01,27.0
V011394,U01407,S0559,131.0,2024-11-13,79.0
V011395,U01616,S0733,500.0,2025-05-17,83.0
V011396,U00186,S0850,500.0,2024-05-24,74.0
V011397,U01685,S0115,500.0,2024-11-18,44.0
V011398,U00443,S0667,171.0,2025-04-27,94.0
V011399,U01300,S0308,500.0,2024-04-11,68.0
V011400,U00367,S0474,500.0,2024-10-10,35.0
V011401,U00521,S0574,500.0,2024-02-19,51.0
V011402,U00183,S0910,174.0,2025-12-05,97.0
V011403,U00476,S0160,500.0,2024-01-28,65.0
V011404,U01068,S0044,500.0,2024-08-03,18.0
V011405,U00877,S0810,67.0,2025-01-29,20.0
V011406,U00780,S0385,500.0,2025-06-07,97.0
V011407,U01809,S0238,500.0,2025-03-07,20.0
V011408,U00296,S0361,57.0,2025-01-01,79.0
V011409,U00237,S0239,500.0,2024-01-07,49.0
V011410,U01826,S0972,113.0,2024-11-15,91.0
V011411,U00562,S0141,153.0,2024-05-10,99.0
V011412,U00968,S0259,75.0,2025-01-18,96.0
V011413,U01094,S0409,194.0,2024-11-17,78.0
V011414,U00697,S0186,137.0,2025-04-16,11.0
V011415,U00381,S0794,81.0,2024-09-21,87.0
V011416,U01862,S0460,500.0,2025-06-03,50.0
V011417,U01943,S0201,169.0,2025-02-16,30.0
V011418,U01147,S0654,32.0,2024-05-01,34.0
V011419,U00469,S0809,123.0,2025-08-05,80.0
V011420,U01245,S0982,500.0,2024-10-20,29.0
V011421,U00087,S0958,102.0,2025-03-24,44.0
V011422,U00035,S0527,500.0,2024-01-14,71.0
V011423,U01423,S0179,217.0,2024-10-24,75.0
V011424,U01621,S0207,178.0,2024-08-16,99.0
V011425,U01644,S0759,500.0,2024-07-06,84.0
V011426,U01852,S0703,500.0,2025-06-11,19.0
V011427,U01627,S0661,500.0,2024-01-05,73.0
V011428,U00647,S0013,500.0,2024-12-14,47.0
V011429,U01944,S0015,46.0,2024-12-03,83.0
V011430,U00800,S0655,34.0,2024-06-06,25.0
V011431,U01226,S0158,176.0,2024-03-11,80.0
V011432,U00259,S0920,144.0,2024-04-29,16.0
V011433,U00905,S0319,150.0,2025-04-22,93.0
V011434,U01829,S0593,500.0,2024-06-26,91.0
V011435,U01131,S0254,154.0,2025-02-22,25.0
V011436,U01965,S0901,500.0,2024-09-22,72.0
V011437,U01954,S0088,63.0,2024-12-31,75.0
V011438,U01088,S0195,500.0,2025-06-01,13.0
V011439,U00083,S0773,500.0,2024-05-26,60.0
V011440,U00551,S0839,500.0,2025-03-27,84.0
V011441,U01821,S0254,500.0,2025-01-08,53.0
V011442,U01108,S0322,211.0,2025-01-06,23.0
V011443,U00910,S0993,138.0,2024-07-21,36.0
V011444,U01135,S0232,500.0,2024-10-17,92.0
V011445,U01326,S0939,125.0,2024-04-24,72.0
V011446,U01618,S0793,500.0,2024-10-30,44.0
V011447,U01133,S0329,500.0,2025-11-05,99.0
V011448,U00821,S0119,500.0,2024-08-19,31.0
V011449,U00083,S0261,143.0,2025-01-26,19.0
V011450,U01713,S0343,500.0,2024-09-12,25.0
V011451,U00946,S0255,500.0,2025-04-25,66.0
V011452,U01186,S0588,143.0,2024-02-01,87.0
V011453,U00146,S0982,17.0,2024-03-26,27.0
V011454,U01025,S0212,199.0,2025-04-15,78.0
V011455,U01043,S0746,500.0,2024-06-08,60.0
V011456,U01286,S0951,189.0,2024-12-10,59.0
V011457,U00033,S0820,68.0,2025-03-26,82.0
V011458,U00367,S0784,500.0,2025-04-21,63.0
V011459,U00551,S0713,500.0,2024-08-06,56.0
V011460,U00199,S0416,172.0,2024-05-30,69.0
V011461,U00784,S0762,500.0,2025-03-07,50.0
V011462,U00062,S0720,174.0,2025-05-13,56.0
V011463,U00178,S0330,174.0,2025-09-02,84.0
V011464,U00276,S0181,500.0,2025-06-05,79.0
V011465,U01230,S0257,500.0,2025-05-07,54.0
V011466,U00101,S0368,500.0,2025-03-05,46.0
V011467,U01064,S0758,219.0,2024-05-02,70.0
V011468,U01783,S0582,500.0,2024-08-11,33.0
V011469,U00051,S0829,500.0,2024-04-18,63.0
V011470,U00421,S0897,110.0,2024-09-04,16.0
V011471,U01662,S0794,219.0,2024-03-20,23.0
V011472,U01656,S0335,500.0,2024-02-29,59.0
V011473,U00077,S0903,21.0,2025-04-15,94.0
V011474,U01555,S0922,500.0,2025-05-28,81.0
V011475,U00141,S0496,220.0,2024-03-22,58.0
V011476,U01495,S0121,75.0,2025-08-06,34.0
V011477,U01904,S0052,89.0,2024-02-01,81.0
V011478,U00400,S0635,112.0,2024-12-17,26.0
V011479,U01094,S0888,500.0,2024-11-05,35.0
V011480,U00755,S0146,148.0,2025-01-15,44.0
V011481,U00523,S0549,25.0,2024-03-04,27.0
V011482,U01126,S0326,500.0,2025-05-14,33.0
V011483,U00618,S0498,500.0,2025-04-22,45.0
V011484,U01382,S0500,122.0,2024-07-16,30.0
V011485,U00296,S0020,146.0,2024-04-13,12.0
V011486,U00878,S0924,52.0,2024-02-11,37.0
V011487,U00481,S0320,500.0,2024-10-11,43.0
V011488,U01372,S0430,500.0,2024-11-07,63.0
V011489,U01760,S0639,500.0,2025-04-15,41.0
V011490,U00501,S0377,189.0,2025-03-18,62.0
V011491,U00660,S0434,31.0,2024-02-17,59.0
V011492,U00578,S0169,500.0,2024-01-03,23.0
V011493,U00661,S0571,56.0,2025-06-13,12.0
V011494,U01182,S0005,500.0,2025-02-06,57.0
V011495,U01895,S0234,500.0,2024-09-09,26.0
V011496,U00102,S0682,35.0,2024-07-04,56.0
V011497,U01426,S0608,79.0,2025-04-04,40.0
V011498,U01566,S0351,500.0,2025-02-20,82.0
V011499,U01108,S0436,500.0,2025-05-31,30.0
V011500,U00835,S0156,19.0,2024-07-19,84.0
V011501,U01054,S0430,64.0,2024-11-06,10.0
V011502,U01052,S0258,500.0,2024-11-20,14.0
V011503,U00899,S0359,114.0,2025-05-22,91.0
V011504,U01054,S0025,219.0,2025-01-30,71.0
V011505,U01762,S0343,500.0,2024-06-12,75.0
V011506,U00125,S0688,500.0,2025-06-10,28.0
V011507,U00434,S0498,500.0,2024-01-29,23.0
V011508,U01825,S0538,170.0,2024-07-14,84.0
V011509,U00909,S0166,500.0,2024-06-23,70.0
V011510,U01732,S0744,500.0,2024-12-08,70.0
V011511,U00467,S0855,83.0,2025-01-15,50.0
V011512,U01909,S0439,500.0,2024-05-30,76.0
V011513,U01378,S0685,122.0,2025-03-12,82.0
V011514,U01100,S0609,500.0,2024-08-10,35.0
V011515,U00781,S0762,500.0,2024-01-27,43.0
V011516,U00483,S0527,126.0,2025-03-14,58.0
V011517,U01270,S0342,500.0,2025-03-04,37.0
V011518,U01923,S0685,58.0,2024-01-08,56.0
V011519,U01093,S0430,41.0,2024-07-20,12.0
V011520,U01252,S0534,500.0,2025-04-24,16.0
V011521,U01994,S0148,76.0,2024-12-08,34.0
V011522,U00061,S0618,148.0,2025-12-05,45.0
V011523,U01190,S0660,95.0,2024-02-26,31.0
V011524,U00324,S0324,106.0,2025-09-01,99.0
V011525,U00060,S0388,141.0,2024-10-24,97.0
V011526,U00293,S0440,500.0,2024-06-13,49.0
V011527,U01034,S0870,114.0,2024-10-26,95.0
V011528,U01674,S0703,500.0,2024-03-28,23.0
V011529,U00291,S0572,500.0,2024-02-04,60.0
V011530,U01758,S0433,500.0,2024-12-14,90.0
V011531,U00756,S0887,219.0,2024-05-26,72.0
V011532,U00459,S0885,166.0,2024-06-04,63.0
V011533,U01099,S0756,500.0,2025-03-13,40.0
V011534,U00404,S0365,500.0,2024-10-18,24.0
V011535,U01276,S0306,142.0,2024-04-08,49.0
V011536,U01212,S0073,500.0,2025-02-14,54.0
V011537,U00734,S0430,500.0,2025-05-17,30.0
V011538,U00217,S0750,179.0,2025-03-20,79.0
V011539,U00673,S0332,46.0,2024-07-14,18.0
V011540,U01132,S0985,500.0,2024-09-11,68.0
V011541,U01226,S0042,500.0,2024-02-11,56.0
V011542,U00115,S0770,500.0,2024-05-23,71.0
V011543,U01796,S0354,500.0,2024-11-02,47.0
V011544,U01424,S0112,500.0,2024-11-03,64.0
V011545,U01818,S0126,6.0,2024-03-22,12.0
V011546,U01507,S0554,31.0,2024-03-23,53.0
V011547,U01671,S0376,500.0,2024-09-18,30.0
V011548,U01086,S0981,500.0,2024-07-18,72.0
V011549,U00258,S0526,500.0,2024-06-16,50.0
V011550,U01072,S0490,500.0,2025-04-21,76.0
V011551,U01136,S0855,121.0,2025-02-25,56.0
V011552,U00193,S0680,500.0,2024-04-28,52.0
V011553,U01696,S0788,500.0,2024-11-22,33.0
V011554,U00199,S0938,500.0,2024-04-06,28.0
V011555,U01068,S0998,211.0,2024-07-27,99.0
V011556,U00388,S0300,80.0,2025-06-15,37.0
V011557,U00241,S0846,500.0,2025-04-05,39.0
V011558,U00172,S0471,500.0,2025-02-24,71.0
V011559,U01067,S0783,60.0,2024-08-22,96.0
V011560,U00098,S0108,12.0,2025-02-25,35.0
V011561,U01088,S0382,54.0,2024-12-28,98.0
V011562,U01722,S0689,54.0,2024-06-01,87.0
V011563,U00011,S0492,162.0,2024-07-15,98.0
V011564,U01089,S0156,500.0,2025-05-19,38.0
V011565,U01272,S0859,500.0,2024-07-22,83.0
V011566,U01369,S0594,40.0,2025-05-30,57.0
V011567,U01262,S0363,56.0,2024-05-29,15.0
V011568,U01687,S0939,17.0,2024-01-26,33.0
V011569,U00767,S0417,90.0,2024-01-23,89.0
V011570,U00712,S0916,500.0,2025-04-27,53.0
V011571,U00869,S0930,86.0,2024-03-16,22.0
V011572,U00503,S0075,500.0,2024-06-22,34.0
V011573,U01488,S0749,500.0,2024-10-15,19.0
V011574,U00667,S0982,75.0,2024-11-14,14.0
V011575,U01384,S0298,85.0,2025-04-18,17.0
V011576,U00119,S0280,86.0,2025-03-03,91.0
V011577,U01954,S0101,26.0,2025-05-13,55.0
V011578,U00195,S0357,500.0,2024-06-23,69.0
V011579,U00398,S0126,29.0,2024-02-26,56.0
V011580,U00275,S0768,8.0,2025-04-16,15.0
V011581,U01324,S0836,500.0,2025-06-08,36.0
V011582,U01520,S0922,500.0,2025-03-14,35.0
V011583,U01656,S0801,500.0,2024-09-27,89.0
V011584,U01934,S0657,500.0,2024-02-09,56.0
V011585,U01649,S0118,20.0,2025-02-24,68.0
V011586,U00387,S0848,125.0,2024-03-21,25.0
V011587,U01708,S0347,76.0,2025-04-03,16.0
V011588,U00074,S0603,500.0,2025-02-07,37.0
V011589,U00659,S0865,500.0,2024-11-15,93.0
V011590,U00666,S0795,145.0,2024-03-03,40.0
V011591,U01296,S0863,500.0,2025-06-17,56.0
V011592,U01482,S0554,102.0,2024-02-16,99.0
V011593,U01287,S0223,500.0,2024-04-07,56.0
V011594,U00374,S0418,193.0,2025-01-09,60.0
V011595,U00557,S0665,219.0,2024-04-10,75.0
V011596,U00945,S0971,138.0,2024-06-04,72.0
V011597,U01104,S0665,500.0,2025-05-04,15.0
V011598,U01349,S0025,500.0,2024-04-11,86.0
V011599,U00464,S0453,140.0,2024-05-25,51.0
V011600,U01496,S0912,500.0,2025-06-14,33.0
V011601,U00701,S0387,219.0,2024-07-31,44.0
V011602,U01496,S0760,124.0,2024-05-28,46.0
V011603,U00013,S0952,112.0,2024-09-02,98.0
V011604,U00296,S0288,13.0,2024-10-19,11.0
V011605,U01737,S0079,500.0,2025-03-21,50.0
V011606,U01102,S0035,500.0,2025-05-20,35.0
V011607,U01178,S0963,118.0,2025-01-19,12.0
V011608,U01320,S0727,78.0,2024-11-11,33.0
V011609,U00704,S0271,500.0,2025-02-22,87.0
V011610,U01657,S0979,500.0,2024-07-07,68.0
V011611,U00866,S0266,76.0,2024-09-14,77.0
V011612,U01169,S0115,500.0,2024-09-19,99.0
V011613,U01411,S0660,500.0,2024-08-20,49.0
V011614,U00579,S0305,500.0,2024-04-24,23.0
V011615,U00624,S0528,500.0,2024-10-14,32.0
V011616,U01463,S0175,168.0,2024-02-26,25.0
V011617,U00946,S0186,500.0,2025-06-07,46.0
V011618,U00274,S0801,500.0,2024-05-14,43.0
V011619,U01285,S0618,500.0,2024-11-10,30.0
V011620,U01709,S0585,500.0,2024-07-22,86.0
V011621,U00012,S0502,53.0,2024-01-16,93.0
V011622,U00316,S0462,86.0,2024-01-13,14.0
V011623,U01886,S0079,500.0,2025-05-13,71.0
V011624,U00360,S0447,133.0,2024-11-09,39.0
V011625,U00635,S0575,79.0,2024-02-14,55.0
V011626,U01543,S0780,63.0,2024-09-13,52.0
V011627,U01483,S0234,500.0,2024-06-23,91.0
V011628,U00051,S0326,500.0,2024-04-06,47.0
V011629,U01217,S0752,500.0,2025-05-31,80.0
V011630,U00701,S0180,500.0,2024-05-05,40.0
V011631,U00172,S0391,500.0,2024-10-22,56.0
V011632,U01613,S0854,141.0,2024-10-25,92.0
V011633,U00961,S0932,81.0,2024-07-27,49.0
V011634,U00200,S0927,31.0,2024-04-13,17.0
V011635,U00778,S0862,500.0,2025-12-03,96.0
V011636,U00100,S0540,127.0,2024-10-09,55.0
V011637,U00824,S0326,500.0,2025-01-05,53.0
V011638,U00771,S0732,45.0,2025-01-04,19.0
V011639,U01884,S0890,12.0,2024-08-02,94.0
V011640,U01197,S0049,500.0,2024-05-14,76.0
V011641,U00488,S0961,500.0,2025-08-05,80.0
V011642,U00888,S0771,500.0,2024-01-24,10.0
V011643,U01946,S0231,104.0,2025-02-07,49.0
V011644,U00691,S0186,500.0,2024-03-04,78.0
V011645,U01928,S0550,173.0,2024-11-18,99.0
V011646,U00826,S0451,188.0,2025-03-02,89.0
V011647,U01882,S0256,500.0,2024-01-23,75.0
V011648,U00711,S0294,118.0,2024-04-23,19.0
V011649,U00136,S0389,500.0,2025-01-24,27.0
V011650,U00054,S0071,160.0,2025-11-02,48.0
V011651,U01041,S0697,106.0,2024-08-01,32.0
V011652,U01332,S0206,167.0,2025-03-23,13.0
V011653,U00724,S0746,73.0,2024-05-28,41.0
V011654,U01010,S0211,82.0,2025-03-17,90.0
V011655,U01419,S0547,500.0,2024-11-03,29.0
V011656,U00572,S0365,500.0,2024-02-02,76.0
V011657,U01269,S0887,156.0,2024-08-14,14.0
V011658,U00885,S0524,106.0,2024-06-13,24.0
V011659,U00874,S0065,164.0,2024-03-20,85.0
V011660,U01148,S0342,199.0,2025-03-26,56.0
V011661,U00486,S0716,83.0,2024-11-02,19.0
V011662,U01180,S0580,500.0,2024-08-02,28.0
V011663,U00607,S0612,165.0,2024-09-21,70.0
V011664,U00814,S0325,43.0,2024-11-24,68.0
V011665,U00765,S0509,500.0,2024-11-26,93.0
V011666,U00134,S0261,500.0,2025-04-26,32.0
V011667,U01072,S0632,78.0,2024-01-13,40.0
V011668,U00538,S0312,184.0,2025-01-07,60.0
V011669,U01855,S0798,67.0,2025-01-02,36.0
V011670,U00187,S0661,500.0,2024-09-22,37.0
V011671,U01402,S0155,111.0,2024-10-09,23.0
V011672,U01515,S0263,500.0,2024-06-23,85.0
V011673,U00854,S0710,500.0,2024-03-14,68.0
V011674,U00510,S0979,500.0,2024-04-29,58.0
V011675,U01165,S0942,78.0,2024-11-27,26.0
V011676,U01065,S0874,117.0,2025-03-16,22.0
V011677,U00991,S0848,47.0,2025-01-27,46.0
V011678,U01660,S0181,24.0,2025-03-27,80.0
V011679,U00271,S0452,500.0,2024-03-08,89.0
V011680,U00162,S0588,500.0,2024-08-01,79.0
V011681,U00903,S0254,500.0,2024-06-19,56.0
V011682,U01552,S0453,112.0,2025-05-31,37.0
V011683,U01439,S0869,159.0,2024-06-02,60.0
V011684,U00988,S0721,160.0,2024-08-29,86.0
V011685,U01797,S0419,500.0,2024-11-07,58.0
V011686,U01498,S0009,500.0,2024-02-27,65.0
V011687,U00823,S0084,500.0,2024-04-19,41.0
V011688,U01238,S0929,179.0,2024-06-10,86.0
V011689,U01940,S0362,500.0,2024-11-13,41.0
V011690,U01643,S0481,169.0,2024-05-15,37.0
V011691,U01075,S0758,500.0,2024-10-30,75.0
V011692,U00706,S0233,101.0,2024-11-27,37.0
V011693,U01466,S0745,219.0,2025-03-23,13.0
V011694,U01415,S0853,52.0,2024-03-10,93.0
V011695,U00830,S0339,207.0,2024-11-10,98.0
V011696,U00964,S0861,96.0,2025-04-16,17.0
V011697,U01638,S0926,500.0,2025-12-01,11.0
V011698,U00282,S0264,500.0,2025-01-26,24.0
V011699,U00401,S0882,216.0,2024-03-25,88.0
V011700,U01358,S0974,500.0,2024-03-22,90.0
V011701,U00832,S0137,219.0,2024-10-13,22.0
V011702,U01505,S0267,500.0,2024-11-23,39.0
V011703,U00451,S0236,219.0,2025-02-20,70.0
V011704,U00764,S0944,500.0,2024-05-30,39.0
V011705,U01053,S0379,176.0,2024-03-08,20.0
V011706,U01986,S0247,500.0,2025-06-11,12.0
V011707,U01210,S0732,500.0,2024-09-10,27.0
V011708,U00079,S0875,500.0,2024-09-25,49.0
V011709,U00665,S0887,500.0,2024-04-28,61.0
V011710,U01291,S0001,500.0,2025-04-26,32.0
V011711,U01107,S0825,152.0,2024-08-31,58.0
V011712,U01020,S0520,500.0,2024-10-28,25.0
V011713,U01298,S0979,500.0,2025-03-08,86.0
V011714,U01092,S0384,500.0,2024-08-24,14.0
V011715,U00791,S0793,80.0,2024-07-05,78.0
V011716,U01837,S0193,160.0,2025-01-15,27.0
V011717,U00981,S0980,58.0,2024-05-13,36.0
V011718,U00704,S0557,163.0,2024-11-18,68.0
V011719,U00163,S0503,152.0,2024-01-04,68.0
V011720,U01972,S0434,500.0,2024-06-04,29.0
V011721,U01104,S0977,500.0,2025-09-05,42.0
V011722,U01072,S0798,500.0,2025-05-12,98.0
V011723,U00009,S0626,500.0,2025-03-30,97.0
V011724,U01787,S0774,500.0,2024-05-02,90.0
V011725,U00672,S0861,500.0,2025-02-21,59.0
V011726,U00844,S0816,500.0,2025-03-01,21.0
V011727,U00505,S0645,500.0,2024-03-29,24.0
V011728,U01148,S0239,140.0,2024-12-19,56.0
V011729,U00250,S0658,185.0,2024-04-22,56.0
V011730,U01087,S0781,140.0,2024-10-04,60.0
V011731,U01956,S0057,172.0,2025-03-25,54.0
V011732,U01314,S0995,500.0,2025-04-06,51.0
V011733,U01258,S0046,500.0,2024-06-05,82.0
V011734,U01513,S0014,500.0,2024-02-10,29.0
V011735,U01415,S0606,172.0,2024-10-11,82.0
V011736,U00503,S0704,500.0,2025-05-02,74.0
V011737,U01952,S0344,500.0,2024-03-23,43.0
V011738,U00969,S0167,142.0,2025-02-26,48.0
V011739,U00814,S0965,500.0,2024-04-24,63.0
V011740,U00126,S0467,112.0,2024-10-01,69.0
V011741,U01868,S0478,109.0,2025-07-03,82.0
V011742,U00626,S0620,15.0,2025-10-06,13.0
V011743,U00354,S0595,500.0,2024-05-17,96.0
V011744,U01689,S0495,219.0,2024-10-01,28.0
V011745,U01322,S0288,500.0,2024-04-28,89.0
V011746,U01762,S0404,219.0,2024-03-28,70.0
V011747,U01330,S0789,206.0,2024-04-24,99.0
V011748,U01012,S0933,78.0,2024-03-09,46.0
V011749,U01108,S0917,164.0,2025-09-01,89.0
V011750,U01016,S0374,500.0,2024-04-17,79.0
V011751,U01236,S0395,500.0,2024-01-10,75.0
V011752,U00446,S0936,500.0,2025-05-18,45.0
V011753,U01016,S0314,500.0,2024-10-17,94.0
V011754,U00132,S0593,156.0,2025-08-01,18.0
V011755,U00237,S0323,44.0,2024-10-19,72.0
V011756,U00979,S0503,500.0,2024-03-29,25.0
V011757,U01735,S0044,500.0,2024-03-25,99.0
V011758,U00354,S0311,500.0,2024-10-12,56.0
V011759,U00775,S0254,111.0,2024-12-29,45.0
V011760,U01263,S0586,500.0,2024-03-17,82.0
V011761,U01497,S0972,500.0,2024-03-11,72.0
V011762,U01094,S0086,157.0,2024-01-23,47.0
V011763,U01874,S0683,190.0,2025-06-02,91.0
V011764,U00255,S0201,110.0,2024-03-22,96.0
V011765,U01084,S0375,176.0,2025-01-29,22.0
V011766,U00643,S0457,500.0,2024-06-20,82.0
V011767,U00788,S0489,74.0,2024-03-25,85.0
V011768,U01441,S0821,500.0,2025-06-23,55.0
V011769,U01315,S0110,61.0,2025-12-03,23.0
V011770,U01846,S0413,500.0,2025-06-13,21.0
V011771,U01996,S0553,216.0,2024-05-22,51.0
V011772,U00081,S0299,500.0,2024-06-09,70.0
V011773,U01558,S0519,60.0,2024-09-04,97.0
V011774,U01748,S0157,5.0,2024-07-30,72.0
V011775,U01491,S0634,22.0,2025-06-06,15.0
V011776,U00379,S0249,152.0,2025-07-04,35.0
V011777,U01664,S0226,82.0,2024-07-07,96.0
V011778,U00689,S0221,219.0,2024-03-20,60.0
V011779,U00733,S0528,500.0,2024-11-30,41.0
V011780,U01857,S0342,93.0,2024-07-27,56.0
V011781,U00033,S0455,500.0,2024-11-14,58.0
V011782,U01723,S0096,35.0,2024-12-07,29.0
V011783,U00192,S0891,500.0,2024-07-10,48.0
V011784,U00404,S0215,141.0,2024-08-22,24.0
V011785,U00133,S0446,37.0,2025-05-10,26.0
V011786,U01750,S0629,174.0,2024-04-27,39.0
V011787,U00379,S0134,128.0,2024-05-02,59.0
V011788,U01586,S0953,164.0,2024-03-21,96.0
V011789,U00027,S0142,58.0,2024-06-30,17.0
V011790,U00145,S0705,201.0,2024-09-28,27.0
V011791,U01639,S0864,500.0,2025-04-13,52.0
V011792,U00930,S0870,500.0,2024-03-15,59.0
V011793,U00630,S0240,500.0,2025-02-28,13.0
V011794,U00064,S0466,155.0,2024-07-11,54.0
V011795,U00020,S0335,91.0,2024-12-25,77.0
V011796,U00534,S0419,500.0,2024-10-12,46.0
V011797,U00722,S0974,85.0,2024-05-12,19.0
V011798,U00261,S0182,500.0,2024-08-22,18.0
V011799,U00040,S0807,500.0,2024-01-30,83.0
V011800,U00445,S0733,182.0,2024-05-28,24.0
V011801,U01438,S0999,500.0,2024-02-13,43.0
V011802,U01507,S0915,219.0,2024-11-28,59.0
V011803,U00100,S0961,500.0,2024-04-04,77.0
V011804,U00040,S0271,139.0,2024-04-25,71.0
V011805,U01757,S0631,17.0,2025-04-19,44.0
V011806,U00215,S0803,500.0,2025-02-24,42.0
V011807,U01767,S0845,500.0,2024-12-27,67.0
V011808,U01687,S0769,62.0,2024-10-13,40.0
V011809,U00277,S0420,500.0,2025-06-12,39.0
V011810,U00649,S0622,14.0,2025-05-05,30.0
V011811,U00258,S0593,164.0,2024-12-09,100.0
V011812,U01741,S0218,219.0,2024-04-13,73.0
V011813,U00617,S0112,500.0,2024-12-18,57.0
V011814,U00901,S0979,210.0,2025-04-29,51.0
V011815,U01046,S0406,28.0,2024-03-06,47.0
V011816,U00021,S0688,500.0,2024-07-20,32.0
V011817,U01546,S0810,220.0,2024-10-09,86.0
V011818,U00322,S0719,157.0,2024-03-20,45.0
V011819,U01958,S0426,165.0,2025-03-02,56.0
V011820,U01650,S0458,86.0,2025-04-18,58.0
V011821,U01149,S0203,164.0,2025-10-01,59.0
V011822,U01976,S0147,107.0,2025-05-05,46.0
V011823,U00042,S0461,44.0,2024-08-22,14.0
V011824,U00971,S0949,64.0,2025-01-04,82.0
V011825,U01060,S0515,200.0,2024-04-09,20.0
V011826,U00227,S0816,500.0,2024-12-13,26.0
V011827,U01013,S0841,500.0,2024-05-06,56.0
V011828,U00943,S0193,500.0,2025-05-05,46.0
V011829,U01372,S0169,500.0,2024-05-13,27.0
V011830,U00527,S0928,500.0,2024-06-19,64.0
V011831,U00533,S0098,145.0,2024-09-21,46.0
V011832,U01722,S0288,500.0,2024-05-04,65.0
V011833,U00578,S0318,12.0,2024-06-17,82.0
V011834,U01127,S0033,500.0,2024-07-15,29.0
V011835,U01724,S0461,215.0,2025-02-28,43.0
V011836,U01178,S0089,219.0,2025-06-17,79.0
V011837,U01543,S0860,128.0,2024-01-12,69.0
V011838,U00519,S0205,119.0,2024-07-30,46.0
V011839,U01333,S0719,500.0,2024-10-21,45.0
V011840,U01595,S0518,500.0,2025-04-03,45.0
V011841,U01019,S0445,139.0,2024-12-25,98.0
V011842,U01257,S0317,500.0,2025-11-01,74.0
V011843,U01959,S0213,186.0,2024-03-19,21.0
V011844,U00159,S0696,500.0,2024-05-02,57.0
V011845,U01757,S0417,196.0,2025-01-20,34.0
V011846,U01296,S0474,125.0,2024-07-28,69.0
V011847,U01375,S0722,139.0,2025-03-29,68.0
V011848,U00502,S0457,18.0,2024-09-18,20.0
V011849,U00134,S0684,112.0,2024-08-20,54.0
V011850,U01217,S0029,500.0,2024-06-05,92.0
V011851,U00095,S0722,73.0,2024-10-04,54.0
V011852,U00972,S0021,214.0,2024-01-18,55.0
V011853,U01561,S0293,129.0,2024-12-02,86.0
V011854,U00796,S0219,71.0,2025-05-20,10.0
V011855,U00810,S0338,500.0,2025-03-30,75.0
V011856,U01452,S0470,34.0,2024-08-11,97.0
V011857,U01404,S0179,500.0,2024-10-17,25.0
V011858,U00802,S0613,77.0,2025-01-27,11.0
V011859,U01871,S0297,207.0,2024-06-16,15.0
V011860,U01708,S0994,500.0,2024-01-04,82.0
V011861,U01641,S0745,500.0,2025-08-02,56.0
V011862,U00757,S0730,102.0,2024-09-10,57.0
V011863,U01538,S0350,500.0,2025-01-15,43.0
V011864,U01520,S0788,18.0,2024-12-06,26.0
V011865,U00677,S0653,96.0,2024-09-21,81.0
V011866,U00803,S0174,217.0,2024-05-11,76.0
V011867,U01350,S0938,150.0,2025-05-20,78.0
V011868,U00971,S0911,120.0,2024-07-25,87.0
V011869,U00749,S0655,190.0,2025-01-11,30.0
V011870,U01052,S0821,500.0,2025-04-19,73.0
V011871,U01248,S0047,71.0,2024-10-10,67.0
V011872,U00767,S0572,152.0,2024-09-13,23.0
V011873,U01454,S0758,500.0,2025-05-23,59.0
V011874,U00733,S0425,500.0,2024-08-12,67.0
V011875,U01304,S0918,86.0,2024-10-18,57.0
V011876,U00298,S0856,163.0,2024-10-07,34.0
V011877,U01984,S0736,500.0,2024-06-25,34.0
V011878,U01795,S0371,44.0,2025-05-13,58.0
V011879,U00219,S0418,500.0,2025-03-17,66.0
V011880,U00084,S0165,5.0,2024-02-04,84.0
V011881,U00133,S0492,500.0,2024-01-19,44.0
V011882,U01746,S0496,93.0,2025-01-27,36.0
V011883,U00337,S0765,220.0,2024-03-31,31.0
V011884,U00400,S0910,500.0,2024-11-07,53.0
V011885,U00728,S0635,500.0,2024-07-12,88.0
V011886,U01416,S0197,500.0,2025-03-28,47.0
V011887,U00990,S0668,500.0,2024-03-24,10.0
V011888,U00911,S0986,500.0,2024-12-18,92.0
V011889,U01436,S0365,219.0,2024-04-09,81.0
V011890,U01945,S0670,500.0,2024-04-26,38.0
V011891,U01676,S0117,28.0,2024-03-22,52.0
V011892,U00332,S0940,500.0,2024-11-20,56.0
V011893,U01926,S0708,141.0,2024-10-05,64.0
V011894,U00605,S0881,500.0,2024-07-30,18.0
V011895,U00873,S0703,209.0,2025-11-04,40.0
V011896,U00418,S0176,53.0,2024-05-19,32.0
V011897,U01370,S0608,500.0,2024-02-02,63.0
V011898,U01598,S0612,500.0,2025-02-07,22.0
V011899,U01485,S0440,165.0,2024-11-08,63.0
V011900,U01251,S0062,215.0,2024-10-24,14.0
V011901,U01942,S0059,198.0,2024-06-20,30.0
V011902,U00866,S0355,500.0,2024-11-05,45.0
V011903,U00435,S0342,111.0,2024-12-26,15.0
V011904,U01256,S0085,97.0,2025-04-26,54.0
V011905,U01935,S0093,500.0,2024-10-13,22.0
V011906,U00411,S0716,162.0,2024-08-16,67.0
V011907,U01000,S0305,53.0,2024-09-03,49.0
V011908,U01478,S0146,92.0,2025-04-16,90.0
V011909,U01859,S0148,59.0,2025-02-20,73.0
V011910,U01680,S0751,500.0,2024-04-21,74.0
V011911,U00056,S0710,201.0,2024-12-25,41.0
V011912,U00202,S0910,166.0,2024-11-04,26.0
V011913,U00905,S0073,202.0,2024-05-17,49.0
V011914,U01684,S0386,500.0,2025-06-07,43.0
V011915,U01021,S0917,187.0,2024-11-06,31.0
V011916,U00685,S0519,500.0,2024-01-31,83.0
V011917,U00687,S0417,500.0,2025-01-25,88.0
V011918,U01229,S0163,500.0,2024-08-28,86.0
V011919,U00388,S0211,500.0,2025-02-28,48.0
V011920,U01800,S0660,500.0,2024-05-05,40.0
V011921,U00906,S0944,48.0,2024-05-31,98.0
V011922,U00849,S0578,500.0,2025-05-05,12.0
V011923,U01060,S0457,118.0,2024-06-28,54.0
V011924,U01784,S0035,500.0,2025-02-06,15.0
V011925,U01985,S0084,34.0,2024-05-30,31.0
V011926,U00348,S0034,85.0,2024-11-04,56.0
V011927,U00679,S0314,38.0,2024-02-26,44.0
V011928,U01951,S0559,500.0,2025-03-30,76.0
V011929,U01019,S0192,104.0,2024-05-14,79.0
V011930,U00685,S0679,500.0,2024-09-15,11.0
V011931,U00223,S0382,500.0,2025-10-03,69.0
V011932,U01319,S0511,105.0,2024-11-06,70.0
V011933,U01086,S0569,15.0,2024-02-13,100.0
V011934,U01431,S0316,500.0,2024-07-15,56.0
V011935,U01598,S0643,91.0,2024-08-25,78.0
V011936,U00039,S0574,500.0,2024-12-01,95.0
V011937,U01829,S0589,500.0,2025-01-22,44.0
V011938,U01881,S0249,500.0,2025-04-13,30.0
V011939,U01637,S0862,140.0,2024-06-12,52.0
V011940,U01060,S0418,500.0,2025-04-18,47.0
V011941,U01697,S0899,78.0,2025-05-27,17.0
V011942,U01125,S0944,500.0,2025-03-31,27.0
V011943,U00835,S0567,119.0,2024-01-04,22.0
V011944,U00121,S0891,161.0,2024-04-10,27.0
V011945,U00585,S0373,131.0,2024-05-17,29.0
V011946,U00601,S0481,500.0,2024-03-28,82.0
V011947,U01307,S0959,500.0,2025-06-04,67.0
V011948,U01721,S0108,500.0,2024-03-11,10.0
V011949,U01156,S0357,212.0,2024-01-04,22.0
V011950,U01730,S0887,500.0,2025-03-07,60.0
V011951,U01216,S0558,43.0,2024-08-27,56.0
V011952,U01931,S0402,500.0,2025-03-21,83.0
V011953,U00959,S0167,500.0,2024-05-15,15.0
V011954,U01597,S0978,160.0,2025-05-23,56.0
V011955,U01169,S0174,138.0,2024-06-07,11.0
V011956,U01243,S0587,500.0,2025-04-26,71.0
V011957,U01367,S0865,97.0,2024-02-25,61.0
V011958,U00517,S0647,500.0,2024-06-27,99.0
V011959,U01625,S0612,28.0,2024-03-28,12.0
V011960,U01679,S0014,500.0,2025-05-18,14.0
V011961,U00033,S0538,100.0,2024-02-14,98.0
V011962,U01204,S0811,87.0,2025-03-25,31.0
V011963,U01744,S0159,103.0,2024-06-04,57.0
V011964,U01342,S0367,500.0,2024-01-03,96.0
V011965,U01860,S0768,170.0,2024-03-24,13.0
V011966,U01646,S0242,40.0,2025-02-18,22.0
V011967,U00320,S0323,86.0,2025-01-03,73.0
V011968,U00481,S0315,184.0,2024-05-20,79.0
V011969,U00522,S0224,500.0,2024-03-17,53.0
V011970,U01497,S0516,500.0,2025-01-20,19.0
V011971,U01378,S0644,500.0,2025-01-26,34.0
V011972,U01399,S0978,500.0,2024-10-05,67.0
V011973,U01843,S0374,219.0,2025-01-20,21.0
V011974,U00056,S0609,217.0,2024-01-04,13.0
V011975,U00650,S0463,500.0,2024-01-12,40.0
V011976,U01620,S0005,500.0,2024-08-22,19.0
V011977,U00924,S0981,500.0,2024-06-23,16.0
V011978,U00120,S0018,21.0,2025-06-17,54.0
V011979,U00940,S0073,500.0,2024-12-27,56.0
V011980,U01861,S0983,500.0,2025-03-02,10.0
V011981,U01048,S0865,500.0,2024-07-29,96.0
V011982,U01947,S0020,162.0,2024-03-24,84.0
V011983,U00269,S0687,56.0,2025-03-21,59.0
V011984,U01310,S0581,207.0,2024-12-28,89.0
V011985,U00326,S0022,219.0,2025-06-23,96.0
V011986,U01420,S0460,500.0,2024-08-29,87.0
V011987,U00905,S0235,21.0,2025-02-01,38.0
V011988,U01764,S0781,165.0,2024-04-09,32.0
V011989,U00801,S0366,101.0,2024-07-02,79.0
V011990,U01961,S0873,500.0,2024-02-10,21.0
V011991,U00432,S0111,500.0,2025-06-08,97.0
V011992,U00513,S0137,500.0,2025-05-27,74.0
V011993,U00870,S0553,105.0,2024-01-06,88.0
V011994,U00118,S0216,500.0,2024-04-20,61.0
V011995,U00451,S0647,500.0,2025-02-28,92.0
V011996,U00972,S0540,210.0,2024-01-26,15.0
V011997,U01443,S0911,11.0,2025-06-18,75.0
V011998,U01161,S0637,500.0,2025-11-06,22.0
V011999,U01367,S0174,193.0,2025-01-10,52.0
V012000,U00895,S0983,500.0,2024-01-22,85.0
V012001,U00739,S0885,500.0,2025-01-30,36.0
V012002,U01466,S0890,500.0,2025-01-17,37.0
V012003,U01893,S0353,219.0,2024-06-04,50.0
V012004,U00308,S0552,500.0,2024-04-20,83.0
V012005,U00514,S0939,500.0,2025-10-02,52.0
V012006,U00554,S0594,199.0,2025-02-23,57.0
V012007,U01398,S0045,500.0,2024-05-05,97.0
V012008,U00514,S0532,500.0,2024-12-06,84.0
V012009,U01213,S0700,72.0,2024-12-13,35.0
V012010,U00749,S0312,500.0,2024-10-27,17.0
V012011,U01076,S0086,500.0,2025-05-27,14.0
V012012,U01083,S0276,500.0,2024-12-02,35.0
V012013,U01281,S0743,500.0,2024-04-20,76.0
V012014,U00002,S0638,167.0,2024-06-20,15.0
V012015,U01236,S0294,500.0,2025-04-24,20.0
V012016,U01361,S0689,500.0,2025-04-27,71.0
V012017,U01881,S0554,500.0,2024-11-16,56.0
V012018,U01403,S0423,500.0,2024-01-22,65.0
V012019,U00267,S0648,500.0,2024-09-26,23.0
V012020,U01694,S0830,57.0,2024-03-20,85.0
V012021,U01692,S0749,500.0,2024-01-16,79.0
V012022,U00592,S0072,211.0,2025-04-11,65.0
V012023,U01722,S0800,185.0,2025-02-21,36.0
V012024,U00148,S0126,500.0,2024-11-24,40.0
V012025,U00582,S0893,500.0,2024-10-04,87.0
V012026,U00411,S0318,500.0,2024-04-06,47.0
V012027,U01569,S0274,219.0,2024-07-13,43.0
V012028,U01354,S0042,500.0,2024-04-11,31.0
V012029,U00949,S0908,76.0,2024-06-15,29.0
V012030,U00229,S0326,73.0,2024-11-10,56.0
V012031,U00749,S0114,20.0,2024-06-23,94.0
V012032,U01157,S0568,188.0,2024-05-02,54.0
V012033,U01366,S0114,171.0,2024-02-08,24.0
V012034,U01471,S0011,130.0,2024-08-27,56.0
V012035,U01040,S0040,116.0,2025-03-06,62.0
V012036,U01666,S0407,500.0,2024-02-13,38.0
V012037,U00458,S0766,500.0,2024-11-16,12.0
V012038,U01143,S0568,500.0,2024-06-24,70.0
V012039,U00465,S0260,500.0,2024-12-09,92.0
V012040,U00440,S0340,500.0,2025-05-10,17.0
V012041,U01572,S0156,500.0,2024-06-21,55.0
V012042,U00021,S0339,11.0,2024-12-28,93.0
V012043,U00852,S0242,125.0,2024-04-21,51.0
V012044,U00537,S0827,500.0,2024-08-07,47.0
V012045,U00156,S0615,500.0,2025-11-01,35.0
V012046,U01461,S0166,500.0,2024-09-14,24.0
V012047,U01649,S0306,180.0,2024-05-02,73.0
V012048,U01048,S0516,500.0,2024-03-18,53.0
V012049,U00211,S0690,132.0,2025-01-30,35.0
V012050,U01619,S0940,500.0,2025-06-03,59.0
V012051,U00957,S0638,500.0,2025-04-06,49.0
V012052,U00260,S0331,500.0,2024-10-04,32.0
V012053,U00605,S0079,94.0,2024-02-26,68.0
V012054,U00442,S0385,106.0,2024-11-11,93.0
V012055,U01234,S0572,136.0,2024-08-22,63.0
V012056,U00681,S0757,31.0,2025-06-05,46.0
V012057,U00555,S0637,203.0,2024-07-17,48.0
V012058,U00451,S0326,219.0,2024-01-21,67.0
V012059,U00527,S0187,202.0,2025-01-16,93.0
V012060,U00771,S0439,120.0,2024-02-24,23.0
V012061,U00156,S0707,500.0,2025-04-27,15.0
V012062,U01298,S0102,123.0,2024-12-21,18.0
V012063,U01160,S0394,20.0,2024-01-26,14.0
V012064,U01564,S0701,6.0,2024-04-12,59.0
V012065,U01021,S0219,171.0,2024-09-20,80.0
V012066,U01688,S0720,62.0,2024-05-28,96.0
V012067,U01757,S0590,500.0,2025-01-26,64.0
V012068,U01085,S0610,213.0,2024-08-27,14.0
V012069,U00535,S0306,500.0,2025-05-13,30.0
V012070,U00579,S0547,196.0,2024-11-01,71.0
V012071,U00301,S0506,24.0,2024-06-08,34.0
V012072,U01897,S0804,60.0,2025-02-21,71.0
V012073,U00355,S0962,106.0,2025-08-05,15.0
V012074,U01054,S0778,150.0,2024-10-07,31.0
V012075,U00910,S0375,100.0,2024-10-19,52.0
V012076,U01310,S0142,500.0,2024-12-04,93.0
V012077,U00618,S0956,500.0,2025-11-01,29.0
V012078,U01341,S0967,500.0,2024-02-14,18.0
V012079,U01547,S0770,210.0,2025-04-28,40.0
V012080,U01977,S0568,169.0,2024-08-01,17.0
V012081,U01130,S0786,111.0,2024-09-29,35.0
V012082,U01630,S0177,500.0,2024-12-24,54.0
V012083,U00231,S0684,75.0,2025-05-04,39.0
V012084,U01772,S0310,500.0,2024-07-07,57.0
V012085,U00738,S0210,77.0,2024-07-30,20.0
V012086,U01259,S0336,46.0,2024-03-07,71.0
V012087,U00435,S0223,500.0,2025-01-22,39.0
V012088,U01753,S0719,110.0,2024-02-01,52.0
V012089,U00912,S0005,206.0,2025-02-16,41.0
V012090,U00580,S0759,500.0,2024-05-08,21.0
V012091,U01651,S1000,500.0,2025-03-03,100.0
V012092,U01763,S0058,154.0,2024-04-04,34.0
V012093,U00885,S0034,186.0,2024-10-11,47.0
V012094,U01941,S0726,500.0,2024-08-29,51.0
V012095,U00072,S0579,44.0,2024-11-06,19.0
V012096,U01202,S0742,58.0,2024-12-31,43.0
V012097,U01960,S0414,99.0,2024-01-19,33.0
V012098,U01789,S0534,130.0,2024-06-13,45.0
V012099,U01783,S0622,141.0,2024-04-21,76.0
V012100,U01748,S0001,131.0,2024-01-01,21.0
V012101,U00331,S0638,500.0,2024-07-25,98.0
V012102,U01484,S0521,500.0,2025-05-08,56.0
V012103,U00862,S0234,114.0,2024-05-30,57.0
V012104,U00603,S0484,500.0,2024-05-11,29.0
V012105,U00111,S0678,101.0,2025-02-06,36.0
V012106,U01576,S0393,87.0,2025-12-01,75.0
V012107,U01235,S0225,500.0,2025-06-01,100.0
V012108,U00821,S0481,152.0,2025-05-04,43.0
V012109,U00078,S0392,500.0,2025-02-18,76.0
V012110,U00791,S0555,500.0,2025-05-06,52.0
V012111,U01361,S0550,219.0,2024-04-14,63.0
V012112,U00986,S0730,175.0,2025-05-31,67.0
V012113,U00912,S0265,500.0,2025-06-01,45.0
V012114,U01756,S0951,207.0,2024-08-31,82.0
V012115,U00422,S0385,85.0,2024-12-16,37.0
V012116,U01927,S0273,500.0,2024-02-05,32.0
V012117,U00350,S0699,500.0,2024-06-28,56.0
V012118,U01461,S0658,178.0,2024-04-19,18.0
V012119,U01832,S0172,500.0,2024-11-07,13.0
V012120,U00785,S0412,500.0,2024-10-04,69.0
V012121,U00503,S0840,174.0,2025-10-05,41.0
V012122,U00929,S0170,215.0,2025-04-19,94.0
V012123,U01592,S0544,219.0,2024-12-08,52.0
V012124,U01908,S0373,161.0,2024-01-19,24.0
V012125,U00357,S0915,500.0,2024-07-25,88.0
V012126,U00288,S0083,149.0,2024-05-03,59.0
V012127,U01662,S0937,212.0,2025-11-05,29.0
V012128,U00589,S0589,137.0,2024-03-05,86.0
V012129,U00645,S0462,35.0,2025-03-13,19.0
V012130,U01373,S0542,500.0,2025-06-19,86.0
V012131,U00652,S0544,49.0,2024-12-24,68.0
V012132,U01768,S0460,500.0,2024-05-17,79.0
V012133,U00893,S0107,56.0,2024-12-10,29.0
V012134,U01032,S0609,195.0,2024-04-14,56.0
V012135,U00256,S0014,108.0,2024-08-04,59.0
V012136,U01795,S0705,500.0,2024-04-06,17.0
V012137,U00648,S0965,211.0,2024-08-16,16.0
V012138,U00669,S0766,122.0,2025-03-17,65.0
V012139,U01889,S0781,500.0,2024-11-10,80.0
V012140,U00312,S0641,145.0,2024-07-31,69.0
V012141,U01664,S0402,23.0,2024-03-04,83.0
V012142,U01257,S0918,203.0,2024-08-15,54.0
V012143,U01571,S0252,500.0,2024-08-07,58.0
V012144,U01032,S0302,500.0,2025-05-21,57.0
V012145,U01032,S0788,500.0,2024-07-14,86.0
V012146,U00745,S0458,39.0,2024-04-18,55.0
V012147,U00405,S0564,43.0,2024-04-14,73.0
V012148,U01245,S0227,500.0,2024-07-23,56.0
V012149,U00731,S0076,159.0,2025-03-01,49.0
V012150,U00927,S0412,219.0,2024-12-09,30.0
V012151,U01664,S0870,500.0,2024-05-16,51.0
V012152,U01161,S0671,90.0,2025-04-08,29.0
V012153,U01720,S0608,61.0,2024-06-02,35.0
V012154,U00588,S0663,161.0,2024-01-31,92.0
V012155,U00125,S0666,500.0,2024-03-17,47.0
V012156,U01318,S0676,500.0,2024-01-30,51.0
V012157,U01876,S0785,500.0,2025-04-30,55.0
V012158,U00081,S0435,500.0,2025-07-01,93.0
V012159,U01200,S0879,500.0,2025-05-15,76.0
V012160,U00428,S0494,500.0,2025-03-23,31.0
V012161,U00769,S0224,82.0,2024-02-29,91.0
V012162,U01717,S0835,210.0,2025-05-18,89.0
V012163,U00376,S0812,10.0,2024-03-22,87.0
V012164,U01439,S0189,213.0,2025-02-21,26.0
V012165,U01410,S0750,17.0,2024-03-29,70.0
V012166,U01163,S0164,500.0,2024-08-03,27.0
V012167,U01332,S0071,500.0,2025-06-22,25.0
V012168,U01421,S0227,500.0,2024-08-25,44.0
V012169,U01232,S0918,96.0,2025-02-21,49.0
V012170,U01138,S0764,500.0,2024-11-18,76.0
V012171,U00777,S0826,172.0,2024-06-21,91.0
V012172,U00205,S0158,120.0,2024-10-25,10.0
V012173,U00867,S0620,41.0,2024-04-22,87.0
V012174,U00046,S0900,217.0,2024-12-18,34.0
V012175,U00975,S0408,35.0,2025-03-17,12.0
V012176,U01959,S0567,500.0,2024-03-21,61.0
V012177,U00753,S0469,500.0,2024-06-21,81.0
V012178,U00621,S0323,200.0,2024-09-18,62.0
V012179,U01550,S0328,500.0,2024-09-26,46.0
V012180,U00733,S0864,500.0,2025-03-30,11.0
V012181,U01966,S0027,8.0,2024-02-25,96.0
V012182,U00974,S0087,500.0,2025-06-18,36.0
V012183,U01866,S0055,500.0,2024-03-17,65.0
V012184,U00235,S0622,500.0,2024-02-01,49.0
V012185,U00570,S0079,500.0,2024-10-14,18.0
V012186,U01830,S0790,500.0,2024-09-22,96.0
V012187,U01952,S0271,500.0,2024-08-10,35.0
V012188,U01118,S0647,500.0,2024-07-06,49.0
V012189,U00694,S0129,98.0,2024-12-18,46.0
V012190,U00732,S0800,500.0,2024-03-12,40.0
V012191,U01014,S0868,36.0,2024-08-20,81.0
V012192,U00109,S0176,84.0,2024-03-17,35.0
V012193,U01102,S0604,500.0,2024-02-14,34.0
V012194,U01494,S0357,41.0,2025-05-04,73.0
V012195,U01290,S0538,28.0,2025-06-24,89.0
V012196,U01752,S0915,500.0,2024-06-30,18.0
V012197,U01986,S0805,165.0,2025-06-22,34.0
V012198,U00422,S0039,78.0,2024-02-13,85.0
V012199,U01701,S0992,28.0,2025-09-05,13.0
V012200,U01121,S0347,500.0,2024-08-29,24.0
V012201,U01174,S0990,23.0,2024-12-24,68.0
V012202,U01168,S0320,500.0,2024-01-06,67.0
V012203,U00993,S0134,74.0,2024-07-30,28.0
V012204,U00248,S0091,210.0,2024-01-19,88.0
V012205,U00171,S0685,25.0,2024-01-25,56.0
V012206,U00088,S0069,500.0,2025-01-13,40.0
V012207,U01693,S0105,500.0,2024-04-29,59.0
V012208,U00668,S0386,500.0,2025-06-03,33.0
V012209,U00582,S0863,36.0,2024-01-01,63.0
V012210,U00076,S0954,500.0,2024-05-16,77.0
V012211,U01508,S0286,500.0,2024-03-16,74.0
V012212,U00350,S0774,500.0,2025-11-04,48.0
V012213,U00993,S0840,38.0,2024-10-11,18.0
V012214,U01757,S0889,500.0,2024-01-19,10.0
V012215,U01818,S0804,191.0,2024-11-22,63.0
V012216,U00332,S0404,71.0,2024-08-25,22.0
V012217,U01976,S0262,189.0,2025-07-06,17.0
V012218,U00316,S0525,93.0,2024-01-09,79.0
V012219,U01387,S0361,219.0,2024-06-16,37.0
V012220,U00094,S0603,500.0,2024-02-13,30.0
V012221,U00880,S0440,36.0,2024-02-28,66.0
V012222,U00004,S0567,133.0,2025-03-02,90.0
V012223,U00897,S0030,500.0,2024-05-31,63.0
V012224,U00566,S0972,172.0,2024-03-06,12.0
V012225,U01194,S0977,500.0,2024-05-28,94.0
V012226,U00103,S1000,219.0,2024-02-10,38.0
V012227,U00326,S0169,149.0,2025-06-21,24.0
V012228,U01596,S0500,149.0,2025-01-22,57.0
V012229,U01415,S0225,500.0,2024-04-21,76.0
V012230,U00364,S0934,219.0,2024-05-05,13.0
V012231,U01420,S0727,107.0,2024-03-02,12.0
V012232,U00226,S0984,46.0,2024-01-11,76.0
V012233,U00817,S0526,500.0,2024-01-14,98.0
V012234,U00730,S0719,500.0,2024-05-26,51.0
V012235,U00915,S0299,160.0,2024-07-10,24.0
V012236,U00206,S0771,109.0,2024-10-08,17.0
V012237,U01994,S0716,500.0,2024-08-20,83.0
V012238,U00148,S0274,24.0,2024-02-04,70.0
V012239,U01016,S0254,500.0,2024-12-06,85.0
V012240,U01962,S0297,158.0,2024-06-25,86.0
V012241,U00076,S0720,177.0,2024-08-04,55.0
V012242,U00063,S0935,500.0,2024-02-14,27.0
V012243,U00733,S0394,500.0,2024-02-06,78.0
V012244,U01217,S0916,500.0,2024-07-13,79.0
V012245,U01115,S0723,38.0,2025-01-24,24.0
V012246,U00737,S0984,500.0,2024-10-08,90.0
V012247,U00490,S0248,107.0,2025-01-25,58.0
V012248,U01540,S0663,24.0,2024-08-24,56.0
V012249,U00551,S0043,202.0,2024-12-31,68.0
V012250,U00717,S0419,108.0,2024-10-30,62.0
V012251,U00680,S0542,500.0,2024-10-15,93.0
V012252,U00596,S0385,43.0,2025-02-11,54.0
V012253,U01312,S0690,126.0,2024-04-15,10.0
V012254,U00187,S0628,500.0,2025-08-05,32.0
V012255,U00177,S0470,21.0,2024-04-16,47.0
V012256,U01573,S0776,500.0,2025-01-23,76.0
V012257,U01872,S0400,500.0,2024-05-05,64.0
V012258,U01651,S0218,119.0,2024-03-19,76.0
V012259,U00046,S0664,500.0,2024-10-22,96.0
V012260,U01515,S0225,500.0,2024-03-09,46.0
V012261,U00729,S0091,500.0,2024-10-19,19.0
V012262,U01380,S0694,500.0,2024-10-18,79.0
V012263,U01987,S0152,51.0,2024-10-06,60.0
V012264,U01534,S0350,39.0,2024-06-21,20.0
V012265,U00547,S0294,500.0,2024-07-16,64.0
V012266,U00580,S0803,500.0,2025-11-06,30.0
V012267,U01789,S0799,35.0,2024-02-25,92.0
V012268,U01440,S0710,37.0,2024-05-26,31.0
V012269,U00888,S0246,500.0,2024-02-02,74.0
V012270,U01113,S0658,500.0,2024-01-15,14.0
V012271,U00111,S0595,500.0,2024-09-19,66.0
V012272,U01990,S0208,500.0,2025-04-15,85.0
V012273,U00152,S0142,13.0,2024-05-23,77.0
V012274,U00960,S0824,500.0,2024-03-10,28.0
V012275,U01801,S0565,76.0,2024-09-24,80.0
V012276,U01432,S0870,500.0,2024-12-24,53.0
V012277,U00779,S1000,500.0,2025-05-22,56.0
V012278,U00327,S0751,500.0,2024-06-28,52.0
V012279,U01572,S0343,500.0,2024-09-14,91.0
V012280,U01610,S0100,101.0,2024-02-07,55.0
V012281,U00848,S0593,500.0,2024-05-30,51.0
V012282,U00605,S0775,157.0,2024-02-01,87.0
V012283,U00924,S0359,500.0,2024-10-20,69.0
V012284,U01390,S0931,500.0,2025-02-21,94.0
V012285,U01344,S0707,65.0,2024-01-28,74.0
V012286,U00063,S0127,90.0,2025-01-25,97.0
V012287,U01426,S0362,500.0,2025-03-06,27.0
V012288,U00704,S0046,500.0,2024-01-06,42.0
V012289,U00112,S0161,500.0,2024-08-24,18.0
V012290,U01809,S0754,210.0,2025-04-23,25.0
V012291,U00117,S0373,95.0,2024-07-22,86.0
V012292,U01916,S0616,197.0,2024-11-03,16.0
V012293,U01800,S0329,211.0,2024-03-08,22.0
V012294,U01116,S0031,500.0,2024-07-18,24.0
V012295,U00426,S0987,500.0,2025-07-06,94.0
V012296,U01292,S0306,500.0,2025-06-17,53.0
V012297,U00795,S0925,500.0,2024-06-19,78.0
V012298,U01438,S0069,500.0,2024-10-26,63.0
V012299,U00198,S0988,500.0,2025-02-01,19.0
V012300,U01306,S0589,63.0,2024-06-12,55.0
V012301,U01494,S0269,157.0,2024-05-29,22.0
V012302,U00986,S0482,130.0,2024-12-14,84.0
V012303,U00701,S0293,195.0,2024-03-18,67.0
V012304,U01117,S0391,111.0,2024-10-23,56.0
V012305,U01026,S0403,45.0,2025-01-28,89.0
V012306,U00177,S0864,170.0,2024-10-21,69.0
V012307,U01946,S0508,16.0,2024-08-16,55.0
V012308,U00565,S0473,200.0,2024-08-15,18.0
V012309,U01817,S0410,191.0,2025-01-28,58.0
V012310,U01665,S0632,500.0,2024-08-22,75.0
V012311,U00161,S0599,219.0,2025-04-11,56.0
V012312,U01846,S0501,112.0,2024-10-10,35.0
V012313,U01243,S0785,26.0,2024-02-04,21.0
V012314,U00938,S0619,500.0,2025-03-01,45.0
V012315,U00732,S0992,500.0,2024-12-24,30.0
V012316,U00383,S0982,500.0,2025-04-18,33.0
V012317,U01160,S0774,500.0,2024-12-30,61.0
V012318,U01079,S0918,219.0,2024-08-28,50.0
V012319,U01842,S1000,107.0,2024-04-20,44.0
V012320,U00655,S0905,156.0,2025-05-18,39.0
V012321,U00547,S0286,500.0,2025-01-04,33.0
V012322,U00639,S0997,500.0,2025-02-13,50.0
V012323,U01016,S0091,500.0,2024-03-16,46.0
V012324,U01568,S0778,124.0,2025-04-11,47.0
V012325,U01005,S0409,148.0,2024-12-20,58.0
V012326,U00518,S0799,27.0,2024-11-18,12.0
V012327,U01650,S0391,500.0,2024-02-27,16.0
V012328,U01096,S0312,500.0,2024-05-14,60.0
V012329,U00953,S0984,500.0,2024-12-01,70.0
V012330,U00334,S0620,500.0,2025-06-24,65.0
V012331,U00617,S0820,179.0,2024-12-08,46.0
V012332,U01407,S0731,500.0,2025-03-28,99.0
V012333,U01498,S0093,134.0,2024-02-23,54.0
V012334,U00446,S0516,183.0,2024-02-04,45.0
V012335,U00706,S0713,88.0,2024-06-22,66.0
V012336,U00663,S0840,51.0,2025-01-04,34.0
V012337,U01108,S0701,61.0,2025-04-13,72.0
V012338,U00174,S0761,172.0,2025-01-20,52.0
V012339,U00544,S0892,190.0,2024-08-09,13.0
V012340,U01604,S0505,500.0,2025-01-06,61.0
V012341,U01978,S0799,94.0,2024-07-09,83.0
V012342,U01944,S0597,500.0,2024-02-24,85.0
V012343,U00814,S0049,500.0,2024-01-01,48.0
V012344,U00673,S0837,206.0,2025-01-31,79.0
V012345,U00946,S0446,190.0,2025-06-13,62.0
V012346,U00130,S0832,500.0,2024-05-24,61.0
V012347,U00217,S0381,80.0,2024-01-12,40.0
V012348,U01743,S0714,500.0,2024-06-22,36.0
V012349,U00613,S0480,500.0,2024-11-15,83.0
V012350,U01037,S0124,500.0,2025-03-25,73.0
V012351,U01508,S0484,30.0,2025-01-16,14.0
V012352,U01529,S0296,500.0,2024-06-16,68.0
V012353,U00723,S0342,160.0,2024-05-18,69.0
V012354,U01225,S0982,500.0,2025-04-25,82.0
V012355,U00323,S0107,500.0,2025-06-24,24.0
V012356,U00473,S1000,216.0,2024-05-25,99.0
V012357,U00987,S0162,58.0,2025-01-27,23.0
V012358,U00012,S0503,500.0,2025-01-15,19.0
V012359,U00855,S0367,500.0,2024-03-09,13.0
V012360,U01759,S0786,500.0,2024-03-07,42.0
V012361,U00879,S0471,500.0,2025-05-09,96.0
V012362,U01689,S0262,196.0,2024-05-25,47.0
V012363,U00662,S0743,87.0,2025-03-29,20.0
V012364,U01282,S0664,500.0,2024-03-14,80.0
V012365,U00864,S0681,500.0,2025-08-02,89.0
V012366,U00029,S0635,500.0,2024-04-24,75.0
V012367,U01904,S0558,200.0,2024-04-22,13.0
V012368,U00540,S0698,500.0,2025-04-04,93.0
V012369,U01639,S0158,37.0,2024-08-19,68.0
V012370,U00052,S0806,500.0,2025-01-17,10.0
V012371,U00789,S0931,211.0,2025-03-04,48.0
V012372,U01100,S0291,187.0,2024-12-19,79.0
V012373,U01444,S0586,219.0,2024-06-05,30.0
V012374,U01338,S0170,86.0,2024-12-30,18.0
V012375,U01120,S0265,500.0,2024-07-01,68.0
V012376,U00380,S0121,500.0,2025-04-14,22.0
V012377,U00213,S0572,40.0,2024-12-26,92.0
V012378,U01159,S0131,500.0,2024-10-11,61.0
V012379,U01345,S0155,149.0,2025-02-18,20.0
V012380,U01964,S0637,500.0,2025-08-01,36.0
V012381,U01802,S0604,500.0,2024-02-03,32.0
V012382,U01401,S0397,126.0,2025-02-27,93.0
V012383,U01304,S0234,118.0,2024-11-28,22.0
V012384,U00551,S0424,500.0,2024-02-02,15.0
V012385,U00571,S0963,158.0,2025-03-20,22.0
V012386,U00944,S0962,500.0,2025-01-12,74.0
V012387,U01115,S0668,500.0,2024-10-08,29.0
V012388,U00217,S0944,500.0,2024-09-09,25.0
V012389,U01569,S0919,500.0,2025-01-16,40.0
V012390,U00604,S0570,140.0,2024-01-29,78.0
V012391,U00056,S0346,10.0,2024-01-10,92.0
V012392,U01449,S0089,500.0,2024-03-16,31.0
V012393,U00840,S0127,500.0,2024-10-22,70.0
V012394,U01503,S0673,500.0,2024-06-28,16.0
V012395,U01842,S0462,500.0,2024-12-26,66.0
V012396,U01879,S0940,500.0,2024-07-16,94.0
V012397,U00262,S0164,69.0,2024-03-21,85.0
V012398,U01684,S0195,145.0,2024-07-09,97.0
V012399,U00364,S0741,158.0,2025-03-05,75.0
V012400,U00622,S0353,500.0,2024-08-10,23.0
V012401,U00313,S0127,99.0,2024-09-05,26.0
V012402,U00002,S0052,165.0,2024-05-16,33.0
V012403,U00342,S0507,500.0,2024-01-18,71.0
V012404,U00746,S0411,500.0,2024-05-05,80.0
V012405,U01767,S0094,500.0,2025-11-02,98.0
V012406,U01671,S0960,26.0,2024-08-28,90.0
V012407,U00049,S0037,95.0,2025-04-22,99.0
V012408,U00138,S0194,137.0,2024-03-12,80.0
V012409,U01059,S0203,81.0,2025-05-31,48.0
V012410,U00834,S0627,500.0,2025-04-19,99.0
V012411,U01819,S0274,500.0,2024-01-13,28.0
V012412,U01540,S0982,219.0,2024-03-03,28.0
V012413,U00133,S0788,500.0,2024-05-16,96.0
V012414,U01280,S0307,38.0,2024-12-17,91.0
V012415,U01563,S0479,88.0,2025-07-01,13.0
V012416,U01123,S0939,500.0,2024-08-29,39.0
V012417,U00735,S0665,500.0,2024-11-05,66.0
V012418,U01848,S0713,128.0,2024-12-26,21.0
V012419,U00018,S0504,45.0,2024-10-19,19.0
V012420,U00237,S0979,156.0,2025-03-03,71.0
V012421,U01329,S0451,219.0,2024-11-29,50.0
V012422,U01948,S0390,180.0,2024-06-16,67.0
V012423,U00002,S0460,500.0,2024-04-09,24.0
V012424,U01070,S0084,32.0,2024-07-24,81.0
V012425,U01508,S0121,500.0,2024-10-26,29.0
V012426,U01722,S0072,500.0,2024-09-12,35.0
V012427,U00396,S0724,108.0,2024-05-07,99.0
V012428,U00804,S0409,172.0,2025-01-19,55.0
V012429,U01935,S0691,67.0,2024-03-03,94.0
V012430,U00678,S0934,69.0,2025-06-11,23.0
V012431,U01866,S0230,500.0,2024-02-12,25.0
V012432,U01141,S0481,111.0,2024-11-19,56.0
V012433,U01376,S0160,8.0,2024-03-02,84.0
V012434,U00515,S0360,500.0,2025-10-03,45.0
V012435,U00334,S0937,219.0,2025-01-06,32.0
V012436,U00200,S0500,174.0,2025-11-03,54.0
V012437,U01396,S0940,5.0,2024-01-16,40.0
V012438,U00569,S0833,195.0,2024-11-22,90.0
V012439,U01462,S0056,31.0,2024-09-16,32.0
V012440,U00034,S0621,219.0,2025-01-18,80.0
V012441,U00132,S0720,56.0,2024-03-08,93.0
V012442,U01104,S0711,111.0,2024-02-26,45.0
V012443,U00330,S0087,500.0,2024-02-08,24.0
V012444,U00939,S0901,500.0,2024-04-19,47.0
V012445,U00223,S0642,500.0,2024-04-07,48.0
V012446,U00508,S0258,500.0,2024-04-10,11.0
V012447,U00185,S0927,500.0,2024-07-20,42.0
V012448,U01658,S0130,500.0,2025-04-22,96.0
V012449,U01303,S0458,121.0,2024-01-16,84.0
V012450,U00070,S0503,130.0,2025-10-06,31.0
V012451,U01653,S0999,192.0,2024-04-19,38.0
V012452,U01126,S0134,500.0,2025-03-16,39.0
V012453,U01119,S0566,161.0,2024-06-25,71.0
V012454,U00435,S0945,500.0,2024-11-24,24.0
V012455,U00834,S0957,175.0,2025-12-05,87.0
V012456,U00948,S0029,86.0,2025-02-27,35.0
V012457,U01824,S0732,55.0,2024-09-06,28.0
V012458,U01420,S0271,500.0,2024-12-10,26.0
V012459,U01763,S0496,500.0,2024-07-27,67.0
V012460,U01870,S0814,97.0,2024-04-23,99.0
V012461,U01477,S0607,194.0,2024-07-30,76.0
V012462,U00458,S0579,174.0,2024-02-07,52.0
V012463,U01012,S0392,219.0,2024-12-08,89.0
V012464,U01156,S0395,500.0,2025-04-30,88.0
V012465,U01577,S0748,500.0,2024-02-09,18.0
V012466,U01432,S0469,137.0,2024-08-04,44.0
V012467,U01932,S0571,500.0,2024-09-17,93.0
V012468,U00026,S0842,500.0,2024-06-03,98.0
V012469,U00201,S0880,23.0,2024-03-31,61.0
V012470,U00589,S0753,147.0,2025-03-26,58.0
V012471,U01327,S0116,92.0,2025-01-13,82.0
V012472,U01467,S0050,207.0,2025-09-05,53.0
V012473,U01426,S0368,500.0,2024-07-15,56.0
V012474,U01665,S0999,500.0,2024-03-07,30.0
V012475,U00267,S0631,107.0,2024-10-12,11.0
V012476,U01202,S0128,168.0,2024-10-19,68.0
V012477,U01239,S0885,500.0,2024-01-12,78.0
V012478,U01953,S0974,170.0,2024-07-04,98.0
V012479,U01312,S0315,135.0,2024-07-01,34.0
V012480,U00880,S0760,129.0,2025-10-01,66.0
V012481,U01159,S0254,86.0,2024-08-04,68.0
V012482,U01496,S0193,500.0,2025-05-02,50.0
V012483,U01867,S0877,500.0,2024-03-06,10.0
V012484,U00292,S0109,500.0,2024-05-25,70.0
V012485,U01189,S0969,128.0,2025-01-27,56.0
V012486,U00241,S0274,500.0,2024-05-27,60.0
V012487,U01047,S0993,500.0,2024-05-24,99.0
V012488,U01267,S0890,69.0,2024-07-13,42.0
V012489,U00460,S0212,500.0,2024-12-17,14.0
V012490,U01045,S0926,500.0,2024-02-10,63.0
V012491,U00484,S0376,500.0,2025-03-15,65.0
V012492,U01411,S0891,215.0,2024-05-17,47.0
V012493,U01001,S0915,500.0,2024-07-09,64.0
V012494,U00174,S0163,500.0,2024-11-05,43.0
V012495,U00368,S0773,68.0,2025-01-21,40.0
V012496,U00924,S0467,111.0,2024-12-04,71.0
V012497,U00954,S0176,500.0,2024-10-09,38.0
V012498,U01209,S0562,219.0,2025-01-08,96.0
V012499,U00551,S0658,158.0,2024-08-12,65.0
V012500,U00642,S0676,500.0,2024-04-29,26.0
V012501,U01670,S0024,500.0,2024-08-25,99.0
V012502,U00924,S0736,122.0,2024-12-27,24.0
V012503,U00092,S0084,500.0,2025-02-22,36.0
V012504,U00788,S0232,53.0,2024-10-30,19.0
V012505,U01849,S0494,18.0,2024-02-29,86.0
V012506,U01060,S0083,10.0,2024-10-01,22.0
V012507,U01071,S0245,500.0,2024-03-08,73.0
V012508,U00366,S0637,500.0,2024-03-07,60.0
V012509,U00511,S0233,156.0,2024-04-02,45.0
V012510,U01874,S0940,500.0,2025-05-04,78.0
V012511,U00293,S0246,500.0,2024-06-07,36.0
V012512,U01672,S0146,500.0,2024-10-11,43.0
V012513,U01968,S0148,63.0,2025-04-02,60.0
V012514,U01249,S0025,69.0,2024-10-16,80.0
V012515,U01467,S0924,181.0,2025-01-31,20.0
V012516,U01018,S0916,500.0,2024-09-27,73.0
V012517,U00408,S0984,219.0,2024-07-27,85.0
V012518,U00608,S0462,160.0,2024-04-20,78.0
V012519,U00399,S0347,212.0,2024-03-19,67.0
V012520,U00753,S0087,109.0,2025-04-04,98.0
V012521,U00792,S0710,61.0,2024-08-01,15.0
V012522,U01036,S0757,65.0,2025-05-03,22.0
V012523,U01653,S0106,190.0,2024-12-20,46.0
V012524,U00225,S0751,104.0,2024-11-16,91.0
V012525,U00613,S0303,78.0,2025-07-04,60.0
V012526,U00540,S0531,86.0,2024-09-27,82.0
V012527,U01545,S0042,500.0,2024-12-17,77.0
V012528,U00549,S0891,10.0,2024-04-11,94.0
V012529,U01078,S0526,217.0,2024-11-25,56.0
V012530,U00236,S0989,200.0,2024-09-10,83.0
V012531,U01389,S0937,82.0,2024-06-04,91.0
V012532,U01034,S0030,105.0,2024-04-26,61.0
V012533,U01472,S0630,500.0,2025-03-19,61.0
V012534,U01897,S0070,115.0,2024-01-01,75.0
V012535,U00013,S0923,219.0,2024-12-31,30.0
V012536,U00170,S0830,500.0,2024-02-21,16.0
V012537,U01794,S0147,217.0,2024-05-10,86.0
V012538,U00768,S0169,500.0,2025-01-21,47.0
V012539,U01802,S0677,500.0,2024-02-13,33.0
V012540,U01003,S0416,175.0,2024-02-07,87.0
V012541,U00602,S0546,206.0,2024-04-04,100.0
V012542,U00735,S0616,11.0,2025-07-04,15.0
V012543,U01442,S0419,195.0,2024-09-18,98.0
V012544,U01339,S0917,500.0,2025-03-03,38.0
V012545,U00900,S0412,180.0,2025-01-04,46.0
V012546,U00555,S0896,500.0,2025-02-07,73.0
V012547,U01403,S0370,192.0,2024-10-19,33.0
V012548,U00452,S0892,40.0,2025-01-14,45.0
V012549,U00523,S0562,500.0,2024-06-18,70.0
V012550,U01123,S0049,11.0,2025-03-09,93.0
V012551,U00647,S0501,500.0,2024-04-12,35.0
V012552,U00747,S0409,214.0,2024-02-10,88.0
V012553,U01501,S0702,500.0,2024-03-23,51.0
V012554,U01887,S0774,500.0,2024-02-11,75.0
V012555,U00637,S0383,178.0,2024-07-25,59.0
V012556,U01429,S0758,500.0,2024-04-01,34.0
V012557,U01861,S0883,123.0,2025-01-20,18.0
V012558,U00067,S0127,29.0,2024-11-06,92.0
V012559,U00258,S0822,133.0,2024-02-23,34.0
V012560,U01124,S0465,500.0,2024-07-27,34.0
V012561,U00505,S0212,500.0,2024-12-28,26.0
V012562,U01716,S0103,46.0,2025-06-16,79.0
V012563,U00623,S0381,109.0,2024-01-22,78.0
V012564,U00449,S0468,85.0,2024-06-26,43.0
V012565,U01166,S0908,500.0,2025-12-05,63.0
V012566,U01983,S0424,219.0,2024-05-23,85.0
V012567,U01165,S0466,204.0,2024-05-14,56.0
V012568,U00151,S0666,500.0,2025-01-31,55.0
V012569,U00654,S0697,73.0,2024-11-12,80.0
V012570,U00586,S1000,500.0,2025-03-06,73.0
V012571,U00643,S0576,500.0,2025-03-21,38.0
V012572,U01076,S0048,123.0,2024-09-27,77.0
V012573,U01585,S0127,31.0,2024-08-07,54.0
V012574,U00381,S0037,88.0,2025-01-29,82.0
V012575,U00094,S0931,89.0,2024-04-19,99.0
V012576,U00245,S0922,195.0,2025-03-22,73.0
V012577,U01967,S0615,500.0,2025-05-25,41.0
V012578,U00441,S0351,10.0,2024-02-02,32.0
V012579,U00190,S0229,71.0,2024-06-11,47.0
V012580,U01556,S0926,500.0,2024-12-14,96.0
V012581,U00258,S0779,202.0,2025-03-08,78.0
V012582,U00949,S0294,13.0,2024-10-30,63.0
V012583,U00671,S0478,500.0,2024-03-31,88.0
V012584,U00933,S0504,217.0,2024-11-05,99.0
V012585,U00739,S0446,500.0,2024-03-01,56.0
V012586,U01927,S0039,178.0,2025-03-07,71.0
V012587,U00798,S0839,500.0,2024-03-24,71.0
V012588,U01445,S0560,500.0,2024-01-21,43.0
V012589,U01069,S0921,500.0,2025-05-08,29.0
V012590,U00997,S0828,500.0,2025-01-15,46.0
V012591,U00574,S0412,500.0,2024-02-10,31.0
V012592,U00597,S0867,219.0,2024-02-28,11.0
V012593,U01732,S0329,156.0,2024-05-30,60.0
V012594,U01948,S0063,500.0,2025-04-01,35.0
V012595,U01348,S0878,71.0,2025-03-02,10.0
V012596,U00059,S0572,500.0,2025-02-19,72.0
V012597,U00454,S0243,178.0,2024-05-04,35.0
V012598,U00100,S0237,168.0,2024-02-16,86.0
V012599,U01058,S0835,500.0,2024-09-03,48.0
V012600,U00741,S0683,500.0,2025-02-11,56.0
V012601,U00376,S0066,500.0,2024-06-12,76.0
V012602,U00344,S0018,500.0,2024-12-25,92.0
V012603,U00850,S0354,219.0,2024-04-20,95.0
V012604,U01357,S0543,219.0,2024-01-24,18.0
V012605,U00234,S0787,219.0,2025-06-09,56.0
V012606,U00572,S0192,500.0,2025-04-24,43.0
V012607,U01692,S0794,217.0,2024-02-05,67.0
V012608,U01858,S0320,219.0,2024-11-28,31.0
V012609,U00234,S0329,500.0,2024-04-10,62.0
V012610,U00004,S0273,500.0,2024-03-07,27.0
V012611,U01980,S0639,500.0,2024-01-20,10.0
V012612,U01047,S0297,129.0,2024-10-11,56.0
V012613,U00556,S0699,203.0,2024-08-11,52.0
V012614,U00385,S0090,38.0,2024-02-09,25.0
V012615,U00641,S0820,213.0,2025-04-03,14.0
V012616,U01911,S0519,500.0,2025-05-21,25.0
V012617,U00914,S0644,500.0,2025-06-20,61.0
V012618,U01619,S0825,128.0,2024-02-19,57.0
V012619,U00008,S0936,96.0,2024-04-16,56.0
V012620,U00232,S0399,43.0,2025-04-28,30.0
V012621,U00754,S0376,91.0,2024-09-18,97.0
V012622,U00544,S0333,68.0,2024-05-03,82.0
V012623,U01690,S0939,500.0,2024-07-28,69.0
V012624,U01640,S0681,500.0,2024-01-23,58.0
V012625,U01389,S0651,500.0,2025-06-03,88.0
V012626,U00488,S0925,500.0,2025-04-05,60.0
V012627,U00444,S0677,190.0,2025-04-23,68.0
V012628,U01809,S0263,500.0,2024-12-11,70.0
V012629,U00419,S0452,119.0,2025-03-09,59.0
V012630,U01781,S0384,217.0,2025-03-14,56.0
V012631,U01258,S0292,500.0,2025-08-06,10.0
V012632,U01257,S0385,191.0,2025-02-14,56.0
V012633,U00841,S0276,201.0,2024-12-24,43.0
V012634,U00918,S0838,500.0,2024-06-23,89.0
V012635,U01127,S0620,500.0,2024-01-23,10.0
V012636,U01659,S0858,500.0,2025-01-06,71.0
V012637,U00381,S0828,167.0,2024-09-04,54.0
V012638,U01696,S0471,219.0,2025-08-02,28.0
V012639,U01613,S0634,500.0,2024-08-16,94.0
V012640,U01249,S0169,158.0,2024-06-01,15.0
V012641,U01341,S0320,80.0,2024-03-26,92.0
V012642,U00131,S0948,64.0,2024-03-04,57.0
V012643,U01140,S0201,219.0,2024-02-08,31.0
V012644,U01790,S0937,203.0,2024-05-28,15.0
V012645,U00979,S0114,500.0,2024-07-03,74.0
V012646,U01002,S0760,500.0,2024-06-19,41.0
V012647,U00664,S0914,500.0,2024-10-29,74.0
V012648,U00442,S0526,500.0,2024-10-18,63.0
V012649,U01414,S0535,219.0,2024-03-27,71.0
V012650,U00484,S0283,500.0,2024-10-14,80.0
V012651,U00593,S0776,500.0,2025-01-21,62.0
V012652,U00532,S0403,500.0,2024-08-04,93.0
V012653,U00761,S0165,500.0,2024-12-10,53.0
V012654,U01111,S0249,500.0,2024-06-08,36.0
V012655,U00099,S0094,102.0,2025-01-13,93.0
V012656,U01156,S0188,500.0,2025-05-10,61.0
V012657,U00604,S0284,500.0,2024-04-16,19.0
V012658,U00090,S0328,500.0,2024-12-20,38.0
V012659,U00722,S0892,500.0,2024-09-20,63.0
V012660,U01571,S0578,500.0,2025-04-30,94.0
V012661,U00388,S0206,174.0,2024-10-22,58.0
V012662,U00074,S0203,500.0,2024-12-22,77.0
V012663,U01074,S0418,29.0,2024-10-09,96.0
V012664,U01815,S0682,25.0,2025-04-04,55.0
V012665,U01676,S0812,50.0,2025-04-20,38.0
V012666,U01160,S0687,37.0,2024-04-04,93.0
V012667,U00610,S0089,151.0,2024-08-10,38.0
V012668,U00085,S0755,500.0,2024-05-07,38.0
V012669,U00001,S0601,500.0,2025-05-23,81.0
V012670,U01798,S0485,73.0,2024-04-14,40.0
V012671,U00673,S0421,27.0,2025-12-06,39.0
V012672,U00926,S0120,70.0,2025-01-29,43.0
V012673,U00048,S0258,500.0,2024-11-24,57.0
V012674,U01259,S0569,500.0,2025-04-04,90.0
V012675,U01571,S0513,219.0,2024-07-06,73.0
V012676,U00659,S0538,219.0,2024-08-04,76.0
V012677,U00579,S0307,500.0,2024-03-16,92.0
V012678,U01743,S0595,119.0,2025-01-20,25.0
V012679,U01452,S0744,71.0,2024-11-26,52.0
V012680,U00781,S0190,500.0,2024-11-11,59.0
V012681,U00846,S0921,76.0,2025-01-20,69.0
V012682,U01897,S0427,500.0,2024-09-16,17.0
V012683,U01924,S0134,145.0,2024-02-06,74.0
V012684,U01712,S0005,500.0,2025-01-04,75.0
V012685,U01565,S0728,500.0,2024-01-11,30.0
V012686,U00769,S0321,58.0,2024-04-09,66.0
V012687,U00074,S0187,500.0,2024-02-27,39.0
V012688,U01848,S0322,500.0,2024-11-24,79.0
V012689,U01865,S0276,219.0,2024-07-30,47.0
V012690,U01662,S0720,500.0,2024-03-08,70.0
V012691,U01089,S0257,195.0,2024-01-10,72.0
V012692,U00039,S0564,500.0,2024-09-20,42.0
V012693,U00716,S0713,24.0,2025-11-01,67.0
V012694,U00680,S0662,48.0,2025-05-21,52.0
V012695,U01774,S0781,500.0,2024-05-28,56.0
V012696,U00237,S0288,219.0,2025-04-23,32.0
V012697,U01665,S0538,14.0,2025-03-30,75.0
V012698,U01632,S0305,500.0,2024-09-25,91.0
V012699,U00009,S0471,500.0,2024-05-01,56.0
V012700,U01056,S0121,36.0,2024-10-15,55.0
V012701,U01903,S0781,200.0,2024-02-28,90.0
V012702,U00651,S0336,500.0,2024-02-05,32.0
V012703,U01238,S0917,102.0,2024-02-21,38.0
V012704,U00656,S0267,500.0,2024-11-16,56.0
V012705,U01350,S0183,41.0,2024-08-15,84.0
V012706,U00079,S0873,500.0,2024-12-07,11.0
V012707,U01381,S0128,500.0,2025-04-03,39.0
V012708,U00609,S0087,500.0,2025-05-19,34.0
V012709,U00684,S0288,500.0,2025-07-01,63.0
V012710,U00612,S0961,185.0,2024-07-26,75.0
V012711,U00525,S0492,500.0,2024-01-29,22.0
V012712,U00188,S0403,94.0,2024-05-27,19.0
V012713,U01097,S0119,500.0,2024-02-22,46.0
V012714,U01922,S0263,219.0,2024-01-08,66.0
V012715,U00264,S0153,183.0,2024-06-01,39.0
V012716,U01812,S0006,500.0,2024-06-12,30.0
V012717,U00418,S0766,500.0,2024-07-23,14.0
V012718,U01018,S0985,500.0,2025-03-04,10.0
V012719,U00199,S0422,79.0,2024-02-17,47.0
V012720,U00618,S0312,500.0,2024-11-30,81.0
V012721,U00672,S0944,500.0,2024-02-19,84.0
V012722,U01666,S0659,120.0,2025-06-14,29.0
V012723,U00917,S0028,86.0,2025-04-13,100.0
V012724,U00396,S0227,500.0,2024-03-06,99.0
V012725,U00334,S0691,500.0,2024-08-18,43.0
V012726,U01226,S0712,500.0,2025-01-29,92.0
V012727,U00766,S0516,38.0,2024-12-12,26.0
V012728,U00189,S0752,136.0,2024-06-03,61.0
V012729,U01209,S0170,62.0,2024-04-26,56.0
V012730,U00307,S0950,191.0,2025-04-10,92.0
V012731,U01462,S0007,211.0,2024-04-14,57.0
V012732,U00359,S0203,183.0,2024-05-26,40.0
V012733,U00598,S0627,500.0,2025-02-09,83.0
V012734,U00538,S0228,500.0,2024-10-22,79.0
V012735,U00172,S0287,500.0,2024-12-11,69.0
V012736,U00469,S0848,13.0,2025-08-02,37.0
V012737,U01916,S0493,500.0,2025-03-05,54.0
V012738,U01336,S0818,163.0,2024-04-21,80.0
V012739,U00352,S0838,500.0,2024-02-15,33.0
V012740,U00837,S0631,500.0,2024-04-18,94.0
V012741,U00444,S0940,219.0,2024-12-01,87.0
V012742,U00502,S0220,500.0,2024-01-24,30.0
V012743,U00260,S0940,111.0,2025-05-27,21.0
V012744,U01378,S0517,500.0,2025-06-06,21.0
V012745,U00740,S0985,500.0,2024-10-17,32.0
V012746,U01823,S0393,190.0,2024-09-15,91.0
V012747,U00331,S0361,80.0,2024-04-16,51.0
V012748,U01698,S0463,20.0,2024-06-18,72.0
V012749,U01620,S0902,500.0,2024-03-21,66.0
V012750,U00514,S0458,143.0,2024-09-12,81.0
V012751,U00984,S0635,121.0,2024-11-02,86.0
V012752,U01739,S0938,500.0,2025-04-29,60.0
V012753,U01173,S0188,500.0,2024-06-15,51.0
V012754,U00524,S0910,131.0,2024-10-25,90.0
V012755,U01641,S0030,130.0,2024-01-18,88.0
V012756,U00212,S0859,500.0,2024-06-06,78.0
V012757,U00893,S0707,219.0,2024-07-17,66.0
V012758,U00108,S0556,500.0,2024-02-24,31.0
V012759,U00372,S0407,500.0,2024-11-08,60.0
V012760,U00842,S0381,500.0,2024-12-27,22.0
V012761,U01166,S0044,14.0,2024-07-10,68.0
V012762,U01343,S0547,500.0,2024-11-30,10.0
V012763,U00738,S0918,37.0,2024-09-17,84.0
V012764,U00038,S0258,181.0,2024-11-09,29.0
V012765,U01937,S0973,163.0,2025-05-27,21.0
V012766,U01822,S0632,141.0,2024-09-15,19.0
V012767,U01374,S0469,64.0,2025-01-20,96.0
V012768,U00470,S0039,54.0,2024-11-12,74.0
V012769,U00389,S0683,500.0,2025-05-26,60.0
V012770,U00723,S0720,500.0,2025-02-06,63.0
V012771,U00970,S0464,137.0,2024-04-05,22.0
V012772,U01565,S0548,500.0,2024-11-04,92.0
V012773,U00601,S0726,63.0,2024-12-09,35.0
V012774,U00192,S0856,162.0,2024-07-10,62.0
V012775,U01920,S0770,500.0,2025-04-24,95.0
V012776,U01933,S0826,75.0,2024-06-25,56.0
V012777,U01866,S0440,139.0,2024-09-12,26.0
V012778,U01619,S0785,119.0,2024-11-13,19.0
V012779,U01261,S0420,500.0,2024-12-22,46.0
V012780,U01834,S0365,146.0,2024-08-17,53.0
V012781,U00938,S0986,500.0,2024-09-05,67.0
V012782,U01427,S0570,500.0,2025-01-30,91.0
V012783,U00553,S0207,500.0,2025-02-28,29.0
V012784,U00244,S0757,500.0,2025-01-01,10.0
V012785,U01765,S0302,500.0,2025-06-04,51.0
V012786,U00528,S0351,19.0,2024-09-01,77.0
V012787,U01647,S0656,99.0,2025-05-06,81.0
V012788,U00118,S0169,181.0,2024-11-26,12.0
V012789,U00792,S0530,500.0,2024-03-03,93.0
V012790,U01453,S0021,500.0,2025-06-02,89.0
V012791,U00614,S0474,44.0,2025-04-28,85.0
V012792,U00808,S0025,500.0,2024-04-19,100.0
V012793,U01337,S0146,56.0,2024-12-28,77.0
V012794,U00288,S0213,500.0,2024-07-06,49.0
V012795,U01662,S0779,19.0,2024-06-24,76.0
V012796,U00277,S0559,188.0,2024-04-09,81.0
V012797,U00668,S0200,173.0,2024-06-19,27.0
V012798,U00516,S0373,166.0,2024-12-07,66.0
V012799,U00244,S0694,500.0,2024-12-28,16.0
V012800,U00286,S0926,20.0,2024-04-11,66.0
V012801,U01090,S0443,207.0,2024-11-16,43.0
V012802,U00241,S0065,143.0,2024-12-29,76.0
V012803,U00786,S0451,200.0,2024-06-06,95.0
V012804,U00934,S0671,500.0,2025-02-06,31.0
V012805,U00745,S0769,27.0,2024-12-22,90.0
V012806,U01375,S0247,102.0,2024-04-06,82.0
V012807,U00841,S0080,120.0,2025-04-29,98.0
V012808,U01599,S0445,47.0,2024-04-10,44.0
V012809,U00409,S0400,43.0,2024-05-01,92.0
V012810,U01022,S0282,186.0,2024-10-06,97.0
V012811,U01925,S0504,9.0,2024-04-25,13.0
V012812,U01796,S0607,500.0,2024-04-05,17.0
V012813,U01144,S0380,219.0,2025-01-23,83.0
V012814,U00274,S0360,500.0,2024-04-03,15.0
V012815,U01235,S0695,500.0,2024-05-22,24.0
V012816,U01925,S0797,83.0,2024-04-10,51.0
V012817,U00638,S0468,500.0,2025-02-05,56.0
V012818,U00364,S0841,500.0,2024-03-06,80.0
V012819,U00191,S0540,128.0,2024-01-27,56.0
V012820,U00797,S0049,500.0,2025-06-21,49.0
V012821,U01391,S0299,500.0,2024-04-17,44.0
V012822,U00555,S0078,41.0,2024-04-08,91.0
V012823,U01752,S0938,33.0,2024-05-04,76.0
V012824,U01891,S0972,176.0,2025-04-23,50.0
V012825,U01280,S0235,500.0,2024-12-18,52.0
V012826,U00245,S0336,61.0,2025-12-03,62.0
V012827,U01545,S0002,126.0,2024-07-18,95.0
V012828,U00167,S0032,500.0,2024-12-14,34.0
V012829,U01639,S0443,191.0,2025-03-06,31.0
V012830,U00263,S0287,131.0,2025-02-14,20.0
V012831,U01897,S0556,68.0,2025-02-28,27.0
V012832,U00652,S0495,17.0,2025-01-27,50.0
V012833,U01680,S0093,107.0,2024-02-04,23.0
V012834,U01898,S0576,500.0,2024-03-20,56.0
V012835,U01863,S0731,500.0,2024-05-21,76.0
V012836,U01092,S0688,500.0,2024-07-20,72.0
V012837,U00103,S0179,500.0,2025-03-19,87.0
V012838,U01651,S0585,144.0,2024-06-27,91.0
V012839,U01731,S0721,500.0,2024-10-12,31.0
V012840,U00316,S0235,177.0,2024-05-22,28.0
V012841,U01633,S0929,38.0,2025-02-17,66.0
V012842,U01413,S0870,500.0,2024-06-24,75.0
V012843,U00485,S0213,500.0,2024-05-17,32.0
V012844,U01863,S0242,500.0,2025-06-03,16.0
V012845,U00196,S0869,500.0,2024-10-15,24.0
V012846,U01216,S0052,214.0,2025-05-22,48.0
V012847,U01562,S0627,500.0,2025-02-09,13.0
V012848,U00840,S0651,500.0,2024-01-23,20.0
V012849,U01148,S0384,500.0,2024-02-25,21.0
V012850,U00083,S0779,500.0,2025-03-05,64.0
V012851,U00363,S0876,500.0,2024-11-17,95.0
V012852,U01845,S0280,500.0,2024-07-07,75.0
V012853,U01269,S0715,220.0,2025-11-05,75.0
V012854,U01553,S0642,203.0,2024-08-01,60.0
V012855,U01944,S0646,51.0,2024-05-20,73.0
V012856,U00761,S0357,14.0,2024-10-08,86.0
V012857,U01578,S0297,163.0,2024-04-10,81.0
V012858,U01768,S0409,195.0,2025-01-19,31.0
V012859,U01709,S0412,500.0,2024-07-22,45.0
V012860,U00003,S0504,194.0,2024-03-25,87.0
V012861,U00416,S0567,70.0,2024-09-26,62.0
V012862,U00158,S0493,500.0,2025-03-20,88.0
V012863,U00910,S0890,500.0,2024-08-11,53.0
V012864,U01811,S0456,500.0,2025-03-03,95.0
V012865,U00875,S0313,500.0,2024-07-19,77.0
V012866,U01144,S0727,500.0,2025-05-21,32.0
V012867,U00051,S0931,500.0,2025-04-27,69.0
V012868,U00947,S0408,132.0,2025-05-06,48.0
V012869,U00718,S0114,500.0,2025-05-01,27.0
V012870,U01937,S0288,500.0,2025-06-11,29.0
V012871,U01654,S0824,48.0,2024-11-20,94.0
V012872,U00281,S0177,500.0,2025-05-08,80.0
V012873,U00126,S0226,138.0,2025-01-02,38.0
V012874,U00109,S0550,500.0,2024-06-13,64.0
V012875,U01699,S0728,500.0,2024-01-26,70.0
V012876,U01215,S0327,208.0,2025-01-30,21.0
V012877,U00197,S0879,177.0,2025-04-04,97.0
V012878,U00310,S0457,500.0,2024-12-17,93.0
V012879,U01848,S0141,500.0,2024-01-16,46.0
V012880,U01922,S0499,500.0,2024-10-25,57.0
V012881,U01911,S0428,146.0,2025-04-13,45.0
V012882,U00817,S0121,15.0,2024-06-03,60.0
V012883,U00140,S0179,21.0,2024-11-15,83.0
V012884,U01636,S0252,500.0,2024-03-05,12.0
V012885,U00092,S0700,500.0,2024-02-14,39.0
V012886,U00413,S0901,500.0,2024-11-15,44.0
V012887,U00060,S0399,53.0,2024-07-01,67.0
V012888,U00301,S0920,182.0,2024-10-22,68.0
V012889,U00945,S0859,108.0,2024-10-28,55.0
V012890,U00284,S0720,500.0,2024-12-12,59.0
V012891,U00203,S0849,500.0,2024-11-01,18.0
V012892,U00876,S0995,500.0,2025-04-01,13.0
V012893,U01329,S0140,54.0,2025-01-04,46.0
V012894,U01856,S0616,500.0,2025-04-21,15.0
V012895,U00186,S0164,500.0,2024-03-30,35.0
V012896,U00201,S0409,500.0,2024-12-30,56.0
V012897,U00642,S0463,182.0,2024-03-13,86.0
V012898,U00078,S0092,219.0,2024-09-29,77.0
V012899,U01713,S0710,109.0,2024-08-20,48.0
V012900,U00741,S0458,500.0,2025-06-19,87.0
V012901,U00846,S0346,500.0,2024-10-21,45.0
V012902,U00793,S0921,72.0,2025-04-29,92.0
V012903,U00529,S0309,164.0,2024-01-21,57.0
V012904,U00669,S0796,62.0,2025-01-18,26.0
V012905,U00450,S0100,500.0,2024-07-07,49.0
V012906,U01892,S0788,186.0,2024-08-14,38.0
V012907,U00795,S0072,219.0,2025-03-21,96.0
V012908,U01386,S0933,53.0,2025-08-04,52.0
V012909,U00257,S0720,78.0,2024-07-24,20.0
V012910,U00792,S0533,196.0,2025-04-02,55.0
V012911,U00085,S0224,500.0,2024-07-13,43.0
V012912,U01467,S0379,500.0,2024-01-06,27.0
V012913,U00817,S0637,500.0,2024-07-14,43.0
V012914,U00864,S0639,83.0,2024-05-26,37.0
V012915,U00071,S0671,500.0,2025-03-20,44.0
V012916,U01195,S0542,500.0,2025-04-18,83.0
V012917,U01033,S0939,500.0,2025-06-12,33.0
V012918,U01460,S0544,500.0,2024-12-02,31.0
V012919,U00885,S0116,500.0,2024-04-11,38.0
V012920,U00530,S0849,500.0,2024-07-16,14.0
V012921,U01627,S0024,16.0,2025-04-03,38.0
V012922,U00286,S0335,500.0,2025-03-25,99.0
V012923,U00346,S0637,500.0,2025-10-04,67.0
V012924,U00179,S0336,500.0,2024-01-04,47.0
V012925,U00726,S0739,500.0,2024-10-08,85.0
V012926,U01590,S0311,500.0,2024-03-14,16.0
V012927,U01889,S0342,157.0,2025-10-06,56.0
V012928,U00949,S0031,124.0,2025-04-24,17.0
V012929,U01729,S0798,155.0,2025-04-13,22.0
V012930,U01823,S0475,500.0,2025-02-13,49.0
V012931,U00634,S0905,161.0,2025-02-09,100.0
V012932,U01576,S0240,6.0,2024-07-15,90.0
V012933,U00690,S0887,500.0,2024-10-09,46.0
V012934,U01706,S0270,218.0,2024-03-13,74.0
V012935,U00126,S0041,199.0,2024-04-29,11.0
V012936,U01051,S0076,500.0,2024-09-17,69.0
V012937,U00328,S0615,20.0,2024-12-11,33.0
V012938,U01117,S0899,143.0,2024-06-19,97.0
V012939,U00364,S0634,500.0,2025-01-04,37.0
V012940,U01611,S0631,190.0,2024-12-14,48.0
V012941,U01581,S0432,500.0,2025-09-04,55.0
V012942,U01252,S0870,49.0,2024-11-18,44.0
V012943,U00500,S0759,25.0,2024-09-12,22.0
V012944,U01211,S0464,159.0,2025-01-03,73.0
V012945,U00019,S0981,500.0,2024-03-30,100.0
V012946,U01037,S0218,500.0,2025-02-24,76.0
V012947,U01575,S0598,95.0,2024-12-24,72.0
V012948,U00951,S0981,500.0,2024-07-25,70.0
V012949,U00281,S0228,500.0,2024-09-02,35.0
V012950,U01485,S0629,500.0,2024-01-28,10.0
V012951,U01518,S0490,95.0,2024-03-27,46.0
V012952,U01587,S0121,93.0,2025-01-03,33.0
V012953,U01638,S0706,90.0,2025-05-22,59.0
V012954,U01878,S0937,67.0,2024-09-06,56.0
V012955,U00295,S0736,500.0,2025-03-19,79.0
V012956,U00182,S0520,87.0,2024-02-20,53.0
V012957,U00663,S0881,500.0,2024-01-12,46.0
V012958,U01938,S0238,48.0,2024-05-22,68.0
V012959,U00963,S0123,500.0,2024-10-10,97.0
V012960,U00142,S0298,153.0,2024-08-28,27.0
V012961,U00648,S0211,34.0,2024-11-17,85.0
V012962,U01738,S0007,112.0,2025-08-05,39.0
V012963,U01226,S0936,209.0,2024-07-21,98.0
V012964,U01573,S0237,146.0,2025-02-22,28.0
V012965,U01750,S0925,500.0,2024-12-09,97.0
V012966,U00459,S0617,38.0,2024-09-17,38.0
V012967,U01500,S0546,185.0,2025-04-29,52.0
V012968,U01920,S0235,500.0,2024-03-03,18.0
V012969,U00902,S0207,500.0,2025-03-05,22.0
V012970,U00525,S0485,180.0,2024-08-05,34.0
V012971,U00415,S0733,500.0,2024-04-18,21.0
V012972,U01256,S0897,500.0,2025-05-23,71.0
V012973,U01778,S0165,38.0,2024-03-06,94.0
V012974,U00523,S0648,500.0,2025-05-31,52.0
V012975,U01899,S0663,72.0,2024-01-23,31.0
V012976,U01282,S0558,500.0,2024-06-09,28.0
V012977,U01755,S0801,104.0,2024-04-03,82.0
V012978,U00702,S0625,500.0,2024-03-11,19.0
V012979,U00323,S0955,51.0,2024-09-25,56.0
V012980,U01523,S0648,500.0,2024-05-07,81.0
V012981,U00288,S0338,150.0,2025-01-23,36.0
V012982,U01474,S0494,500.0,2025-06-14,84.0
V012983,U01621,S0596,500.0,2024-03-15,71.0
V012984,U00723,S0050,500.0,2025-02-13,27.0
V012985,U01918,S0067,39.0,2024-07-12,21.0
V012986,U00841,S0689,35.0,2025-08-01,100.0
V012987,U00577,S0287,156.0,2024-10-03,21.0
V012988,U01213,S0175,500.0,2025-05-29,14.0
V012989,U00975,S0514,47.0,2025-02-16,85.0
V012990,U01089,S0460,500.0,2024-12-05,93.0
V012991,U00592,S0719,219.0,2025-03-04,28.0
V012992,U01996,S0034,500.0,2024-10-26,62.0
V012993,U01931,S0086,82.0,2024-11-08,57.0
V012994,U01476,S0119,500.0,2024-05-02,34.0
V012995,U00803,S0834,160.0,2025-02-17,64.0
V012996,U01193,S0792,500.0,2024-06-10,53.0
V012997,U01482,S0226,126.0,2024-11-28,98.0
V012998,U00586,S0325,137.0,2024-03-28,22.0
V012999,U00175,S0440,117.0,2024-07-12,41.0
V013000,U00340,S0413,500.0,2024-11-21,77.0
V013001,U00336,S0990,7.0,2024-01-20,31.0
V013002,U01223,S0335,500.0,2024-03-06,76.0
V013003,U01011,S0986,209.0,2024-11-26,31.0
V013004,U00293,S0047,500.0,2025-02-21,56.0
V013005,U00781,S0894,500.0,2024-10-21,11.0
V013006,U00719,S0371,500.0,2025-03-12,63.0
V013007,U00877,S0774,500.0,2024-02-04,97.0
V013008,U01531,S0542,40.0,2025-05-24,71.0
V013009,U01405,S0940,40.0,2024-02-09,77.0
V013010,U00848,S0358,181.0,2024-05-31,79.0
V013011,U00694,S0118,107.0,2024-03-06,31.0
V013012,U00547,S0368,113.0,2025-09-01,64.0
V013013,U00307,S0621,84.0,2024-12-09,82.0
V013014,U01589,S0277,500.0,2024-10-26,75.0
V013015,U00164,S0932,500.0,2024-04-21,75.0
V013016,U01840,S0199,56.0,2024-04-13,39.0
V013017,U01452,S0871,188.0,2024-01-25,25.0
V013018,U00623,S0245,190.0,2024-06-14,57.0
V013019,U00302,S0163,500.0,2025-01-28,54.0
V013020,U00233,S0672,500.0,2025-03-31,69.0
V013021,U01974,S0936,113.0,2025-01-15,95.0
V013022,U01405,S0167,108.0,2024-02-28,43.0
V013023,U00375,S0074,500.0,2025-02-19,100.0
V013024,U01563,S0850,99.0,2024-03-03,100.0
V013025,U00652,S0639,180.0,2025-06-19,77.0
V013026,U01239,S0573,500.0,2025-01-20,84.0
V013027,U00881,S0607,500.0,2024-02-20,87.0
V013028,U00643,S0495,500.0,2024-12-08,10.0
V013029,U01048,S0224,500.0,2024-11-17,51.0
V013030,U01649,S0303,190.0,2025-01-15,56.0
V013031,U00015,S0478,23.0,2024-11-26,69.0
V013032,U00569,S0524,500.0,2025-03-19,47.0
V013033,U01134,S0181,500.0,2024-08-05,76.0
V013034,U00083,S0836,500.0,2024-10-31,63.0
V013035,U00228,S0180,219.0,2024-02-07,39.0
V013036,U00769,S0987,500.0,2024-05-10,80.0
V013037,U00544,S0140,500.0,2024-02-28,16.0
V013038,U01490,S0032,114.0,2024-05-19,44.0
V013039,U01051,S0402,203.0,2025-04-06,75.0
V013040,U00252,S0523,500.0,2024-06-15,69.0
V013041,U01126,S0787,213.0,2024-04-15,18.0
V013042,U00698,S0090,500.0,2024-12-15,44.0
V013043,U01030,S0715,138.0,2025-05-29,71.0
V013044,U00869,S0558,211.0,2025-04-01,78.0
V013045,U01814,S0270,41.0,2024-10-01,93.0
V013046,U00145,S0390,213.0,2024-12-29,58.0
V013047,U00245,S0232,500.0,2024-10-18,18.0
V013048,U01166,S0658,161.0,2024-05-15,33.0
V013049,U00751,S0195,500.0,2025-01-14,91.0
V013050,U00846,S0131,59.0,2024-02-12,53.0
V013051,U01508,S0091,54.0,2025-05-28,68.0
V013052,U01150,S0768,67.0,2024-10-27,86.0
V013053,U00614,S0040,114.0,2024-11-19,75.0
V013054,U00706,S0492,500.0,2024-03-26,56.0
V013055,U01222,S0781,500.0,2024-12-03,90.0
V013056,U01699,S0593,500.0,2024-02-12,29.0
V013057,U01903,S0960,500.0,2024-12-22,78.0
V013058,U01284,S0308,100.0,2025-03-30,65.0
V013059,U00070,S0807,206.0,2024-04-17,11.0
V013060,U00934,S0175,50.0,2024-04-17,39.0
V013061,U00906,S0453,152.0,2024-05-28,25.0
V013062,U00562,S0193,72.0,2024-03-26,28.0
V013063,U01464,S0627,55.0,2025-05-06,60.0
V013064,U01156,S0633,500.0,2025-03-02,74.0
V013065,U00195,S0300,500.0,2025-01-19,87.0
V013066,U00983,S0883,137.0,2025-09-02,56.0
V013067,U00678,S0910,500.0,2024-03-18,29.0
V013068,U01357,S0226,500.0,2025-03-26,52.0
V013069,U00213,S0005,500.0,2024-11-17,47.0
V013070,U01605,S0847,500.0,2024-01-14,66.0
V013071,U01286,S0524,94.0,2024-08-25,24.0
V013072,U01447,S0853,500.0,2024-05-15,56.0
V013073,U01211,S0353,98.0,2025-03-01,48.0
V013074,U00241,S0353,500.0,2024-11-05,73.0
V013075,U00559,S0239,99.0,2025-06-22,86.0
V013076,U00402,S0113,184.0,2024-01-30,86.0
V013077,U01492,S0852,500.0,2024-09-28,92.0
V013078,U01653,S0663,69.0,2024-03-26,71.0
V013079,U00394,S0046,500.0,2025-03-31,84.0
V013080,U00356,S0821,18.0,2024-05-28,56.0
V013081,U01974,S0817,66.0,2025-02-23,80.0
V013082,U01279,S0298,90.0,2025-01-01,75.0
V013083,U00774,S0180,186.0,2024-04-11,96.0
V013084,U00953,S0274,172.0,2024-05-08,79.0
V013085,U00958,S0870,500.0,2024-04-16,62.0
V013086,U01965,S0382,500.0,2024-06-05,35.0
V013087,U01722,S0427,500.0,2025-01-24,46.0
V013088,U01958,S0375,211.0,2025-05-27,14.0
V013089,U01671,S0268,500.0,2024-05-20,46.0
V013090,U00064,S0961,500.0,2024-02-12,59.0
V013091,U01101,S0898,500.0,2025-02-20,89.0
V013092,U00793,S0039,217.0,2025-01-29,56.0
V013093,U01651,S0798,500.0,2024-03-31,73.0
V013094,U00191,S0057,500.0,2024-08-06,29.0
V013095,U01802,S0898,500.0,2025-11-05,73.0
V013096,U00107,S0785,500.0,2024-01-04,57.0
V013097,U01703,S0932,500.0,2025-01-30,11.0
V013098,U01589,S0215,500.0,2024-02-16,99.0
V013099,U00118,S0936,98.0,2024-10-28,30.0
V013100,U00415,S0295,74.0,2024-05-10,56.0
V013101,U01231,S0858,219.0,2024-06-04,27.0
V013102,U01015,S0187,500.0,2024-01-20,32.0
V013103,U01614,S0713,35.0,2025-04-14,96.0
V013104,U00153,S0705,219.0,2024-05-20,15.0
V013105,U00196,S0706,51.0,2024-06-20,13.0
V013106,U00521,S0341,135.0,2024-07-12,56.0
V013107,U00983,S0428,500.0,2025-06-10,44.0
V013108,U01632,S0616,157.0,2025-01-13,49.0
V013109,U00023,S0532,110.0,2024-03-03,92.0
V013110,U01538,S0218,500.0,2025-03-26,61.0
V013111,U01004,S0745,500.0,2024-01-31,56.0
V013112,U01713,S0275,90.0,2024-01-20,19.0
V013113,U00503,S0290,120.0,2024-02-17,63.0
V013114,U00965,S0314,500.0,2025-03-31,55.0
V013115,U00964,S0732,500.0,2024-11-18,66.0
V013116,U00874,S0144,68.0,2024-03-04,66.0
V013117,U00799,S0386,204.0,2024-08-03,74.0
V013118,U00109,S0257,500.0,2024-04-29,33.0
V013119,U01037,S0302,32.0,2025-02-20,97.0
V013120,U00374,S0171,52.0,2024-06-21,35.0
V013121,U01267,S0816,63.0,2024-10-19,76.0
V013122,U00389,S0700,63.0,2025-05-15,77.0
V013123,U00756,S0033,500.0,2024-09-28,11.0
V013124,U00400,S0269,500.0,2024-02-13,84.0
V013125,U00989,S0770,180.0,2025-01-16,43.0
V013126,U00889,S0688,500.0,2024-04-26,79.0
V013127,U01360,S0664,106.0,2025-03-22,97.0
V013128,U00641,S0527,500.0,2025-04-19,20.0
V013129,U00169,S0604,500.0,2024-06-02,78.0
V013130,U01203,S0749,500.0,2024-10-12,23.0
V013131,U00094,S0931,500.0,2024-01-18,28.0
V013132,U01595,S0067,500.0,2024-11-11,74.0
V013133,U00881,S0283,156.0,2024-07-16,55.0
V013134,U01925,S0601,500.0,2024-02-22,91.0
V013135,U00893,S0252,500.0,2025-05-15,59.0
V013136,U00686,S0328,500.0,2025-03-13,75.0
V013137,U01737,S0349,500.0,2024-09-25,26.0
V013138,U01242,S0020,138.0,2025-05-18,44.0
V013139,U01609,S0765,500.0,2024-06-20,27.0
V013140,U01152,S0003,500.0,2024-11-26,62.0
V013141,U01713,S0832,500.0,2024-05-02,33.0
V013142,U00960,S0361,105.0,2025-05-15,67.0
V013143,U01677,S0370,195.0,2024-12-12,34.0
V013144,U00793,S0743,500.0,2024-12-06,94.0
V013145,U01228,S0234,500.0,2024-10-26,85.0
V013146,U00559,S0301,23.0,2025-02-02,16.0
V013147,U00079,S0530,46.0,2024-05-02,14.0
V013148,U00344,S0399,500.0,2024-07-23,75.0
V013149,U01145,S0398,500.0,2024-09-10,85.0
V013150,U01691,S0983,90.0,2025-05-26,51.0
V013151,U00789,S0042,500.0,2024-10-30,14.0
V013152,U01679,S0752,105.0,2025-05-29,81.0
V013153,U00615,S0185,212.0,2024-10-10,92.0
V013154,U01706,S0425,500.0,2025-04-12,27.0
V013155,U00420,S0696,500.0,2025-05-03,37.0
V013156,U00502,S0964,207.0,2025-02-22,49.0
V013157,U01164,S0152,162.0,2025-01-26,39.0
V013158,U00840,S0121,152.0,2025-03-23,32.0
V013159,U00836,S0107,207.0,2024-01-14,24.0
V013160,U00619,S0829,500.0,2024-07-31,48.0
V013161,U00313,S0021,500.0,2024-04-25,97.0
V013162,U00634,S0200,500.0,2025-02-08,41.0
V013163,U01320,S0703,130.0,2024-05-17,81.0
V013164,U01802,S0486,162.0,2024-06-02,100.0
V013165,U00034,S0814,500.0,2025-02-04,11.0
V013166,U01197,S0429,500.0,2025-03-30,30.0
V013167,U01710,S0260,500.0,2024-11-16,56.0
V013168,U01317,S0506,500.0,2024-08-10,59.0
V013169,U00736,S0923,115.0,2024-03-23,80.0
V013170,U00757,S0866,500.0,2024-09-29,45.0
V013171,U01668,S0391,107.0,2024-07-26,16.0
V013172,U00022,S0242,500.0,2024-04-14,76.0
V013173,U00860,S0446,194.0,2024-02-03,18.0
V013174,U01323,S0001,500.0,2025-05-26,98.0
V013175,U01159,S0638,500.0,2024-07-06,31.0
V013176,U00688,S0055,500.0,2025-06-13,73.0
V013177,U00671,S0322,500.0,2024-09-15,100.0
V013178,U01823,S0086,500.0,2024-04-18,100.0
V013179,U01503,S0039,11.0,2025-04-06,42.0
V013180,U00635,S0353,500.0,2025-01-21,23.0
V013181,U01796,S0459,39.0,2024-09-01,26.0
V013182,U00306,S0788,500.0,2024-06-10,57.0
V013183,U00535,S0298,500.0,2024-02-16,65.0
V013184,U01652,S0218,164.0,2025-10-01,17.0
V013185,U01885,S0594,28.0,2024-12-30,90.0
V013186,U01082,S0619,500.0,2024-07-27,11.0
V013187,U01762,S0689,30.0,2024-02-14,58.0
V013188,U01234,S0926,500.0,2025-05-02,41.0
V013189,U01451,S0120,500.0,2025-05-21,59.0
V013190,U00808,S0498,500.0,2025-02-02,55.0
V013191,U01846,S0577,500.0,2024-06-24,15.0
V013192,U01882,S0311,500.0,2024-02-12,58.0
V013193,U01895,S0032,5.0,2024-02-16,62.0
V013194,U01003,S0762,500.0,2025-05-22,94.0
V013195,U00389,S0538,106.0,2024-10-16,81.0
V013196,U00603,S0975,95.0,2024-12-25,55.0
V013197,U01336,S0062,500.0,2024-03-20,99.0
V013198,U00071,S0728,186.0,2025-03-21,10.0
V013199,U00522,S0753,500.0,2024-01-26,61.0
V013200,U00238,S0378,29.0,2024-08-23,96.0
V013201,U01345,S0619,500.0,2025-02-21,96.0
V013202,U00594,S0865,500.0,2024-06-10,23.0
V013203,U01578,S0244,500.0,2024-09-27,31.0
V013204,U00135,S0323,33.0,2024-01-06,47.0
V013205,U01664,S0273,500.0,2024-03-27,67.0
V013206,U00924,S0949,500.0,2024-09-15,47.0
V013207,U01492,S0454,500.0,2024-07-15,87.0
V013208,U01891,S0040,500.0,2025-02-08,27.0
V013209,U00695,S0241,500.0,2024-06-20,96.0
V013210,U01607,S0583,500.0,2024-09-02,86.0
V013211,U01172,S0663,182.0,2024-03-26,26.0
V013212,U01837,S0574,500.0,2024-01-14,32.0
V013213,U00170,S0886,145.0,2024-09-06,22.0
V013214,U01397,S0761,153.0,2024-04-28,29.0
V013215,U00159,S0601,500.0,2024-02-07,98.0
V013216,U01372,S0173,500.0,2024-02-23,25.0
V013217,U01043,S0083,83.0,2025-05-06,21.0
V013218,U00083,S0750,500.0,2024-10-16,72.0
V013219,U01684,S0837,30.0,2024-02-22,62.0
V013220,U00278,S0740,163.0,2025-01-22,69.0
V013221,U01425,S0859,126.0,2024-02-14,56.0
V013222,U00622,S0498,219.0,2025-03-19,60.0
V013223,U00449,S0220,500.0,2025-06-17,96.0
V013224,U01093,S0938,11.0,2024-07-05,85.0
V013225,U01916,S0166,219.0,2024-08-25,52.0
V013226,U00248,S0229,64.0,2025-02-06,91.0
V013227,U01624,S0690,51.0,2025-07-04,28.0
V013228,U01848,S0338,500.0,2025-04-16,33.0
V013229,U00535,S0652,219.0,2025-04-20,17.0
V013230,U00091,S0693,500.0,2024-01-24,45.0
V013231,U01269,S0657,500.0,2024-02-24,55.0
V013232,U00932,S0917,31.0,2024-01-22,69.0
V013233,U01042,S0138,110.0,2025-06-05,41.0
V013234,U00224,S0222,7.0,2024-04-23,99.0
V013235,U00483,S0904,500.0,2025-03-28,62.0
V013236,U00093,S0170,80.0,2024-04-24,55.0
V013237,U00268,S0945,214.0,2024-09-28,74.0
V013238,U00795,S0978,219.0,2024-10-24,88.0
V013239,U01004,S0862,94.0,2024-10-04,70.0
V013240,U00734,S0274,193.0,2025-03-06,97.0
V013241,U00242,S0047,162.0,2024-11-17,63.0
V013242,U01302,S0918,500.0,2024-09-24,65.0
V013243,U00927,S0798,219.0,2025-04-23,26.0
V013244,U01484,S0857,500.0,2024-06-05,75.0
V013245,U01110,S0844,81.0,2025-01-15,31.0
V013246,U01582,S0718,6.0,2024-06-16,84.0
V013247,U01898,S0277,164.0,2024-02-27,22.0
V013248,U01971,S0049,500.0,2024-01-15,47.0
V013249,U01030,S0696,93.0,2024-08-31,69.0
V013250,U00958,S0181,82.0,2024-10-25,15.0
V013251,U00520,S0567,500.0,2024-01-22,83.0
V013252,U00770,S0174,179.0,2024-04-16,30.0
V013253,U01898,S0754,500.0,2024-01-18,56.0
V013254,U01833,S0685,179.0,2024-08-14,43.0
V013255,U01320,S0467,38.0,2024-05-07,10.0
V013256,U01160,S0396,10.0,2024-08-06,67.0
V013257,U00012,S0274,500.0,2024-10-28,22.0
V013258,U01736,S0467,209.0,2024-02-15,78.0
V013259,U00740,S0089,500.0,2024-05-04,31.0
V013260,U01528,S0491,500.0,2024-04-21,47.0
V013261,U00685,S0885,9.0,2025-02-27,11.0
V013262,U01090,S0854,210.0,2024-10-15,51.0
V013263,U00973,S0678,19.0,2024-01-16,34.0
V013264,U00372,S0624,500.0,2025-03-05,70.0
V013265,U00948,S0728,88.0,2024-12-04,15.0
V013266,U00970,S0070,215.0,2024-06-23,92.0
V013267,U01737,S0095,116.0,2025-04-01,22.0
V013268,U00059,S0981,500.0,2024-02-03,85.0
V013269,U00741,S0914,500.0,2025-01-05,48.0
V013270,U01158,S0866,500.0,2024-11-20,86.0
V013271,U01054,S0094,56.0,2024-11-16,66.0
V013272,U00700,S0585,500.0,2025-03-05,70.0
V013273,U01567,S0760,500.0,2025-12-02,77.0
V013274,U00991,S0987,48.0,2024-09-26,59.0
V013275,U00985,S0709,48.0,2025-01-19,60.0
V013276,U00107,S0188,500.0,2025-01-01,100.0
V013277,U01395,S0203,500.0,2024-11-01,48.0
V013278,U00533,S0959,196.0,2025-03-19,20.0
V013279,U00825,S0496,500.0,2025-06-14,14.0
V013280,U01324,S0939,500.0,2024-01-21,24.0
V013281,U01904,S0415,500.0,2025-04-02,64.0
V013282,U00409,S0674,179.0,2025-02-15,63.0
V013283,U00591,S0235,120.0,2024-03-23,71.0
V013284,U00596,S0553,146.0,2025-02-06,19.0
V013285,U01443,S0146,175.0,2024-04-29,44.0
V013286,U01880,S0405,96.0,2024-05-07,19.0
V013287,U00030,S0057,500.0,2024-12-18,65.0
V013288,U00222,S0283,500.0,2024-02-24,76.0
V013289,U00546,S0790,500.0,2024-08-28,87.0
V013290,U00269,S0802,219.0,2024-08-30,80.0
V013291,U00909,S0120,500.0,2024-10-25,18.0
V013292,U01787,S0151,210.0,2024-03-09,54.0
V013293,U01153,S0133,42.0,2025-01-16,85.0
V013294,U00313,S0427,177.0,2025-01-08,17.0
V013295,U00769,S0258,500.0,2025-04-05,69.0
V013296,U00995,S0660,175.0,2024-04-28,100.0
V013297,U01451,S0716,500.0,2024-11-15,76.0
V013298,U00884,S0561,500.0,2024-02-22,54.0
V013299,U00179,S0917,500.0,2025-02-19,83.0
V013300,U00338,S0708,500.0,2025-04-17,41.0
V013301,U00227,S0720,500.0,2025-01-16,43.0
V013302,U01134,S0003,159.0,2025-05-31,42.0
V013303,U01178,S0487,121.0,2024-04-24,18.0
V013304,U00511,S0764,500.0,2024-07-10,56.0
V013305,U01952,S0083,500.0,2024-12-12,29.0
V013306,U00773,S0711,500.0,2025-01-17,90.0
V013307,U00862,S0711,500.0,2024-09-29,74.0
V013308,U00652,S0894,121.0,2024-08-07,97.0
V013309,U00548,S0505,500.0,2025-06-20,71.0
V013310,U01170,S0287,185.0,2024-01-03,16.0
V013311,U00131,S0343,56.0,2024-04-06,12.0
V013312,U01902,S0030,90.0,2024-03-21,30.0
V013313,U00023,S0906,219.0,2024-01-28,72.0
V013314,U00275,S0039,500.0,2024-04-26,66.0
V013315,U01371,S0524,500.0,2024-07-20,62.0
V013316,U00249,S0578,145.0,2024-08-06,92.0
V013317,U01662,S0761,211.0,2025-02-22,47.0
V013318,U01526,S0081,142.0,2024-09-17,96.0
V013319,U00628,S0770,70.0,2025-06-05,20.0
V013320,U01308,S0013,500.0,2025-01-07,92.0
V013321,U00082,S0096,500.0,2024-08-14,22.0
V013322,U00100,S0169,45.0,2024-12-09,18.0
V013323,U00496,S0443,135.0,2025-02-20,89.0
V013324,U00842,S0431,500.0,2025-01-15,99.0
V013325,U00315,S0761,119.0,2024-04-07,89.0
V013326,U01207,S0008,500.0,2024-10-26,45.0
V013327,U01147,S0870,500.0,2025-05-14,81.0
V013328,U01983,S0308,500.0,2025-06-11,28.0
V013329,U01389,S0637,500.0,2024-12-29,72.0
V013330,U01196,S0194,500.0,2024-02-15,53.0
V013331,U01763,S0052,500.0,2024-09-28,72.0
V013332,U01014,S0254,500.0,2024-07-31,88.0
V013333,U01081,S0701,205.0,2025-05-26,59.0
V013334,U01876,S0834,500.0,2025-07-04,31.0
V013335,U01644,S0525,74.0,2025-10-02,60.0
V013336,U01605,S0870,75.0,2024-03-31,79.0
V013337,U01622,S0780,57.0,2025-11-05,40.0
V013338,U01551,S0884,70.0,2024-07-23,74.0
V013339,U01230,S0615,500.0,2024-11-29,34.0
V013340,U00720,S0538,500.0,2024-05-27,22.0
V013341,U01140,S0328,500.0,2024-05-25,31.0
V013342,U00565,S0920,500.0,2025-09-05,96.0
V013343,U01470,S0140,500.0,2024-01-04,50.0
V013344,U00919,S0082,500.0,2025-12-02,27.0
V013345,U00488,S0754,33.0,2024-02-20,42.0
V013346,U00601,S0348,114.0,2024-07-26,12.0
V013347,U00530,S0503,500.0,2025-02-13,99.0
V013348,U01642,S0942,500.0,2024-02-14,47.0
V013349,U00445,S0783,142.0,2024-09-07,54.0
V013350,U01418,S0743,74.0,2024-12-03,78.0
V013351,U01110,S0369,500.0,2025-02-06,40.0
V013352,U01976,S0767,68.0,2024-07-02,15.0
V013353,U00715,S0613,171.0,2024-08-13,100.0
V013354,U00967,S0307,500.0,2025-04-01,62.0
V013355,U00611,S0225,30.0,2025-02-05,72.0
V013356,U01162,S0496,500.0,2025-03-18,67.0
V013357,U01568,S0900,500.0,2024-11-06,59.0
V013358,U01986,S0478,500.0,2025-03-05,52.0
V013359,U00255,S0963,500.0,2024-12-26,38.0
V013360,U01724,S0500,180.0,2025-02-22,64.0
V013361,U01254,S0604,500.0,2025-03-20,18.0
V013362,U00911,S0521,500.0,2024-04-16,29.0
V013363,U01465,S0544,500.0,2024-01-14,58.0
V013364,U00658,S0615,157.0,2025-01-27,52.0
V013365,U00275,S0026,500.0,2024-12-02,38.0
V013366,U00459,S0162,500.0,2025-02-14,26.0
V013367,U00696,S0572,32.0,2024-03-19,68.0
V013368,U00503,S0174,73.0,2024-03-26,26.0
V013369,U01322,S0424,500.0,2024-11-27,97.0
V013370,U00979,S0995,204.0,2024-12-22,30.0
V013371,U01027,S0598,500.0,2025-02-25,56.0
V013372,U00253,S0426,205.0,2025-06-20,18.0
V013373,U01849,S0831,72.0,2025-04-16,56.0
V013374,U00661,S0939,159.0,2024-10-25,94.0
V013375,U01401,S0396,500.0,2024-03-02,56.0
V013376,U00688,S0860,500.0,2025-02-22,68.0
V013377,U01114,S0340,500.0,2024-07-25,95.0
V013378,U01428,S0980,95.0,2024-06-09,96.0
V013379,U01441,S0053,500.0,2025-01-01,22.0
V013380,U00479,S0901,500.0,2024-06-04,29.0
V013381,U00961,S0815,500.0,2024-06-03,43.0
V013382,U01869,S0868,500.0,2024-12-24,47.0
V013383,U01584,S0862,500.0,2025-10-04,25.0
V013384,U01971,S0652,500.0,2025-02-06,56.0
V013385,U00089,S0348,500.0,2024-11-20,14.0
V013386,U00523,S0489,500.0,2025-04-23,89.0
V013387,U00273,S0057,125.0,2024-06-23,45.0
V013388,U00939,S0305,500.0,2024-07-20,94.0
V013389,U01405,S0889,202.0,2024-10-03,36.0
V013390,U00158,S0261,92.0,2024-12-11,13.0
V013391,U00226,S0672,213.0,2024-12-16,87.0
V013392,U00553,S0782,500.0,2025-01-26,21.0
V013393,U00847,S0900,128.0,2025-04-19,45.0
V013394,U01958,S0058,500.0,2024-09-23,42.0
V013395,U00439,S0921,500.0,2024-10-15,41.0
V013396,U01502,S0076,86.0,2024-06-26,91.0
V013397,U01904,S0447,500.0,2024-05-29,23.0
V013398,U00251,S0748,500.0,2024-05-14,75.0
V013399,U01333,S0853,20.0,2024-01-27,97.0
V013400,U01228,S0087,500.0,2024-12-31,10.0
V013401,U00763,S0385,500.0,2025-05-16,94.0
V013402,U00116,S0869,207.0,2024-07-24,18.0
V013403,U01200,S0424,500.0,2024-08-14,70.0
V013404,U01251,S0034,500.0,2024-09-03,66.0
V013405,U01653,S0511,83.0,2024-06-02,10.0
V013406,U01469,S0226,500.0,2024-10-13,47.0
V013407,U01741,S0752,500.0,2024-04-17,57.0
V013408,U01423,S0582,500.0,2024-07-27,27.0
V013409,U00071,S0643,500.0,2024-08-18,19.0
V013410,U01860,S0378,50.0,2025-01-18,20.0
V013411,U01880,S0637,162.0,2025-05-15,88.0
V013412,U01451,S0584,500.0,2025-06-04,54.0
V013413,U01821,S0553,500.0,2025-02-06,69.0
V013414,U01114,S0234,500.0,2025-08-01,11.0
V013415,U01151,S0623,500.0,2024-06-10,53.0
V013416,U01383,S0364,134.0,2024-03-11,56.0
V013417,U01944,S0887,86.0,2024-01-11,11.0
V013418,U00786,S0365,500.0,2024-03-08,69.0
V013419,U01535,S0444,23.0,2024-06-04,100.0
V013420,U00978,S0209,95.0,2024-10-06,56.0
V013421,U00534,S0392,500.0,2024-04-25,89.0
V013422,U01918,S0928,74.0,2024-01-26,99.0
V013423,U00388,S0062,219.0,2025-10-04,36.0
V013424,U00437,S0856,59.0,2025-04-03,70.0
V013425,U00800,S0631,48.0,2024-02-07,62.0
V013426,U01702,S0730,132.0,2024-10-08,56.0
V013427,U00981,S0255,500.0,2025-06-04,42.0
V013428,U00152,S0358,37.0,2025-04-11,74.0
V013429,U00642,S0498,94.0,2024-01-18,56.0
V013430,U00122,S0668,500.0,2024-05-19,92.0
V013431,U00715,S0637,66.0,2024-04-17,41.0
V013432,U01343,S0110,90.0,2025-05-12,67.0
V013433,U00034,S0733,500.0,2024-05-31,56.0
V013434,U00579,S0452,5.0,2024-06-30,55.0
V013435,U01135,S0916,500.0,2025-01-05,63.0
V013436,U00253,S0921,219.0,2025-06-02,39.0
V013437,U01868,S0372,37.0,2024-04-14,60.0
V013438,U00054,S0425,48.0,2025-10-02,56.0
V013439,U01766,S0386,77.0,2024-10-12,46.0
V013440,U01041,S0826,500.0,2025-01-01,87.0
V013441,U01578,S0526,500.0,2024-03-04,27.0
V013442,U00688,S0687,500.0,2024-03-13,15.0
V013443,U00904,S0745,500.0,2024-01-28,96.0
V013444,U00319,S0684,10.0,2024-08-14,56.0
V013445,U00324,S0803,500.0,2024-08-30,68.0
V013446,U00447,S0856,500.0,2024-02-20,78.0
V013447,U00071,S0686,500.0,2024-12-14,78.0
V013448,U01097,S0924,500.0,2024-03-20,63.0
V013449,U01814,S0956,500.0,2024-12-12,30.0
V013450,U01173,S0687,39.0,2024-02-28,93.0
V013451,U00432,S0401,500.0,2024-11-06,79.0
V013452,U00603,S0832,500.0,2024-12-16,24.0
V013453,U00869,S0495,500.0,2024-02-16,54.0
V013454,U00454,S0973,99.0,2025-04-01,48.0
V013455,U00247,S0728,500.0,2025-03-17,47.0
V013456,U00123,S0238,167.0,2024-05-08,62.0
V013457,U00833,S0795,500.0,2024-12-30,71.0
V013458,U01377,S0030,182.0,2025-03-12,48.0
V013459,U00582,S0312,126.0,2025-03-09,60.0
V013460,U00434,S0651,500.0,2025-04-30,65.0
V013461,U00860,S0107,45.0,2024-12-17,20.0
V013462,U00873,S0106,60.0,2024-11-26,58.0
V013463,U01274,S0949,78.0,2024-12-26,88.0
V013464,U00229,S0758,500.0,2024-09-13,15.0
V013465,U00733,S0905,500.0,2024-11-07,68.0
V013466,U00533,S0809,50.0,2025-05-20,75.0
V013467,U01400,S0077,500.0,2024-06-02,60.0
V013468,U01283,S0256,117.0,2024-12-15,56.0
V013469,U00721,S0149,74.0,2024-02-23,10.0
V013470,U01106,S0767,500.0,2024-06-11,50.0
V013471,U01794,S0377,33.0,2024-06-05,20.0
V013472,U00419,S0276,199.0,2024-02-07,60.0
V013473,U00109,S0902,19.0,2024-05-10,57.0
V013474,U01123,S0864,76.0,2024-07-26,25.0
V013475,U00805,S0423,500.0,2025-05-19,21.0
V013476,U01741,S0347,36.0,2024-10-05,36.0
V013477,U01330,S0245,500.0,2024-04-10,24.0
V013478,U01883,S0551,211.0,2024-05-02,49.0
V013479,U00649,S0520,136.0,2024-12-25,95.0
V013480,U00915,S0411,101.0,2024-06-13,79.0
V013481,U01790,S0161,500.0,2024-03-01,72.0
V013482,U00664,S0128,500.0,2024-02-27,39.0
V013483,U01603,S0063,41.0,2024-05-29,98.0
V013484,U01539,S0686,156.0,2024-01-21,11.0
V013485,U00946,S0941,500.0,2024-10-30,82.0
V013486,U00634,S0063,216.0,2024-12-30,48.0
V013487,U00587,S0076,134.0,2025-07-04,26.0
V013488,U01105,S0746,81.0,2025-11-06,77.0
V013489,U01679,S0352,500.0,2024-01-07,31.0
V013490,U00510,S0462,500.0,2024-06-22,96.0
V013491,U01657,S0949,23.0,2025-05-18,32.0
V013492,U00835,S0873,75.0,2024-01-16,22.0
V013493,U01903,S0900,219.0,2025-03-27,91.0
V013494,U01658,S0020,500.0,2024-06-30,53.0
V013495,U00835,S0622,75.0,2024-06-28,72.0
V013496,U00693,S0321,500.0,2024-04-06,44.0
V013497,U01565,S0482,219.0,2024-08-05,48.0
V013498,U01606,S0546,206.0,2024-10-13,65.0
V013499,U00667,S0650,500.0,2024-09-04,52.0
V013500,U00149,S0726,500.0,2024-12-28,61.0
V013501,U00898,S0307,186.0,2024-08-02,44.0
V013502,U01395,S0969,500.0,2025-02-27,56.0
V013503,U00648,S0437,500.0,2024-08-20,22.0
V013504,U00875,S0590,500.0,2024-08-04,67.0
V013505,U01819,S0132,500.0,2025-04-08,60.0
V013506,U00718,S0018,150.0,2024-05-14,56.0
V013507,U00008,S0517,500.0,2024-05-13,100.0
V013508,U01283,S0682,500.0,2024-07-05,87.0
V013509,U01461,S0486,125.0,2024-04-30,95.0
V013510,U00031,S0913,500.0,2024-12-14,27.0
V013511,U01890,S0567,500.0,2024-09-19,56.0
V013512,U00588,S0427,132.0,2025-05-15,97.0
V013513,U00825,S0856,203.0,2024-12-07,47.0
V013514,U01148,S0923,500.0,2024-04-14,32.0
V013515,U01801,S0779,500.0,2024-04-17,89.0
V013516,U01796,S0634,500.0,2024-01-24,83.0
V013517,U00580,S0343,500.0,2025-03-22,28.0
V013518,U00027,S0769,105.0,2025-01-17,94.0
V013519,U00658,S0044,500.0,2024-11-05,45.0
V013520,U01874,S0028,500.0,2025-05-30,34.0
V013521,U00478,S0935,500.0,2024-06-29,55.0
V013522,U00764,S0660,18.0,2024-12-19,76.0
V013523,U00959,S0570,500.0,2024-04-24,38.0
V013524,U00583,S0872,500.0,2024-08-07,74.0
V013525,U01081,S0404,500.0,2024-06-21,55.0
V013526,U01592,S0362,208.0,2024-07-14,73.0
V013527,U00548,S0412,500.0,2025-02-08,47.0
V013528,U01030,S0631,159.0,2025-02-19,49.0
V013529,U01148,S0186,500.0,2024-06-13,21.0
V013530,U00730,S0608,500.0,2025-02-05,57.0
V013531,U01948,S0764,19.0,2024-05-22,31.0
V013532,U01709,S0489,170.0,2025-09-04,65.0
V013533,U01762,S0942,500.0,2024-08-09,27.0
V013534,U00837,S0011,500.0,2024-12-09,58.0
V013535,U01995,S0952,218.0,2024-09-02,56.0
V013536,U00976,S0464,500.0,2025-05-23,37.0
V013537,U01270,S0236,33.0,2025-05-11,62.0
V013538,U01098,S0315,500.0,2024-08-06,68.0
V013539,U01084,S0710,52.0,2025-02-15,77.0
V013540,U01906,S0589,199.0,2024-12-19,59.0
V013541,U01103,S0377,177.0,2024-08-30,72.0
V013542,U01521,S0320,131.0,2024-06-08,69.0
V013543,U00263,S0516,500.0,2024-07-03,75.0
V013544,U01301,S0495,500.0,2024-02-11,27.0
V013545,U00280,S0513,500.0,2024-01-24,56.0
V013546,U01603,S0973,500.0,2024-11-15,43.0
V013547,U01594,S0222,195.0,2024-06-17,64.0
V013548,U01561,S0060,500.0,2024-10-22,60.0
V013549,U00775,S0211,500.0,2024-08-03,11.0
V013550,U01511,S0394,87.0,2024-11-01,68.0
V013551,U00476,S0493,500.0,2025-03-03,37.0
V013552,U00587,S0776,500.0,2025-01-26,55.0
V013553,U00892,S0729,500.0,2024-05-22,20.0
V013554,U01796,S0479,43.0,2024-04-25,47.0
V013555,U00688,S0874,132.0,2024-08-17,81.0
V013556,U00423,S0803,500.0,2024-04-17,56.0
V013557,U01905,S0205,500.0,2024-01-10,88.0
V013558,U01008,S0997,500.0,2024-11-16,26.0
V013559,U01578,S0735,500.0,2024-02-08,19.0
V013560,U00367,S0825,151.0,2024-10-18,28.0
V013561,U01718,S0256,500.0,2024-08-24,76.0
V013562,U00907,S0722,52.0,2025-02-16,48.0
V013563,U00898,S0458,205.0,2024-08-21,86.0
V013564,U00093,S0293,121.0,2025-02-04,94.0
V013565,U01799,S0742,500.0,2024-12-23,70.0
V013566,U01664,S0549,500.0,2025-03-01,11.0
V013567,U01972,S0396,500.0,2024-01-04,56.0
V013568,U01110,S0295,500.0,2024-01-14,27.0
V013569,U01629,S0255,27.0,2024-05-21,41.0
V013570,U00146,S0784,500.0,2024-04-09,45.0
V013571,U00722,S0525,500.0,2025-01-22,89.0
V013572,U01887,S0011,216.0,2024-08-31,44.0
V013573,U00019,S0062,500.0,2024-01-10,73.0
V013574,U00254,S0944,500.0,2024-04-16,57.0
V013575,U01360,S0161,500.0,2024-12-15,74.0
V013576,U01749,S0183,500.0,2025-01-03,99.0
V013577,U01190,S0214,500.0,2025-01-16,47.0
V013578,U00224,S0488,219.0,2025-09-04,96.0
V013579,U00784,S0378,191.0,2025-12-05,87.0
V013580,U01922,S0952,500.0,2024-06-15,48.0
V013581,U01469,S0615,22.0,2024-08-29,71.0
V013582,U00966,S0648,500.0,2025-06-22,33.0
V013583,U00433,S0948,500.0,2024-05-26,70.0
V013584,U00292,S0965,500.0,2025-01-24,19.0
V013585,U00488,S0812,115.0,2025-05-23,14.0
V013586,U00459,S0628,129.0,2024-03-23,32.0
V013587,U00739,S0297,500.0,2025-04-28,31.0
V013588,U01554,S0180,79.0,2024-04-08,69.0
V013589,U00087,S0863,206.0,2025-06-20,55.0
V013590,U01865,S0194,155.0,2024-12-02,16.0
V013591,U01825,S0543,156.0,2024-06-23,52.0
V013592,U00733,S0570,174.0,2024-06-18,82.0
V013593,U01806,S0806,500.0,2024-08-12,42.0
V013594,U00843,S0009,189.0,2024-02-06,27.0
V013595,U01874,S0301,108.0,2025-01-03,46.0
V013596,U01550,S0696,79.0,2024-10-23,63.0
V013597,U01156,S0210,500.0,2024-01-01,45.0
V013598,U01048,S0226,500.0,2025-04-13,73.0
V013599,U00847,S0632,75.0,2025-08-03,21.0
V013600,U00654,S0057,500.0,2024-01-12,88.0
V013601,U01189,S0778,500.0,2024-07-20,30.0
V013602,U01848,S0870,120.0,2024-04-07,60.0
V013603,U00797,S0827,500.0,2024-03-03,45.0
V013604,U00326,S0842,500.0,2025-06-04,47.0
V013605,U01169,S0641,164.0,2025-07-04,16.0
V013606,U01612,S0450,500.0,2024-05-12,60.0
V013607,U00747,S0368,209.0,2024-02-19,19.0
V013608,U01245,S0084,157.0,2025-06-17,10.0
V013609,U01520,S0346,15.0,2024-05-08,86.0
V013610,U01358,S0082,188.0,2025-03-03,69.0
V013611,U00433,S0425,159.0,2024-06-16,18.0
V013612,U01813,S0488,500.0,2024-12-10,11.0
V013613,U00384,S0447,127.0,2025-03-30,56.0
V013614,U01953,S0095,143.0,2025-04-05,29.0
V013615,U00588,S0649,157.0,2025-06-12,99.0
V013616,U00375,S0155,500.0,2024-12-23,33.0
V013617,U00880,S0907,500.0,2025-04-07,87.0
V013618,U00583,S0921,140.0,2024-02-18,81.0
V013619,U00384,S0897,500.0,2024-02-21,78.0
V013620,U01041,S0021,500.0,2024-04-18,72.0
V013621,U01409,S0197,500.0,2024-12-28,72.0
V013622,U01096,S0946,135.0,2025-02-27,67.0
V013623,U01282,S0231,177.0,2024-11-04,42.0
V013624,U00180,S0935,500.0,2024-08-21,84.0
V013625,U01540,S0738,64.0,2024-01-31,53.0
V013626,U00628,S0127,500.0,2025-03-26,67.0
V013627,U00912,S0842,187.0,2024-06-20,75.0
V013628,U00761,S0366,55.0,2024-12-18,57.0
V013629,U00556,S0508,500.0,2024-11-24,24.0
V013630,U00816,S0668,500.0,2024-12-31,88.0
V013631,U00922,S0879,500.0,2025-02-01,23.0
V013632,U00118,S0966,48.0,2024-04-07,54.0
V013633,U01135,S0107,94.0,2024-08-24,93.0
V013634,U00469,S0027,194.0,2024-02-08,98.0
V013635,U01434,S0192,500.0,2025-05-20,51.0
V013636,U00596,S0765,500.0,2024-10-22,68.0
V013637,U01296,S0283,500.0,2024-09-29,51.0
V013638,U01837,S0686,116.0,2024-05-04,14.0
V013639,U01691,S0628,500.0,2024-08-26,53.0
V013640,U00620,S0832,165.0,2025-02-14,77.0
V013641,U00607,S0293,34.0,2024-12-08,39.0
V013642,U00820,S0961,144.0,2025-08-06,90.0
V013643,U00591,S0733,62.0,2025-06-22,44.0
V013644,U01859,S0244,500.0,2024-08-02,40.0
V013645,U00642,S0613,500.0,2025-01-06,56.0
V013646,U00957,S0396,219.0,2024-02-15,43.0
V013647,U00247,S0150,30.0,2025-05-27,23.0
V013648,U00597,S0577,500.0,2024-05-04,43.0
V013649,U00716,S0015,500.0,2024-02-24,85.0
V013650,U01407,S0215,500.0,2025-03-04,56.0
V013651,U01700,S0287,152.0,2025-02-02,46.0
V013652,U00600,S0102,500.0,2024-10-30,69.0
V013653,U00608,S0149,216.0,2025-04-09,15.0
V013654,U01203,S0856,196.0,2024-01-14,28.0
V013655,U01965,S0585,145.0,2024-07-26,21.0
V013656,U01551,S0273,29.0,2024-12-11,21.0
V013657,U01622,S0458,500.0,2025-04-06,31.0
V013658,U00917,S0349,16.0,2025-05-02,78.0
V013659,U01092,S0109,500.0,2024-03-17,15.0
V013660,U01553,S0933,194.0,2024-08-22,83.0
V013661,U00300,S0480,500.0,2024-04-02,96.0
V013662,U01113,S0344,145.0,2024-02-23,26.0
V013663,U01834,S0061,500.0,2024-06-18,98.0
V013664,U01812,S0051,211.0,2024-10-26,74.0
V013665,U01182,S0847,500.0,2024-12-28,69.0
V013666,U00635,S0006,197.0,2024-07-13,92.0
V013667,U01778,S0629,500.0,2024-06-28,12.0
V013668,U01619,S0425,61.0,2025-02-06,45.0
V013669,U00107,S0921,141.0,2025-06-20,87.0
V013670,U00357,S0616,500.0,2024-03-26,69.0
V013671,U00334,S0761,21.0,2025-03-03,14.0
V013672,U01984,S0236,500.0,2025-04-18,42.0
V013673,U00207,S0748,12.0,2024-05-28,26.0
V013674,U00550,S0399,500.0,2025-01-01,57.0
V013675,U01556,S0998,500.0,2024-08-20,91.0
V013676,U00480,S0174,116.0,2024-11-26,96.0
V013677,U00014,S0801,219.0,2024-02-08,92.0
V013678,U00653,S0710,500.0,2025-02-21,56.0
V013679,U00667,S0621,500.0,2025-01-24,78.0
V013680,U00653,S0864,125.0,2024-12-23,62.0
V013681,U00366,S0204,19.0,2024-07-02,50.0
V013682,U00560,S0808,500.0,2024-03-14,71.0
V013683,U00724,S0712,500.0,2024-07-21,72.0
V013684,U01359,S0931,500.0,2024-10-27,85.0
V013685,U00359,S0775,500.0,2024-08-01,78.0
V013686,U00204,S0093,500.0,2024-10-15,80.0
V013687,U01257,S0077,63.0,2024-12-05,13.0
V013688,U01259,S0192,140.0,2024-05-23,31.0
V013689,U00726,S0329,175.0,2024-07-30,59.0
V013690,U01501,S0896,500.0,2024-06-25,56.0
V013691,U01298,S0099,500.0,2024-09-28,89.0
V013692,U00969,S0146,500.0,2024-04-14,29.0
V013693,U01489,S0054,8.0,2025-03-02,26.0
V013694,U00736,S0167,142.0,2024-12-14,22.0
V013695,U01921,S0305,500.0,2024-02-29,46.0
V013696,U00053,S0471,500.0,2024-07-30,95.0
V013697,U01273,S0710,500.0,2024-05-29,51.0
V013698,U01858,S0170,500.0,2024-12-16,75.0
V013699,U00566,S0177,214.0,2024-02-09,87.0
V013700,U01209,S0919,124.0,2024-10-30,63.0
V013701,U00784,S0601,78.0,2025-04-09,20.0
V013702,U00840,S0895,500.0,2024-09-18,61.0
V013703,U00295,S0689,92.0,2024-02-04,46.0
V013704,U01332,S0738,118.0,2024-08-04,13.0
V013705,U00513,S0362,83.0,2025-03-13,95.0
V013706,U00103,S0282,124.0,2024-08-22,98.0
V013707,U00663,S0638,183.0,2024-04-11,70.0
V013708,U01808,S0350,500.0,2025-01-27,54.0
V013709,U00144,S0372,500.0,2024-04-24,30.0
V013710,U00140,S0249,183.0,2024-01-09,49.0
V013711,U01121,S0190,500.0,2024-06-07,54.0
V013712,U01289,S0204,176.0,2025-05-07,15.0
V013713,U01039,S0697,500.0,2025-03-02,12.0
V013714,U00534,S0316,500.0,2025-03-14,79.0
V013715,U01790,S0979,81.0,2025-06-01,56.0
V013716,U01164,S0078,500.0,2024-02-04,18.0
V013717,U00186,S0532,34.0,2024-11-10,97.0
V013718,U01646,S0885,67.0,2024-05-25,40.0
V013719,U01182,S0458,500.0,2025-01-09,63.0
V013720,U01222,S0506,170.0,2024-08-26,53.0
V013721,U00186,S0528,500.0,2024-04-04,47.0
V013722,U01726,S0915,213.0,2024-07-02,91.0
V013723,U00856,S0669,33.0,2025-04-16,44.0
V013724,U01406,S0135,200.0,2025-02-24,24.0
V013725,U00161,S0561,500.0,2024-02-16,31.0
V013726,U01873,S0009,500.0,2025-03-16,24.0
V013727,U00706,S0588,152.0,2024-05-31,57.0
V013728,U01102,S0274,107.0,2025-04-23,82.0
V013729,U00105,S0764,179.0,2024-10-24,52.0
V013730,U00685,S0552,500.0,2024-08-12,66.0
V013731,U01301,S0819,500.0,2024-10-06,80.0
V013732,U00666,S0916,130.0,2024-12-18,79.0
V013733,U00913,S0012,500.0,2024-08-26,67.0
V013734,U00986,S0258,500.0,2024-12-23,35.0
V013735,U00389,S0417,128.0,2025-03-17,52.0
V013736,U01243,S0603,500.0,2025-05-16,34.0
V013737,U01907,S0442,500.0,2024-08-06,56.0
V013738,U00612,S0169,139.0,2024-01-22,20.0
V013739,U00271,S0740,500.0,2024-09-06,94.0
V013740,U01780,S0814,130.0,2024-10-15,59.0
V013741,U01329,S0733,42.0,2024-09-29,54.0
V013742,U01213,S0495,197.0,2024-03-22,88.0
V013743,U00949,S0631,185.0,2025-05-06,27.0
V013744,U00813,S0074,500.0,2025-02-07,67.0
V013745,U01953,S0616,219.0,2024-05-25,23.0
V013746,U01432,S0714,500.0,2024-03-19,37.0
V013747,U01036,S0199,500.0,2024-12-16,57.0
V013748,U01810,S0797,500.0,2024-11-16,51.0
V013749,U01128,S0931,7.0,2025-02-05,52.0
V013750,U01570,S0892,500.0,2025-06-24,88.0
V013751,U01787,S0343,500.0,2024-06-12,17.0
V013752,U00405,S0281,187.0,2024-11-18,98.0
V013753,U01404,S0299,500.0,2024-05-05,38.0
V013754,U01481,S0078,72.0,2024-05-11,99.0
V013755,U00774,S0627,219.0,2024-09-24,69.0
V013756,U00862,S0804,500.0,2024-10-25,93.0
V013757,U01280,S0187,157.0,2024-03-21,17.0
V013758,U01479,S0674,500.0,2024-04-25,64.0
V013759,U00781,S0843,161.0,2025-05-19,71.0
V013760,U00485,S0047,500.0,2024-06-24,37.0
V013761,U00013,S0991,18.0,2025-06-06,34.0
V013762,U01331,S0181,201.0,2024-10-29,72.0
V013763,U01276,S0037,211.0,2024-06-19,84.0
V013764,U01200,S0280,200.0,2024-12-23,85.0
V013765,U01880,S0529,500.0,2024-08-14,87.0
V013766,U00269,S0944,53.0,2025-10-06,76.0
V013767,U00718,S0591,500.0,2024-01-25,88.0
V013768,U00828,S0103,171.0,2024-12-11,72.0
V013769,U01194,S0226,500.0,2024-06-14,22.0
V013770,U01621,S0392,179.0,2024-07-26,20.0
V013771,U00193,S0324,78.0,2024-08-18,27.0
V013772,U00108,S0386,138.0,2024-10-11,92.0
V013773,U00921,S0890,500.0,2024-01-06,79.0
V013774,U01103,S0779,78.0,2025-03-08,65.0
V013775,U00859,S0282,500.0,2025-04-19,13.0
V013776,U01474,S0010,500.0,2024-01-18,37.0
V013777,U01161,S0768,175.0,2024-07-14,70.0
V013778,U01345,S0451,12.0,2024-06-16,87.0
V013779,U00304,S0438,20.0,2025-02-20,97.0
V013780,U00644,S0200,500.0,2025-05-20,85.0
V013781,U01911,S0607,5.0,2024-05-15,34.0
V013782,U01621,S0342,187.0,2025-06-13,72.0
V013783,U01120,S0494,219.0,2024-04-13,32.0
V013784,U01346,S0398,70.0,2024-05-15,50.0
V013785,U00010,S0293,86.0,2025-03-17,66.0
V013786,U00170,S0928,66.0,2025-06-24,42.0
V013787,U01359,S0853,189.0,2025-02-18,61.0
V013788,U01302,S0275,500.0,2024-08-05,11.0
V013789,U01026,S0058,157.0,2025-05-04,88.0
V013790,U00670,S0990,217.0,2024-05-13,51.0
V013791,U01888,S0435,500.0,2025-02-22,51.0
V013792,U00904,S0752,85.0,2024-05-08,89.0
V013793,U00261,S0859,79.0,2024-09-22,58.0
V013794,U01896,S0924,156.0,2024-02-24,48.0
V013795,U00551,S0396,500.0,2025-07-02,74.0
V013796,U00825,S0983,74.0,2024-08-04,25.0
V013797,U01491,S0305,155.0,2025-05-28,62.0
V013798,U01327,S0546,23.0,2025-06-20,86.0
V013799,U00814,S0068,500.0,2024-10-20,21.0
V013800,U00587,S0629,106.0,2024-09-21,44.0
V013801,U01685,S0855,102.0,2025-02-10,91.0
V013802,U01104,S0845,500.0,2025-05-25,18.0
V013803,U00066,S0613,500.0,2024-02-08,30.0
V013804,U00591,S0893,500.0,2024-09-14,69.0
V013805,U01228,S0646,500.0,2024-01-16,57.0
V013806,U00150,S0213,196.0,2024-08-21,73.0
V013807,U00431,S0720,500.0,2024-05-02,37.0
V013808,U00795,S0763,26.0,2025-06-19,46.0
V013809,U00959,S0634,500.0,2024-06-19,48.0
V013810,U00281,S0861,145.0,2024-11-22,39.0
V013811,U00946,S0453,219.0,2024-02-27,57.0
V013812,U01110,S0666,121.0,2024-03-29,45.0
V013813,U01299,S0188,161.0,2024-02-13,45.0
V013814,U00533,S0030,500.0,2024-06-22,56.0
V013815,U01588,S0488,167.0,2024-06-23,39.0
V013816,U01680,S0720,5.0,2024-09-08,23.0
V013817,U00493,S0238,500.0,2025-01-03,97.0
V013818,U00573,S0167,500.0,2024-02-07,20.0
V013819,U01311,S0793,500.0,2024-03-15,60.0
V013820,U00284,S0869,72.0,2024-10-04,23.0
V013821,U00139,S0239,92.0,2024-02-23,48.0
V013822,U00261,S0543,126.0,2025-03-26,12.0
V013823,U00396,S0557,115.0,2025-05-02,40.0
V013824,U00356,S0677,157.0,2024-04-08,89.0
V013825,U01130,S0893,500.0,2024-12-16,87.0
V013826,U00133,S0947,500.0,2025-05-17,60.0
V013827,U01301,S0665,500.0,2024-08-07,97.0
V013828,U00503,S0949,107.0,2025-06-09,27.0
V013829,U01799,S0148,14.0,2025-08-04,77.0
V013830,U00576,S0653,500.0,2024-02-27,20.0
V013831,U00618,S0109,500.0,2024-03-03,57.0
V013832,U01941,S0822,91.0,2024-01-20,72.0
V013833,U01568,S0985,167.0,2025-03-02,17.0
V013834,U01202,S0195,108.0,2025-02-16,64.0
V013835,U00038,S0970,76.0,2025-01-29,40.0
V013836,U01209,S0012,500.0,2025-02-08,26.0
V013837,U00498,S0465,108.0,2024-11-30,13.0
V013838,U00392,S0516,80.0,2025-04-28,94.0
V013839,U01571,S0545,500.0,2025-05-19,29.0
V013840,U01565,S0883,500.0,2024-07-04,62.0
V013841,U01829,S0045,500.0,2024-03-18,36.0
V013842,U00457,S0145,106.0,2024-10-26,33.0
V013843,U00674,S0451,500.0,2025-02-05,71.0
V013844,U00760,S0372,41.0,2024-03-01,37.0
V013845,U00792,S0634,500.0,2024-11-01,23.0
V013846,U00114,S0684,219.0,2025-04-28,56.0
V013847,U01046,S0791,37.0,2024-06-27,56.0
V013848,U00078,S0770,500.0,2024-08-01,95.0
V013849,U01269,S0364,500.0,2025-12-06,57.0
V013850,U00399,S0822,12.0,2024-06-18,74.0
V013851,U01279,S0407,159.0,2024-05-05,58.0
V013852,U00338,S0505,500.0,2024-08-02,48.0
V013853,U00381,S0099,107.0,2024-02-17,59.0
V013854,U01238,S0683,500.0,2025-09-01,96.0
V013855,U00327,S0394,203.0,2025-02-16,77.0
V013856,U00232,S0370,500.0,2025-02-02,58.0
V013857,U01533,S0785,500.0,2024-02-03,43.0
V013858,U00557,S0829,163.0,2025-03-02,20.0
V013859,U00491,S0602,500.0,2025-05-09,15.0
V013860,U01080,S0726,500.0,2024-01-23,84.0
V013861,U01311,S0036,14.0,2024-05-18,73.0
V013862,U00344,S0378,203.0,2025-03-19,56.0
V013863,U00400,S0193,500.0,2025-01-24,75.0
V013864,U01695,S0374,126.0,2024-02-26,88.0
V013865,U01565,S0406,500.0,2024-08-08,56.0
V013866,U01788,S0820,500.0,2024-04-06,85.0
V013867,U01448,S0177,169.0,2024-09-05,91.0
V013868,U01169,S0313,162.0,2024-03-17,75.0
V013869,U00030,S0864,21.0,2025-03-03,61.0
V013870,U00850,S0666,60.0,2024-12-13,60.0
V013871,U00233,S0985,219.0,2024-05-11,95.0
V013872,U01431,S0601,151.0,2024-10-15,33.0
V013873,U00245,S0556,500.0,2024-04-19,73.0
V013874,U01889,S0543,158.0,2025-03-19,63.0
V013875,U00411,S0268,500.0,2024-05-17,42.0
V013876,U00894,S0708,500.0,2025-03-14,61.0
V013877,U01769,S0539,214.0,2025-01-11,80.0
V013878,U01463,S0913,172.0,2024-12-20,33.0
V013879,U00820,S0748,500.0,2024-10-08,67.0
V013880,U01408,S0014,140.0,2024-01-27,70.0
V013881,U00619,S0570,157.0,2024-04-29,71.0
V013882,U01106,S0504,500.0,2025-08-01,41.0
V013883,U00625,S0015,219.0,2025-11-02,67.0
V013884,U01125,S0445,500.0,2024-06-09,53.0
V013885,U01926,S0317,500.0,2024-03-19,99.0
V013886,U00911,S0999,199.0,2025-03-19,89.0
V013887,U01676,S0254,86.0,2024-04-20,96.0
V013888,U00788,S0801,500.0,2025-02-15,67.0
V013889,U01889,S0372,219.0,2024-08-30,97.0
V013890,U00858,S0794,500.0,2025-01-21,47.0
V013891,U00377,S0150,106.0,2024-11-04,38.0
V013892,U00074,S0823,500.0,2024-10-31,88.0
V013893,U01866,S0117,500.0,2024-09-14,68.0
V013894,U01195,S0791,500.0,2024-08-09,80.0
V013895,U01058,S0294,500.0,2024-01-08,28.0
V013896,U00101,S0926,500.0,2024-04-18,66.0
V013897,U01186,S0298,12.0,2025-04-20,99.0
V013898,U00063,S0934,65.0,2024-08-17,100.0
V013899,U00414,S0637,219.0,2024-10-03,82.0
V013900,U01090,S0132,176.0,2024-03-02,89.0
V013901,U01412,S0150,500.0,2025-01-21,72.0
V013902,U00801,S0052,215.0,2024-01-26,40.0
V013903,U01964,S0683,191.0,2024-02-09,97.0
V013904,U00251,S0877,500.0,2025-03-26,56.0
V013905,U01336,S0136,500.0,2024-05-17,36.0
V013906,U00998,S0111,216.0,2024-11-14,65.0
V013907,U00131,S0981,500.0,2024-08-28,95.0
V013908,U00270,S0825,31.0,2025-03-01,78.0
V013909,U01969,S0446,8.0,2024-09-23,22.0
V013910,U01013,S0478,5.0,2024-10-06,81.0
V013911,U00761,S0884,500.0,2025-05-14,32.0
V013912,U01610,S0267,500.0,2024-08-01,93.0
V013913,U00832,S0384,500.0,2024-08-27,95.0
V013914,U01609,S0960,92.0,2024-03-03,49.0
V013915,U01182,S0272,500.0,2024-04-26,69.0
V013916,U00547,S0408,500.0,2024-10-29,13.0
V013917,U00040,S0453,62.0,2024-12-12,82.0
V013918,U00604,S0352,76.0,2025-02-16,77.0
V013919,U00612,S0318,46.0,2025-05-15,79.0
V013920,U01955,S0191,159.0,2024-10-22,72.0
V013921,U00074,S0118,500.0,2025-02-28,24.0
V013922,U00956,S0238,36.0,2024-03-09,21.0
V013923,U01258,S0467,500.0,2025-03-30,49.0
V013924,U01897,S0818,203.0,2024-09-13,65.0
V013925,U01707,S0583,500.0,2024-11-26,37.0
V013926,U00888,S0045,88.0,2025-07-02,32.0
V013927,U00855,S0116,14.0,2025-08-02,96.0
V013928,U01359,S0205,28.0,2024-05-29,54.0
V013929,U01199,S0379,166.0,2024-10-24,61.0
V013930,U01462,S0436,500.0,2024-06-23,55.0
V013931,U00426,S0745,500.0,2024-08-20,33.0
V013932,U01721,S0828,500.0,2024-01-09,41.0
V013933,U00430,S0447,500.0,2025-03-26,41.0
V013934,U01841,S0636,500.0,2024-01-25,95.0
V013935,U01284,S0419,500.0,2025-03-06,60.0
V013936,U00530,S0677,105.0,2024-04-13,63.0
V013937,U01881,S0435,25.0,2024-05-19,56.0
V013938,U00978,S0687,180.0,2024-09-11,10.0
V013939,U01274,S0126,193.0,2024-09-01,22.0
V013940,U01726,S0051,500.0,2024-06-14,60.0
V013941,U00147,S0953,138.0,2024-03-04,47.0
V013942,U01792,S0298,127.0,2025-04-24,47.0
V013943,U00007,S0497,203.0,2024-08-15,17.0
V013944,U00902,S0441,500.0,2024-07-07,99.0
V013945,U01074,S0477,57.0,2025-03-04,91.0
V013946,U01176,S0298,500.0,2024-07-12,18.0
V013947,U01678,S0070,219.0,2025-03-19,89.0
V013948,U00755,S0600,500.0,2025-07-04,92.0
V013949,U01135,S0705,500.0,2024-10-01,59.0
V013950,U00182,S0987,500.0,2024-02-19,61.0
V013951,U00773,S0386,52.0,2024-11-09,78.0
V013952,U00121,S0205,213.0,2024-10-16,94.0
V013953,U01515,S0102,500.0,2024-12-05,80.0
V013954,U01072,S0824,500.0,2024-04-30,99.0
V013955,U00993,S0879,79.0,2025-02-07,26.0
V013956,U00230,S0943,500.0,2024-12-06,61.0
V013957,U01120,S0320,105.0,2024-12-24,98.0
V013958,U00725,S0960,500.0,2025-02-21,10.0
V013959,U01604,S0513,24.0,2024-09-20,61.0
V013960,U00645,S0913,157.0,2024-10-06,33.0
V013961,U00959,S0997,117.0,2025-04-03,65.0
V013962,U00101,S0620,500.0,2024-09-26,43.0
V013963,U00243,S0579,65.0,2024-03-12,75.0
V013964,U00802,S0199,500.0,2024-12-13,48.0
V013965,U01060,S0435,500.0,2024-03-30,33.0
V013966,U01231,S0507,189.0,2024-06-05,100.0
V013967,U00621,S0363,500.0,2024-12-15,72.0
V013968,U01776,S0025,500.0,2024-05-11,11.0
V013969,U00320,S0922,198.0,2025-04-14,56.0
V013970,U01435,S0053,500.0,2024-05-11,37.0
V013971,U01245,S0816,500.0,2024-11-28,38.0
V013972,U00957,S0491,500.0,2025-10-02,63.0
V013973,U01750,S0737,125.0,2024-10-22,31.0
V013974,U00450,S0968,500.0,2025-04-05,63.0
V013975,U01188,S0337,500.0,2025-01-06,46.0
V013976,U01093,S0242,148.0,2024-12-20,92.0
V013977,U00781,S0013,500.0,2024-03-12,49.0
V013978,U00001,S0773,158.0,2024-01-30,88.0
V013979,U00084,S0598,220.0,2025-06-06,61.0
V013980,U00394,S0904,500.0,2024-02-18,96.0
V013981,U00274,S0581,194.0,2024-10-05,45.0
V013982,U01874,S0452,500.0,2025-06-21,56.0
V013983,U00360,S0956,500.0,2024-02-19,17.0
V013984,U00666,S0628,72.0,2024-04-04,100.0
V013985,U00207,S0125,212.0,2025-04-13,29.0
V013986,U01966,S0156,169.0,2024-01-22,18.0
V013987,U01553,S0484,99.0,2025-08-03,15.0
V013988,U01129,S0705,500.0,2025-12-04,16.0
V013989,U01230,S0388,500.0,2024-07-11,29.0
V013990,U00981,S0127,500.0,2025-03-31,74.0
V013991,U01260,S0570,168.0,2024-02-21,49.0
V013992,U01972,S0240,500.0,2024-05-03,36.0
V013993,U00628,S0255,156.0,2024-06-08,82.0
V013994,U01869,S0684,500.0,2024-06-19,27.0
V013995,U01076,S0909,76.0,2024-08-10,63.0
V013996,U00767,S0466,500.0,2024-05-21,57.0
V013997,U01151,S0112,500.0,2024-11-21,14.0
V013998,U01674,S0307,181.0,2024-02-06,93.0
V013999,U00488,S0044,153.0,2025-08-03,63.0
V014000,U01042,S0950,158.0,2024-06-06,18.0
V014001,U01902,S0934,61.0,2024-04-26,38.0
V014002,U01517,S0578,146.0,2024-09-05,90.0
V014003,U01862,S0081,157.0,2025-01-22,28.0
V014004,U00549,S0997,500.0,2025-06-04,95.0
V014005,U01818,S0163,10.0,2025-02-25,99.0
V014006,U01951,S0166,22.0,2025-07-03,85.0
V014007,U01761,S0218,69.0,2024-03-10,93.0
V014008,U01700,S0762,105.0,2024-12-10,32.0
V014009,U00927,S0692,500.0,2024-05-14,99.0
V014010,U00388,S0054,39.0,2024-07-24,69.0
V014011,U01582,S0131,54.0,2025-09-03,20.0
V014012,U00074,S0919,500.0,2024-08-29,32.0
V014013,U01887,S0448,500.0,2024-08-17,83.0
V014014,U01429,S0721,500.0,2024-06-12,10.0
V014015,U00822,S0348,500.0,2024-02-24,23.0
V014016,U01206,S0870,164.0,2024-07-14,38.0
V014017,U00173,S0878,219.0,2025-04-24,33.0
V014018,U01906,S0107,500.0,2024-05-12,45.0
V014019,U00511,S0893,500.0,2025-01-20,80.0
V014020,U01411,S0705,500.0,2024-06-12,10.0
V014021,U00031,S0076,219.0,2024-05-03,23.0
V014022,U01037,S0880,137.0,2025-04-16,15.0
V014023,U01533,S0926,23.0,2024-03-17,56.0
V014024,U01023,S0310,500.0,2025-05-26,28.0
V014025,U01229,S0015,82.0,2024-05-15,52.0
V014026,U00429,S0718,119.0,2024-07-30,79.0
V014027,U01954,S0746,56.0,2025-02-19,24.0
V014028,U00702,S0843,500.0,2024-07-16,50.0
V014029,U01529,S0922,8.0,2024-11-05,13.0
V014030,U01117,S0298,500.0,2025-02-13,75.0
V014031,U00587,S0796,20.0,2024-08-04,59.0
V014032,U01296,S0213,500.0,2025-01-27,47.0
V014033,U00934,S0602,500.0,2025-06-18,12.0
V014034,U00149,S0277,500.0,2024-08-10,72.0
V014035,U01220,S0444,500.0,2024-05-20,32.0
V014036,U00907,S0018,17.0,2025-06-10,34.0
V014037,U00149,S0665,212.0,2024-06-30,19.0
V014038,U00363,S0660,79.0,2024-04-13,33.0
V014039,U01788,S0899,185.0,2025-04-11,59.0
V014040,U00286,S0356,500.0,2024-04-30,50.0
V014041,U01580,S0949,84.0,2024-07-03,67.0
V014042,U01847,S0467,500.0,2025-05-12,67.0
V014043,U01662,S0423,500.0,2024-11-20,80.0
V014044,U00984,S0666,168.0,2024-10-27,24.0
V014045,U00831,S0962,500.0,2024-05-06,89.0
V014046,U00352,S0903,500.0,2024-05-09,81.0
V014047,U01584,S0074,500.0,2024-03-24,30.0
V014048,U01335,S0451,24.0,2024-09-15,56.0
V014049,U00080,S0445,500.0,2024-08-18,98.0
V014050,U00874,S0492,186.0,2025-02-01,71.0
V014051,U00400,S0163,500.0,2025-01-31,20.0
V014052,U01251,S0166,500.0,2025-02-06,13.0
V014053,U00607,S0222,159.0,2025-01-01,72.0
V014054,U01197,S0702,500.0,2024-11-22,89.0
V014055,U00001,S0745,500.0,2025-04-29,69.0
V014056,U00152,S0742,18.0,2025-03-03,38.0
V014057,U00154,S0976,136.0,2025-07-06,25.0
V014058,U01383,S0054,37.0,2024-11-28,20.0
V014059,U00973,S0263,145.0,2024-08-17,17.0
V014060,U01603,S0911,500.0,2024-12-13,97.0
V014061,U00495,S0023,57.0,2024-05-31,24.0
V014062,U01774,S0829,85.0,2024-02-25,47.0
V014063,U01705,S0023,76.0,2024-03-22,24.0
V014064,U00394,S0343,500.0,2025-03-29,49.0
V014065,U01189,S0512,13.0,2024-07-22,64.0
V014066,U00432,S0914,500.0,2024-02-07,63.0
V014067,U01320,S0445,500.0,2024-08-10,67.0
V014068,U00465,S0513,500.0,2025-06-20,16.0
V014069,U01910,S0423,500.0,2024-12-05,49.0
V014070,U01357,S0383,56.0,2024-08-04,60.0
V014071,U00568,S0671,500.0,2025-04-25,83.0
V014072,U00751,S0775,217.0,2024-05-08,28.0
V014073,U00200,S0176,500.0,2025-01-26,94.0
V014074,U00328,S0571,500.0,2024-10-14,50.0
V014075,U01317,S0625,179.0,2025-01-14,17.0
V014076,U01331,S0096,500.0,2024-02-24,25.0
V014077,U01885,S0173,182.0,2024-06-21,85.0
V014078,U01979,S0142,500.0,2024-09-18,61.0
V014079,U00629,S0746,169.0,2024-04-26,43.0
V014080,U00617,S0070,219.0,2024-04-29,67.0
V014081,U01574,S0170,500.0,2024-05-06,70.0
V014082,U01870,S0333,211.0,2024-03-19,50.0
V014083,U01890,S0500,128.0,2024-07-06,80.0
V014084,U01839,S0168,500.0,2024-04-05,69.0
V014085,U00324,S0166,500.0,2024-03-22,20.0
V014086,U01478,S0081,500.0,2024-12-17,59.0
V014087,U00693,S0117,68.0,2025-06-16,17.0
V014088,U00135,S0948,84.0,2025-03-27,86.0
V014089,U01172,S0621,90.0,2025-03-25,24.0
V014090,U01638,S0942,500.0,2024-01-26,36.0
V014091,U01058,S0710,45.0,2024-08-01,59.0
V014092,U01641,S0894,500.0,2025-06-17,10.0
V014093,U01820,S0066,159.0,2025-04-14,90.0
V014094,U00647,S0728,54.0,2024-11-16,86.0
V014095,U01447,S0764,500.0,2024-12-05,39.0
V014096,U00245,S0043,500.0,2024-07-26,23.0
V014097,U01752,S0826,500.0,2024-05-13,68.0
V014098,U01123,S0942,500.0,2024-11-13,14.0
V014099,U00805,S0966,44.0,2025-08-06,47.0
V014100,U01954,S0556,99.0,2024-07-17,15.0
V014101,U00903,S0753,22.0,2025-03-19,47.0
V014102,U00608,S0292,500.0,2025-04-16,12.0
V014103,U00034,S0058,500.0,2024-04-11,70.0
V014104,U00942,S0627,47.0,2024-10-29,20.0
V014105,U01840,S0580,500.0,2025-06-15,80.0
V014106,U00168,S0844,171.0,2024-06-16,73.0
V014107,U00734,S0618,500.0,2025-03-20,80.0
V014108,U00431,S0499,200.0,2024-03-06,37.0
V014109,U01122,S0615,500.0,2025-07-05,56.0
V014110,U00830,S0595,500.0,2025-05-02,98.0
V014111,U01977,S0270,500.0,2024-06-03,91.0
V014112,U01537,S0716,148.0,2024-02-20,15.0
V014113,U00464,S0762,500.0,2025-05-05,88.0
V014114,U00664,S0643,214.0,2025-09-06,13.0
V014115,U01509,S0589,80.0,2024-04-10,83.0
V014116,U01877,S0209,87.0,2025-03-30,56.0
V014117,U00205,S0523,24.0,2024-04-12,69.0
V014118,U00740,S0019,500.0,2024-09-09,34.0
V014119,U01391,S0609,54.0,2024-06-20,17.0
V014120,U01310,S0456,500.0,2025-07-01,56.0
V014121,U00668,S0165,80.0,2024-05-31,35.0
V014122,U00302,S0814,500.0,2025-07-02,100.0
V014123,U01712,S0144,130.0,2024-03-03,66.0
V014124,U01155,S0864,500.0,2024-05-13,80.0
V014125,U01847,S0197,69.0,2024-09-23,86.0
V014126,U01847,S0230,49.0,2024-02-04,76.0
V014127,U01072,S0695,137.0,2024-09-08,15.0
V014128,U00243,S0627,5.0,2024-09-04,97.0
V014129,U00987,S0208,106.0,2024-02-22,56.0
V014130,U00092,S0139,14.0,2024-05-04,92.0
V014131,U00399,S0612,500.0,2025-01-13,50.0
V014132,U01536,S0152,212.0,2025-08-03,91.0
V014133,U01409,S0726,500.0,2025-02-18,25.0
V014134,U01060,S0216,42.0,2024-05-17,80.0
V014135,U01935,S0009,500.0,2024-07-04,30.0
V014136,U00853,S0343,500.0,2025-04-03,13.0
V014137,U00657,S0331,57.0,2024-10-18,87.0
V014138,U00123,S0998,213.0,2024-04-19,52.0
V014139,U00809,S0352,95.0,2025-02-06,40.0
V014140,U00175,S0275,46.0,2024-10-24,92.0
V014141,U01759,S0334,500.0,2024-02-02,19.0
V014142,U01747,S0523,500.0,2025-05-21,22.0
V014143,U01929,S0193,52.0,2024-01-20,46.0
V014144,U01871,S0113,500.0,2024-07-19,99.0
V014145,U00319,S0714,500.0,2024-09-02,67.0
V014146,U01904,S0368,219.0,2024-10-24,46.0
V014147,U01698,S0461,85.0,2025-07-05,74.0
V014148,U00644,S0615,500.0,2025-06-09,24.0
V014149,U01514,S0555,122.0,2024-06-19,52.0
V014150,U00361,S0448,219.0,2025-05-21,60.0
V014151,U00763,S0091,500.0,2024-12-18,25.0
V014152,U01528,S0947,500.0,2024-04-11,28.0
V014153,U00753,S0984,35.0,2024-02-01,36.0
V014154,U01860,S0104,39.0,2024-08-30,62.0
V014155,U00159,S0230,91.0,2024-09-18,56.0
V014156,U01045,S0445,60.0,2024-03-01,53.0
V014157,U01300,S0461,137.0,2025-02-15,49.0
V014158,U00088,S0429,500.0,2024-08-08,14.0
V014159,U01114,S0124,500.0,2024-08-20,79.0
V014160,U00139,S0408,500.0,2024-03-20,71.0
V014161,U01412,S0357,196.0,2025-02-18,12.0
V014162,U01845,S0465,500.0,2024-12-22,38.0
V014163,U00912,S0625,79.0,2024-01-20,60.0
V014164,U01346,S0781,69.0,2024-06-28,53.0
V014165,U00424,S0268,101.0,2025-02-28,93.0
V014166,U01841,S0190,500.0,2024-05-05,18.0
V014167,U01893,S0103,112.0,2025-05-21,41.0
V014168,U01435,S0846,219.0,2024-01-17,35.0
V014169,U00159,S0479,163.0,2024-01-28,66.0
V014170,U00908,S0479,500.0,2024-05-21,78.0
V014171,U01118,S0027,500.0,2025-02-14,48.0
V014172,U01067,S0018,500.0,2024-04-26,90.0
V014173,U01196,S0171,500.0,2024-11-18,63.0
V014174,U00821,S0421,174.0,2025-03-29,33.0
V014175,U00032,S0447,14.0,2024-11-03,34.0
V014176,U00257,S0434,500.0,2024-01-13,29.0
V014177,U01079,S0603,500.0,2025-06-13,12.0
V014178,U00509,S0216,500.0,2024-07-01,40.0
V014179,U00055,S0702,500.0,2024-06-05,23.0
V014180,U00795,S0720,500.0,2024-05-03,36.0
V014181,U01399,S0076,500.0,2025-02-22,77.0
V014182,U01783,S0310,132.0,2024-03-26,69.0
V014183,U01777,S0870,43.0,2024-06-27,79.0
V014184,U01648,S0878,186.0,2025-01-28,28.0
V014185,U00382,S0251,500.0,2025-05-27,56.0
V014186,U00885,S0133,500.0,2025-02-20,17.0
V014187,U00550,S0459,6.0,2024-08-10,56.0
V014188,U00950,S0457,500.0,2025-06-10,84.0
V014189,U01865,S0253,500.0,2025-06-21,97.0
V014190,U01688,S0250,500.0,2024-03-09,53.0
V014191,U00810,S0101,101.0,2024-03-15,29.0
V014192,U01328,S0197,500.0,2025-04-22,78.0
V014193,U01575,S0669,7.0,2024-11-11,14.0
V014194,U01181,S0694,43.0,2025-01-31,77.0
V014195,U01726,S0002,500.0,2024-07-05,13.0
V014196,U01331,S0561,100.0,2024-03-19,22.0
V014197,U00723,S0862,500.0,2024-07-22,16.0
V014198,U01401,S0758,30.0,2024-09-28,67.0
V014199,U01378,S0772,500.0,2024-08-18,58.0
V014200,U00691,S0603,500.0,2024-06-02,10.0
V014201,U01830,S0877,500.0,2025-08-02,27.0
V014202,U01215,S0577,69.0,2025-04-25,63.0
V014203,U00943,S0628,500.0,2024-06-05,56.0
V014204,U01978,S0291,500.0,2025-05-31,96.0
V014205,U00490,S0056,201.0,2025-01-02,70.0
V014206,U01666,S0108,500.0,2024-03-23,15.0
V014207,U00807,S0699,135.0,2024-04-25,78.0
V014208,U00140,S0481,500.0,2024-01-17,77.0
V014209,U00910,S0803,500.0,2024-01-19,13.0
V014210,U01146,S0310,500.0,2025-02-20,33.0
V014211,U00617,S0631,10.0,2024-02-01,11.0
V014212,U00329,S0397,31.0,2024-11-26,95.0
V014213,U01194,S0024,78.0,2024-05-19,59.0
V014214,U01717,S0192,500.0,2024-03-29,23.0
V014215,U00077,S0398,100.0,2025-03-25,68.0
V014216,U00631,S0891,134.0,2024-01-10,19.0
V014217,U01576,S0553,500.0,2024-07-15,95.0
V014218,U01963,S0368,80.0,2025-01-08,68.0
V014219,U00918,S0757,500.0,2024-06-20,80.0
V014220,U00435,S0332,123.0,2024-09-13,25.0
V014221,U00555,S0745,111.0,2024-01-01,39.0
V014222,U01335,S0585,91.0,2025-09-06,32.0
V014223,U00318,S0732,157.0,2025-12-02,83.0
V014224,U01267,S0891,197.0,2025-01-06,89.0
V014225,U01649,S0428,189.0,2024-03-05,94.0
V014226,U01414,S0490,147.0,2024-02-16,71.0
V014227,U01190,S0507,219.0,2025-06-13,69.0
V014228,U00088,S0017,500.0,2025-04-10,29.0
V014229,U00386,S0884,500.0,2024-01-27,32.0
V014230,U00060,S0581,26.0,2024-01-07,80.0
V014231,U00527,S0114,500.0,2025-01-18,51.0
V014232,U01414,S0182,89.0,2024-06-21,96.0
V014233,U00999,S0511,500.0,2025-06-20,92.0
V014234,U01206,S0441,52.0,2024-02-05,54.0
V014235,U01226,S0768,500.0,2024-02-01,50.0
V014236,U01284,S0299,219.0,2024-03-16,50.0
V014237,U00953,S0873,500.0,2025-07-04,62.0
V014238,U01059,S0097,219.0,2024-12-06,92.0
V014239,U00402,S0666,51.0,2024-02-08,24.0
V014240,U00110,S0465,219.0,2024-01-28,37.0
V014241,U01914,S0339,88.0,2024-08-07,67.0
V014242,U01574,S0687,500.0,2024-12-22,28.0
V014243,U00582,S0899,500.0,2025-05-29,34.0
V014244,U01150,S0083,500.0,2024-03-09,39.0
V014245,U00686,S0417,500.0,2024-01-26,16.0
V014246,U00158,S0909,500.0,2024-11-13,66.0
V014247,U00735,S0051,500.0,2024-08-11,56.0
V014248,U00253,S0328,500.0,2025-09-01,11.0
V014249,U01886,S0053,89.0,2025-03-20,44.0
V014250,U00481,S0396,197.0,2025-01-17,86.0
V014251,U01430,S0336,500.0,2024-08-15,28.0
V014252,U00856,S0287,500.0,2024-08-23,22.0
V014253,U01259,S0589,500.0,2024-07-28,84.0
V014254,U00318,S0212,199.0,2024-08-24,62.0
V014255,U01740,S0702,169.0,2024-11-17,13.0
V014256,U01426,S0927,500.0,2024-12-18,53.0
V014257,U01587,S0072,46.0,2024-02-22,36.0
V014258,U01946,S0600,220.0,2025-05-08,82.0
V014259,U00524,S0739,500.0,2024-09-05,51.0
V014260,U01138,S0897,148.0,2024-08-07,97.0
V014261,U00120,S0536,215.0,2024-10-10,50.0
V014262,U01867,S0373,500.0,2024-09-15,57.0
V014263,U01441,S0046,219.0,2024-04-10,54.0
V014264,U01684,S0013,42.0,2025-05-10,12.0
V014265,U01297,S0554,143.0,2024-01-06,82.0
V014266,U00884,S0055,500.0,2024-09-21,30.0
V014267,U01442,S0484,500.0,2024-12-23,19.0
V014268,U00545,S0867,500.0,2024-01-04,87.0
V014269,U00195,S0618,500.0,2024-07-18,56.0
V014270,U00720,S0031,18.0,2024-11-24,38.0
V014271,U01797,S0080,83.0,2024-07-29,20.0
V014272,U01372,S0491,500.0,2025-01-05,27.0
V014273,U00802,S0187,50.0,2024-01-19,62.0
V014274,U00929,S0244,24.0,2024-09-01,52.0
V014275,U00172,S0187,211.0,2025-04-19,56.0
V014276,U01229,S0529,500.0,2025-03-21,97.0
V014277,U00871,S0946,500.0,2024-02-17,56.0
V014278,U01690,S0065,185.0,2025-03-26,74.0
V014279,U01061,S0368,219.0,2024-12-06,38.0
V014280,U01130,S0853,500.0,2024-05-29,30.0
V014281,U00307,S0248,500.0,2025-02-20,58.0
V014282,U01105,S0191,18.0,2024-10-22,62.0
V014283,U00030,S0506,158.0,2024-02-08,89.0
V014284,U01547,S0110,500.0,2024-12-24,27.0
V014285,U01285,S0890,142.0,2024-07-24,50.0
V014286,U01135,S0123,500.0,2025-05-03,83.0
V014287,U00357,S0326,210.0,2025-02-14,66.0
V014288,U01120,S0355,219.0,2024-03-14,74.0
V014289,U00757,S0051,500.0,2024-05-09,63.0
V014290,U00090,S0820,500.0,2024-12-03,35.0
V014291,U00845,S0432,500.0,2025-05-14,27.0
V014292,U01597,S0858,87.0,2025-06-05,56.0
V014293,U01007,S0818,182.0,2024-12-15,39.0
V014294,U01433,S0046,170.0,2024-03-20,20.0
V014295,U01615,S0405,183.0,2025-02-15,69.0
V014296,U01635,S0944,95.0,2024-04-16,45.0
V014297,U00373,S0747,500.0,2024-10-29,24.0
V014298,U00105,S0842,500.0,2024-02-28,11.0
V014299,U01872,S0557,500.0,2025-01-25,60.0
V014300,U01531,S0835,500.0,2025-05-10,56.0
V014301,U01294,S0664,215.0,2024-09-29,85.0
V014302,U01603,S0870,70.0,2025-05-31,62.0
V014303,U01233,S0301,500.0,2024-02-09,56.0
V014304,U01265,S0200,500.0,2024-04-01,99.0
V014305,U00752,S0308,129.0,2024-07-19,54.0
V014306,U01111,S0781,500.0,2025-11-01,80.0
V014307,U01832,S0295,500.0,2024-08-26,40.0
V014308,U01885,S0646,14.0,2024-07-28,44.0
V014309,U01070,S0723,78.0,2024-01-19,85.0
V014310,U00704,S0186,500.0,2025-05-18,51.0
V014311,U00951,S0744,500.0,2024-10-17,29.0
V014312,U01586,S0712,166.0,2024-01-24,96.0
V014313,U00366,S0882,142.0,2024-04-20,51.0
V014314,U01144,S0355,32.0,2024-04-08,28.0
V014315,U02000,S0787,500.0,2024-04-14,65.0
V014316,U00263,S0213,500.0,2025-05-27,33.0
V014317,U01030,S0720,88.0,2024-04-30,82.0
V014318,U01769,S0713,500.0,2024-01-17,14.0
V014319,U01164,S0710,130.0,2024-06-08,51.0
V014320,U00140,S0995,500.0,2024-01-17,78.0
V014321,U00139,S0414,158.0,2024-10-14,61.0
V014322,U00844,S0062,40.0,2024-02-10,56.0
V014323,U00554,S0130,500.0,2025-03-29,14.0
V014324,U01298,S0820,500.0,2024-06-12,26.0
V014325,U00136,S0910,500.0,2024-04-15,42.0
V014326,U00664,S0875,12.0,2024-01-16,13.0
V014327,U01041,S0792,26.0,2025-12-06,56.0
V014328,U01157,S0173,500.0,2025-05-18,83.0
V014329,U01293,S0938,500.0,2024-06-28,20.0
V014330,U01242,S0925,219.0,2025-04-15,58.0
V014331,U00003,S0154,500.0,2024-07-08,14.0
V014332,U00737,S0285,219.0,2024-08-27,55.0
V014333,U00539,S0621,94.0,2025-01-22,80.0
V014334,U00783,S0500,219.0,2025-01-22,58.0
V014335,U00475,S0315,72.0,2025-04-06,49.0
V014336,U00044,S0737,500.0,2024-10-31,56.0
V014337,U01568,S0628,89.0,2024-04-22,79.0
V014338,U00097,S0397,500.0,2025-06-14,32.0
V014339,U00463,S0881,500.0,2024-08-02,56.0
V014340,U01083,S0658,500.0,2025-06-08,11.0
V014341,U00164,S0922,33.0,2025-01-07,96.0
V014342,U01060,S0090,500.0,2024-12-20,36.0
V014343,U00324,S0789,33.0,2024-02-26,60.0
V014344,U00959,S0499,90.0,2024-10-23,86.0
V014345,U01278,S0602,215.0,2024-05-07,43.0
V014346,U00933,S0464,129.0,2024-11-22,84.0
V014347,U01849,S0528,12.0,2024-10-02,82.0
V014348,U00394,S0367,500.0,2024-01-14,26.0
V014349,U01506,S0912,500.0,2024-01-18,85.0
V014350,U00398,S0729,219.0,2024-02-07,55.0
V014351,U01549,S0721,18.0,2025-06-02,27.0
V014352,U00506,S0871,207.0,2024-03-01,25.0
V014353,U01606,S0067,80.0,2024-05-28,86.0
V014354,U01880,S0793,179.0,2025-01-31,53.0
V014355,U00096,S0950,70.0,2025-03-12,51.0
V014356,U00303,S0030,76.0,2025-03-17,58.0
V014357,U01945,S0547,500.0,2025-05-17,90.0
V014358,U00081,S0149,500.0,2024-06-11,45.0
V014359,U00713,S0499,500.0,2025-05-18,30.0
V014360,U00146,S0246,182.0,2025-07-02,23.0
V014361,U01752,S0574,500.0,2025-02-27,18.0
V014362,U01664,S0857,500.0,2024-03-08,75.0
V014363,U01690,S0559,181.0,2024-05-16,56.0
V014364,U01724,S0966,165.0,2024-06-21,21.0
V014365,U01166,S0685,500.0,2025-06-22,92.0
V014366,U00171,S0593,163.0,2025-01-23,70.0
V014367,U01771,S0548,145.0,2024-05-15,13.0
V014368,U01754,S0745,500.0,2025-03-26,23.0
V014369,U01162,S0562,11.0,2025-04-14,89.0
V014370,U00646,S0431,198.0,2024-01-17,42.0
V014371,U00596,S0902,500.0,2025-02-21,33.0
V014372,U01744,S0607,147.0,2024-04-25,75.0
V014373,U00045,S0445,500.0,2024-07-28,58.0
V014374,U00670,S0049,52.0,2024-06-11,92.0
V014375,U01857,S0268,219.0,2025-01-23,75.0
V014376,U01325,S0965,86.0,2025-07-05,65.0
V014377,U00391,S0080,182.0,2025-02-23,81.0
V014378,U00739,S0325,83.0,2024-10-30,37.0
V014379,U01241,S0436,201.0,2025-03-04,89.0
V014380,U00094,S0628,67.0,2025-02-04,41.0
V014381,U00631,S0724,173.0,2024-03-06,14.0
V014382,U00962,S0143,143.0,2024-01-22,84.0
V014383,U00635,S0637,500.0,2025-04-02,15.0
V014384,U01061,S0787,500.0,2024-03-29,34.0
V014385,U01144,S0228,74.0,2024-08-15,69.0
V014386,U01247,S0605,500.0,2024-12-27,88.0
V014387,U01133,S0176,500.0,2024-04-03,15.0
V014388,U01478,S0228,500.0,2024-05-02,30.0
V014389,U00237,S0927,500.0,2025-05-28,14.0
V014390,U00324,S0706,500.0,2025-08-05,11.0
V014391,U01131,S0236,500.0,2024-03-02,40.0
V014392,U00846,S0864,146.0,2025-04-02,86.0
V014393,U01413,S0304,84.0,2024-04-17,72.0
V014394,U00088,S0772,38.0,2024-12-17,60.0
V014395,U00013,S0978,180.0,2024-08-19,83.0
V014396,U00110,S0087,164.0,2024-04-02,42.0
V014397,U01166,S0351,168.0,2025-06-21,62.0
V014398,U00609,S0643,500.0,2025-04-08,96.0
V014399,U00499,S0837,500.0,2024-09-04,39.0
V014400,U01436,S0521,95.0,2024-01-31,58.0
V014401,U00931,S0101,192.0,2024-08-12,64.0
V014402,U01144,S0848,500.0,2025-05-28,85.0
V014403,U00382,S0190,40.0,2025-01-29,92.0
V014404,U00323,S0724,500.0,2024-07-11,52.0
V014405,U01592,S0587,500.0,2024-10-18,73.0
V014406,U00695,S0890,500.0,2024-05-17,49.0
V014407,U00816,S0170,500.0,2024-10-20,33.0
V014408,U01190,S0940,106.0,2024-05-22,34.0
V014409,U00369,S0358,500.0,2024-01-14,13.0
V014410,U01928,S0448,176.0,2024-11-13,19.0
V014411,U01646,S0774,500.0,2024-09-23,74.0
V014412,U00134,S0860,500.0,2024-11-16,52.0
V014413,U00879,S0921,74.0,2024-06-06,90.0
V014414,U00232,S0467,15.0,2025-04-03,69.0
V014415,U01161,S0239,219.0,2025-02-13,76.0
V014416,U01895,S0606,500.0,2025-06-16,93.0
V014417,U01877,S0834,219.0,2024-01-30,93.0
V014418,U01911,S0384,9.0,2025-01-21,20.0
V014419,U01108,S0722,40.0,2024-02-24,58.0
V014420,U00407,S0982,62.0,2024-04-27,24.0
V014421,U01508,S0139,20.0,2025-03-03,12.0
V014422,U01822,S0929,500.0,2024-12-01,40.0
V014423,U00865,S0475,170.0,2025-04-23,11.0
V014424,U00670,S0080,100.0,2024-08-14,69.0
V014425,U00654,S0914,500.0,2024-08-23,91.0
V014426,U01620,S0896,500.0,2025-01-15,31.0
V014427,U00450,S0678,55.0,2024-07-05,13.0
V014428,U01251,S0344,500.0,2024-10-20,85.0
V014429,U00686,S0912,85.0,2024-10-12,32.0
V014430,U01920,S0371,141.0,2024-06-16,46.0
V014431,U00428,S0140,13.0,2024-01-31,88.0
V014432,U01407,S0702,47.0,2024-01-16,56.0
V014433,U00794,S0348,500.0,2024-12-13,90.0
V014434,U01224,S0502,500.0,2025-06-02,81.0
V014435,U01086,S0602,119.0,2024-11-04,41.0
V014436,U01454,S0643,500.0,2024-11-25,42.0
V014437,U01179,S0710,500.0,2024-04-30,62.0
V014438,U00700,S0565,195.0,2025-05-20,97.0
V014439,U01214,S0245,500.0,2024-10-25,15.0
V014440,U01499,S0600,76.0,2024-10-16,20.0
V014441,U00723,S0301,25.0,2024-05-09,45.0
V014442,U01371,S0775,500.0,2024-01-11,10.0
V014443,U00125,S0643,500.0,2024-08-27,50.0
V014444,U01318,S0179,500.0,2024-03-15,17.0
V014445,U00283,S0373,500.0,2024-10-16,73.0
V014446,U01922,S0348,500.0,2025-04-06,70.0
V014447,U00082,S0172,19.0,2024-10-31,10.0
V014448,U01683,S0140,219.0,2025-12-05,29.0
V014449,U01778,S0227,72.0,2025-11-01,54.0
V014450,U00642,S0603,500.0,2024-11-05,81.0
V014451,U01621,S0269,84.0,2024-12-21,51.0
V014452,U01261,S0800,37.0,2024-09-07,38.0
V014453,U00788,S0707,500.0,2024-11-23,54.0
V014454,U00051,S0452,500.0,2024-06-06,11.0
V014455,U00106,S0953,500.0,2024-02-18,90.0
V014456,U01798,S0619,500.0,2025-06-21,49.0
V014457,U00387,S0236,166.0,2025-03-13,51.0
V014458,U01186,S0121,500.0,2024-03-01,48.0
V014459,U00050,S0569,14.0,2024-06-16,16.0
V014460,U00289,S0202,500.0,2024-10-05,78.0
V014461,U01550,S0776,80.0,2025-01-11,54.0
V014462,U00966,S0104,68.0,2025-02-13,90.0
V014463,U01628,S0017,9.0,2025-05-01,86.0
V014464,U00046,S0454,179.0,2024-01-04,38.0
V014465,U00867,S0937,141.0,2024-02-08,12.0
V014466,U00183,S0679,500.0,2024-05-25,100.0
V014467,U00500,S0242,193.0,2025-02-16,72.0
V014468,U01266,S0240,144.0,2024-07-19,64.0
V014469,U00334,S0687,137.0,2024-09-25,58.0
V014470,U01949,S0125,500.0,2025-05-30,77.0
V014471,U01196,S0554,157.0,2024-09-06,77.0
V014472,U01417,S0530,137.0,2025-01-15,55.0
V014473,U01660,S0141,500.0,2024-09-17,81.0
V014474,U00274,S0018,146.0,2024-11-21,26.0
V014475,U00261,S0647,500.0,2024-07-17,94.0
V014476,U00783,S0996,500.0,2024-07-25,74.0
V014477,U01764,S0045,217.0,2024-05-30,13.0
V014478,U00710,S0070,44.0,2024-07-22,11.0
V014479,U01020,S0731,38.0,2024-03-21,67.0
V014480,U00052,S0158,500.0,2024-12-05,55.0
V014481,U00220,S0142,500.0,2024-01-12,68.0
V014482,U01899,S0334,500.0,2025-08-01,18.0
V014483,U01483,S0260,172.0,2024-10-16,97.0
V014484,U00614,S0155,167.0,2025-01-03,31.0
V014485,U00348,S0081,500.0,2025-03-04,84.0
V014486,U00716,S0775,500.0,2025-02-18,38.0
V014487,U00150,S0042,500.0,2025-04-19,11.0
V014488,U01616,S0025,66.0,2024-01-25,22.0
V014489,U01831,S0166,500.0,2024-01-20,98.0
V014490,U01193,S0171,18.0,2024-06-20,96.0
V014491,U00896,S0689,40.0,2025-04-25,60.0
V014492,U00625,S0006,156.0,2024-07-31,62.0
V014493,U01625,S0989,69.0,2025-06-01,90.0
V014494,U00329,S0456,500.0,2025-07-03,65.0
V014495,U01516,S0552,500.0,2024-08-20,50.0
V014496,U00580,S0042,106.0,2024-01-22,70.0
V014497,U00078,S0649,500.0,2024-12-10,17.0
V014498,U00827,S0014,219.0,2025-04-03,48.0
V014499,U00527,S0879,73.0,2024-05-07,22.0
V014500,U00524,S0788,78.0,2025-01-15,63.0
V014501,U01169,S0436,169.0,2024-02-13,34.0
V014502,U01360,S0908,500.0,2025-01-16,70.0
V014503,U00295,S0674,149.0,2024-03-11,20.0
V014504,U00707,S0116,89.0,2025-02-23,26.0
V014505,U00466,S0187,500.0,2024-11-06,61.0
V014506,U00577,S0683,15.0,2025-01-24,97.0
V014507,U00492,S0882,199.0,2024-10-22,59.0
V014508,U01769,S0138,75.0,2024-11-14,19.0
V014509,U00317,S0275,11.0,2024-05-23,77.0
V014510,U01411,S0030,73.0,2025-07-06,56.0
V014511,U00756,S0122,500.0,2024-07-08,69.0
V014512,U01274,S0639,500.0,2024-02-20,69.0
V014513,U00221,S0329,25.0,2025-06-23,49.0
V014514,U01625,S0066,153.0,2025-08-02,87.0
V014515,U01524,S0657,167.0,2024-09-11,90.0
V014516,U00179,S0580,500.0,2025-03-24,96.0
V014517,U00178,S0968,500.0,2024-04-14,68.0
V014518,U00406,S0705,150.0,2024-10-11,41.0
V014519,U01504,S0560,179.0,2024-08-07,98.0
V014520,U00376,S0244,500.0,2024-11-29,54.0
V014521,U01150,S0440,500.0,2025-04-23,20.0
V014522,U00855,S0003,52.0,2025-02-23,56.0
V014523,U01281,S0045,173.0,2025-01-17,20.0
V014524,U01966,S0794,500.0,2025-04-15,55.0
V014525,U00166,S0746,9.0,2024-01-31,57.0
V014526,U00141,S0983,500.0,2025-02-27,51.0
V014527,U01401,S0917,149.0,2024-01-26,64.0
V014528,U01178,S0681,145.0,2024-11-11,13.0
V014529,U00573,S0644,500.0,2024-03-08,47.0
V014530,U01566,S0256,114.0,2024-09-10,79.0
V014531,U01106,S0262,148.0,2024-01-28,38.0
V014532,U01028,S0487,123.0,2024-03-11,70.0
V014533,U01072,S0160,500.0,2024-04-17,98.0
V014534,U01775,S0316,500.0,2024-04-04,14.0
V014535,U01052,S0778,50.0,2024-09-06,83.0
V014536,U01940,S0738,500.0,2024-10-16,56.0
V014537,U00807,S0087,500.0,2024-02-06,80.0
V014538,U00194,S0386,500.0,2024-07-01,67.0
V014539,U00604,S0462,500.0,2024-11-10,39.0
V014540,U01686,S0562,9.0,2025-03-21,93.0
V014541,U01312,S0454,500.0,2024-05-05,50.0
V014542,U01566,S0239,500.0,2024-11-30,55.0
V014543,U00502,S0002,71.0,2024-09-18,22.0
V014544,U01350,S0843,103.0,2024-11-14,25.0
V014545,U01204,S0750,9.0,2025-02-03,56.0
V014546,U00130,S0293,68.0,2024-05-07,94.0
V014547,U00330,S0965,500.0,2024-11-26,47.0
V014548,U00989,S0509,500.0,2025-03-17,59.0
V014549,U01964,S0111,204.0,2025-02-04,64.0
V014550,U00863,S0855,137.0,2024-10-20,80.0
V014551,U00682,S0883,500.0,2024-06-17,46.0
V014552,U00337,S0240,181.0,2025-03-21,62.0
V014553,U00473,S0820,9.0,2025-05-18,73.0
V014554,U01079,S0491,41.0,2024-12-31,98.0
V014555,U00344,S0458,197.0,2024-07-05,48.0
V014556,U01998,S0433,148.0,2024-02-12,93.0
V014557,U01212,S0805,500.0,2025-02-14,60.0
V014558,U01695,S0380,500.0,2024-03-14,69.0
V014559,U01918,S0863,500.0,2024-01-07,47.0
V014560,U01904,S0100,500.0,2025-05-22,86.0
V014561,U01899,S0673,219.0,2024-01-07,24.0
V014562,U00562,S0092,134.0,2024-04-23,23.0
V014563,U01130,S0938,201.0,2025-05-16,76.0
V014564,U00169,S0755,500.0,2024-02-14,58.0
V014565,U01963,S0758,500.0,2024-06-02,89.0
V014566,U01582,S0875,190.0,2024-01-04,67.0
V014567,U00967,S0218,89.0,2024-06-05,58.0
V014568,U01098,S0072,35.0,2025-04-01,94.0
V014569,U01084,S0448,500.0,2024-04-23,53.0
V014570,U01870,S0967,125.0,2024-02-12,37.0
V014571,U00609,S0157,500.0,2024-05-21,88.0
V014572,U01123,S0788,500.0,2024-11-06,52.0
V014573,U01687,S0978,500.0,2024-09-23,66.0
V014574,U00966,S0875,210.0,2025-02-10,57.0
V014575,U00471,S0037,500.0,2024-02-13,97.0
V014576,U00818,S0508,500.0,2024-04-14,62.0
V014577,U01998,S0507,500.0,2024-11-16,78.0
V014578,U00941,S0658,500.0,2025-06-15,24.0
V014579,U00059,S0188,189.0,2024-11-23,24.0
V014580,U01356,S0766,114.0,2024-09-23,24.0
V014581,U00169,S0556,500.0,2024-08-14,45.0
V014582,U00670,S0106,163.0,2024-09-03,23.0
V014583,U01172,S0095,144.0,2024-07-16,18.0
V014584,U01549,S0837,126.0,2025-04-30,35.0
V014585,U00211,S0566,171.0,2025-04-10,56.0
V014586,U00437,S0795,128.0,2024-01-27,34.0
V014587,U01822,S0583,86.0,2025-01-31,35.0
V014588,U00940,S0804,500.0,2025-01-05,40.0
V014589,U01047,S0087,500.0,2025-06-01,34.0
V014590,U01844,S0940,500.0,2024-10-12,27.0
V014591,U00775,S0584,151.0,2024-11-11,25.0
V014592,U01296,S0807,24.0,2025-05-03,28.0
V014593,U01334,S0966,188.0,2024-12-17,30.0
V014594,U01095,S0478,38.0,2024-07-18,98.0
V014595,U01461,S0968,500.0,2025-04-06,10.0
V014596,U00009,S0576,124.0,2024-02-01,20.0
V014597,U00420,S0319,500.0,2024-03-02,86.0
V014598,U00449,S0870,219.0,2024-11-27,32.0
V014599,U00129,S0016,500.0,2025-03-16,93.0
V014600,U01185,S0422,219.0,2024-11-10,74.0
V014601,U01673,S0951,185.0,2024-05-14,75.0
V014602,U01297,S0199,106.0,2024-03-14,81.0
V014603,U01722,S0127,500.0,2024-03-16,19.0
V014604,U01345,S0564,122.0,2024-04-23,46.0
V014605,U00653,S0369,500.0,2024-09-08,11.0
V014606,U01684,S0904,81.0,2024-06-24,98.0
V014607,U01070,S0114,500.0,2024-02-19,89.0
V014608,U01236,S0906,196.0,2025-05-25,83.0
V014609,U01153,S0331,84.0,2024-03-10,46.0
V014610,U00552,S0774,500.0,2025-05-31,58.0
V014611,U00097,S0674,117.0,2024-02-07,22.0
V014612,U00411,S0022,80.0,2024-03-08,47.0
V014613,U01492,S0969,172.0,2024-02-02,13.0
V014614,U01045,S0011,184.0,2025-05-25,56.0
V014615,U01171,S0975,500.0,2025-05-29,19.0
V014616,U00626,S0237,500.0,2025-03-19,50.0
V014617,U01280,S0940,86.0,2025-05-19,47.0
V014618,U00338,S0444,111.0,2024-04-25,44.0
V014619,U00138,S0099,500.0,2024-03-17,90.0
V014620,U01586,S0213,500.0,2024-01-22,72.0
V014621,U00347,S0418,21.0,2025-05-03,25.0
V014622,U00265,S0874,500.0,2024-12-13,46.0
V014623,U00092,S0055,500.0,2024-09-26,18.0
V014624,U01882,S0559,80.0,2025-06-04,48.0
V014625,U01032,S0973,500.0,2024-12-04,11.0
V014626,U01872,S0505,7.0,2024-03-05,89.0
V014627,U00720,S0531,76.0,2024-01-31,48.0
V014628,U00551,S0708,500.0,2025-05-09,25.0
V014629,U00736,S0308,76.0,2024-09-11,24.0
V014630,U01186,S0833,500.0,2024-05-26,75.0
V014631,U00154,S0238,500.0,2025-03-13,98.0
V014632,U01868,S0460,500.0,2024-12-08,56.0
V014633,U00933,S0606,67.0,2025-03-28,29.0
V014634,U00171,S0835,500.0,2025-04-07,84.0
V014635,U00778,S0477,210.0,2025-06-04,88.0
V014636,U00439,S0127,500.0,2024-03-24,14.0
V014637,U00458,S0562,500.0,2024-06-06,36.0
V014638,U01667,S0335,30.0,2024-03-30,60.0
V014639,U01639,S0854,165.0,2024-04-07,22.0
V014640,U01928,S0962,56.0,2024-05-23,69.0
V014641,U01488,S0083,500.0,2024-11-12,12.0
V014642,U01252,S0373,113.0,2025-04-29,31.0
V014643,U01643,S0320,500.0,2024-07-08,21.0
V014644,U01008,S0152,133.0,2024-03-01,93.0
V014645,U00103,S0447,12.0,2025-05-20,24.0
V014646,U01303,S0689,500.0,2024-11-28,56.0
V014647,U01675,S0315,500.0,2024-11-24,56.0
V014648,U00558,S0542,142.0,2025-03-29,31.0
V014649,U00631,S0024,50.0,2024-01-09,26.0
V014650,U01013,S0984,500.0,2024-02-20,94.0
V014651,U00041,S0264,500.0,2024-06-26,19.0
V014652,U01582,S0701,84.0,2025-06-24,15.0
V014653,U00952,S0872,500.0,2024-06-20,88.0
V014654,U00923,S0415,500.0,2024-12-14,82.0
V014655,U00954,S0885,500.0,2024-08-05,62.0
V014656,U01614,S0029,106.0,2024-04-20,93.0
V014657,U01666,S0243,202.0,2024-02-26,91.0
V014658,U00722,S0148,90.0,2024-09-30,50.0
V014659,U00901,S0513,500.0,2024-08-19,72.0
V014660,U00374,S0406,500.0,2024-12-21,25.0
V014661,U01965,S0740,219.0,2025-05-03,37.0
V014662,U01950,S0550,500.0,2024-07-03,39.0
V014663,U00576,S0804,500.0,2024-05-20,82.0
V014664,U00702,S0127,87.0,2025-01-27,56.0
V014665,U01931,S0785,60.0,2024-03-03,99.0
V014666,U00681,S0461,170.0,2024-09-29,39.0
V014667,U00083,S0539,500.0,2024-03-17,32.0
V014668,U00761,S0663,73.0,2024-02-06,22.0
V014669,U01374,S0459,500.0,2025-01-26,60.0
V014670,U00168,S0967,70.0,2025-03-24,40.0
V014671,U01771,S0476,500.0,2024-06-07,38.0
V014672,U00916,S0686,500.0,2024-04-18,66.0
V014673,U01618,S0876,500.0,2024-05-07,12.0
V014674,U00903,S0133,120.0,2024-07-22,52.0
V014675,U00101,S0901,500.0,2025-03-17,98.0
V014676,U01186,S0123,127.0,2024-02-19,19.0
V014677,U00451,S0071,500.0,2024-07-17,70.0
V014678,U01890,S0636,500.0,2024-11-07,73.0
V014679,U00152,S0112,500.0,2024-02-29,29.0
V014680,U01155,S0250,104.0,2024-07-24,30.0
V014681,U00424,S0414,97.0,2025-03-18,24.0
V014682,U01637,S0288,500.0,2025-04-16,40.0
V014683,U01801,S0608,166.0,2025-03-17,84.0
V014684,U00416,S0379,108.0,2025-02-14,69.0
V014685,U01045,S0327,500.0,2024-09-12,78.0
V014686,U00873,S0419,121.0,2025-04-04,41.0
V014687,U00980,S0764,186.0,2025-02-17,34.0
V014688,U00701,S0321,500.0,2024-07-20,88.0
V014689,U00298,S0850,57.0,2024-12-17,29.0
V014690,U01840,S0613,500.0,2024-01-15,37.0
V014691,U00323,S0906,500.0,2024-05-06,90.0
V014692,U00271,S0059,500.0,2025-03-19,15.0
V014693,U01296,S0314,122.0,2024-04-05,13.0
V014694,U00677,S0612,500.0,2025-01-30,92.0
V014695,U01533,S0878,17.0,2024-12-07,50.0
V014696,U01371,S0673,500.0,2024-09-02,78.0
V014697,U00035,S0519,500.0,2024-07-12,38.0
V014698,U00485,S0529,500.0,2025-04-03,69.0
V014699,U01545,S0630,500.0,2024-06-05,47.0
V014700,U00681,S0689,27.0,2025-06-03,93.0
V014701,U00534,S0819,139.0,2024-12-04,56.0
V014702,U00710,S0853,190.0,2024-08-23,82.0
V014703,U00661,S0881,127.0,2024-12-04,28.0
V014704,U01600,S0432,191.0,2024-11-24,46.0
V014705,U01645,S0990,500.0,2024-04-08,77.0
V014706,U01153,S0902,27.0,2024-05-01,60.0
V014707,U00070,S0449,134.0,2024-11-24,42.0
V014708,U01299,S0315,130.0,2024-04-11,71.0
V014709,U01408,S0321,500.0,2024-06-30,30.0
V014710,U00815,S0688,500.0,2024-05-04,92.0
V014711,U01708,S0271,136.0,2024-03-24,19.0
V014712,U01497,S0397,113.0,2024-06-20,55.0
V014713,U00711,S0316,500.0,2024-11-12,83.0
V014714,U01763,S0678,51.0,2024-12-02,56.0
V014715,U00894,S0839,39.0,2024-06-10,11.0
V014716,U01000,S0065,500.0,2025-02-01,49.0
V014717,U01556,S0368,500.0,2024-10-20,98.0
V014718,U01277,S0749,500.0,2025-09-02,37.0
V014719,U00843,S0893,500.0,2024-03-06,57.0
V014720,U00075,S0485,500.0,2024-05-11,56.0
V014721,U00318,S0265,72.0,2025-01-27,59.0
V014722,U00601,S0459,500.0,2024-09-16,93.0
V014723,U01980,S0412,500.0,2024-01-06,67.0
V014724,U01331,S0046,500.0,2024-08-06,17.0
V014725,U01363,S0916,500.0,2024-08-15,47.0
V014726,U00717,S0498,500.0,2024-06-11,100.0
V014727,U00420,S0731,68.0,2024-08-24,16.0
V014728,U01968,S0862,24.0,2024-08-29,56.0
V014729,U01838,S0918,172.0,2024-02-22,96.0
V014730,U01738,S0573,186.0,2024-10-16,87.0
V014731,U00334,S0859,80.0,2024-09-18,36.0
V014732,U01520,S0676,102.0,2025-01-27,54.0
V014733,U01036,S0095,500.0,2024-09-26,99.0
V014734,U00001,S0898,20.0,2024-05-24,35.0
V014735,U01154,S0036,500.0,2024-12-20,40.0
V014736,U00167,S0169,500.0,2024-01-14,21.0
V014737,U00324,S0373,102.0,2024-04-05,92.0
V014738,U01751,S0457,89.0,2025-04-29,22.0
V014739,U01835,S0811,500.0,2024-09-04,12.0
V014740,U01532,S0612,58.0,2024-10-03,12.0
V014741,U00808,S0500,500.0,2025-01-25,55.0
V014742,U01879,S0134,500.0,2024-05-28,83.0
V014743,U00788,S0043,188.0,2024-09-07,90.0
V014744,U00578,S0188,91.0,2024-03-20,68.0
V014745,U00222,S0640,500.0,2025-06-04,29.0
V014746,U00271,S0624,37.0,2024-10-17,31.0
V014747,U01415,S0519,500.0,2024-10-26,62.0
V014748,U00938,S0177,22.0,2024-01-04,87.0
V014749,U00693,S0518,33.0,2024-05-20,81.0
V014750,U01615,S0278,193.0,2025-04-15,52.0
V014751,U01536,S0984,220.0,2025-06-20,27.0
V014752,U01660,S0282,20.0,2024-12-14,78.0
V014753,U00534,S0538,37.0,2025-03-28,82.0
V014754,U01167,S0763,129.0,2024-04-04,74.0
V014755,U00156,S0011,150.0,2024-05-16,46.0
V014756,U01751,S0304,500.0,2024-01-13,81.0
V014757,U00363,S0460,12.0,2024-06-26,86.0
V014758,U00769,S0539,500.0,2024-06-05,56.0
V014759,U01545,S0073,64.0,2024-06-26,95.0
V014760,U00026,S0421,123.0,2024-07-24,66.0
V014761,U00534,S0460,97.0,2024-10-29,81.0
V014762,U00464,S0526,500.0,2024-02-13,56.0
V014763,U01626,S0101,175.0,2024-11-12,76.0
V014764,U00535,S0626,11.0,2024-01-30,77.0
V014765,U00520,S0440,500.0,2024-08-18,92.0
V014766,U01934,S0963,500.0,2024-06-27,85.0
V014767,U00821,S0281,48.0,2024-04-17,29.0
V014768,U01995,S0516,46.0,2025-05-16,77.0
V014769,U01358,S0278,500.0,2025-05-16,70.0
V014770,U01205,S0286,500.0,2024-06-17,75.0
V014771,U01628,S0064,186.0,2025-02-05,39.0
V014772,U01527,S0709,76.0,2024-04-02,58.0
V014773,U00739,S0023,500.0,2025-06-01,93.0
V014774,U01704,S0672,219.0,2024-02-23,81.0
V014775,U00744,S0864,77.0,2024-09-01,37.0
V014776,U01879,S0544,42.0,2024-03-27,70.0
V014777,U00515,S0951,500.0,2024-12-31,40.0
V014778,U01760,S0052,134.0,2024-11-03,38.0
V014779,U01499,S0718,40.0,2024-01-27,78.0
V014780,U01476,S0641,46.0,2025-02-18,20.0
V014781,U00869,S0359,500.0,2024-08-23,88.0
V014782,U01030,S0821,500.0,2024-07-27,76.0
V014783,U00360,S0060,500.0,2024-07-31,90.0
V014784,U00747,S0637,500.0,2024-02-05,98.0
V014785,U01290,S0704,88.0,2025-03-02,17.0
V014786,U00761,S0424,78.0,2024-03-03,56.0
V014787,U01582,S0126,500.0,2024-07-27,79.0
V014788,U01774,S0065,500.0,2024-06-05,100.0
V014789,U01672,S0358,75.0,2024-12-29,25.0
V014790,U01805,S0757,500.0,2024-05-20,21.0
V014791,U01070,S0433,500.0,2025-02-16,78.0
V014792,U00113,S0655,500.0,2024-05-18,89.0
V014793,U01479,S0429,175.0,2025-01-19,98.0
V014794,U00237,S0106,112.0,2024-05-26,18.0
V014795,U00035,S0777,500.0,2024-08-08,32.0
V014796,U01138,S0601,58.0,2024-01-02,73.0
V014797,U01551,S0493,500.0,2024-10-03,73.0
V014798,U00110,S0720,85.0,2024-11-26,33.0
V014799,U01075,S0031,500.0,2024-09-24,16.0
V014800,U00696,S0738,500.0,2025-01-23,56.0
V014801,U01887,S0693,157.0,2024-03-27,47.0
V014802,U00931,S0778,500.0,2024-04-29,20.0
V014803,U00081,S0645,219.0,2025-03-16,82.0
V014804,U00663,S0258,500.0,2024-04-25,77.0
V014805,U01924,S0901,37.0,2025-06-15,36.0
V014806,U00195,S0443,208.0,2025-03-02,30.0
V014807,U00893,S0263,192.0,2024-03-08,92.0
V014808,U00886,S0750,60.0,2024-06-19,18.0
V014809,U00211,S0806,500.0,2024-03-11,16.0
V014810,U01555,S0850,201.0,2024-12-31,36.0
V014811,U01963,S0514,500.0,2024-06-25,51.0
V014812,U01379,S0010,500.0,2025-06-21,56.0
V014813,U01142,S0997,158.0,2025-04-26,33.0
V014814,U00753,S0145,500.0,2024-02-07,78.0
V014815,U00931,S0609,500.0,2025-05-13,35.0
V014816,U01307,S0352,219.0,2025-06-22,48.0
V014817,U00471,S0255,219.0,2024-03-09,55.0
V014818,U01134,S0166,500.0,2025-05-22,11.0
V014819,U00371,S0799,500.0,2025-02-02,27.0
V014820,U01387,S0469,500.0,2024-07-13,56.0
V014821,U01231,S0239,196.0,2024-07-25,42.0
V014822,U00696,S0160,500.0,2024-09-02,68.0
V014823,U00587,S0433,500.0,2024-02-28,22.0
V014824,U00455,S0938,500.0,2024-07-27,46.0
V014825,U00341,S0596,64.0,2024-02-07,87.0
V014826,U01140,S0659,132.0,2024-02-11,15.0
V014827,U00270,S0091,38.0,2024-06-21,27.0
V014828,U00510,S0938,107.0,2024-01-28,92.0
V014829,U01358,S0566,500.0,2025-02-01,69.0
V014830,U01999,S0495,37.0,2025-01-28,70.0
V014831,U01299,S0310,500.0,2024-03-25,94.0
V014832,U00476,S0173,211.0,2025-04-24,94.0
V014833,U00129,S0014,9.0,2024-01-02,88.0
V014834,U01974,S0943,500.0,2025-04-03,33.0
V014835,U00242,S0589,182.0,2025-03-10,17.0
V014836,U00262,S0844,7.0,2024-03-27,53.0
V014837,U00572,S0081,191.0,2024-03-10,12.0
V014838,U01205,S0825,219.0,2024-10-16,81.0
V014839,U01657,S0928,500.0,2024-05-22,62.0
V014840,U01522,S0555,122.0,2024-05-21,56.0
V014841,U00292,S0215,500.0,2024-10-17,65.0
V014842,U01676,S0994,185.0,2024-02-06,76.0
V014843,U01232,S0236,500.0,2024-08-28,11.0
V014844,U01093,S0906,76.0,2024-09-14,85.0
V014845,U01519,S0685,86.0,2024-02-22,64.0
V014846,U00502,S0217,500.0,2025-06-22,95.0
V014847,U01451,S0444,500.0,2024-12-09,76.0
V014848,U01648,S0558,500.0,2024-03-04,61.0
V014849,U01336,S0138,500.0,2025-03-01,92.0
V014850,U01978,S0139,500.0,2024-08-17,46.0
V014851,U00252,S0019,97.0,2024-03-20,82.0
V014852,U00321,S0973,219.0,2025-05-05,40.0
V014853,U01644,S0404,500.0,2024-02-11,34.0
V014854,U01290,S0538,120.0,2025-05-19,94.0
V014855,U00576,S0565,64.0,2024-12-30,20.0
V014856,U00700,S0477,86.0,2024-10-17,55.0
V014857,U00835,S0520,500.0,2025-06-06,66.0
V014858,U00959,S0185,500.0,2025-02-27,22.0
V014859,U00121,S0326,500.0,2024-03-20,99.0
V014860,U01292,S0433,156.0,2025-07-05,55.0
V014861,U01714,S0134,500.0,2025-03-02,55.0
V014862,U00685,S0228,52.0,2024-01-01,85.0
V014863,U01112,S0261,137.0,2025-08-05,99.0
V014864,U00549,S0191,500.0,2025-06-19,35.0
V014865,U00025,S0399,500.0,2024-04-23,75.0
V014866,U00944,S0906,158.0,2025-12-05,83.0
V014867,U01958,S0511,500.0,2024-12-09,55.0
V014868,U00593,S0542,194.0,2025-06-05,87.0
V014869,U00887,S0810,27.0,2025-03-02,53.0
V014870,U00648,S0981,127.0,2024-05-12,47.0
V014871,U00435,S0229,500.0,2025-01-07,95.0
V014872,U01392,S0171,500.0,2024-02-09,77.0
V014873,U00170,S0743,500.0,2024-07-26,66.0
V014874,U00955,S0738,184.0,2024-10-28,96.0
V014875,U01641,S0189,500.0,2024-01-31,57.0
V014876,U00964,S0327,189.0,2024-10-29,55.0
V014877,U01601,S0502,219.0,2024-03-16,15.0
V014878,U00118,S0861,142.0,2025-05-25,24.0
V014879,U00821,S0495,500.0,2024-02-20,17.0
V014880,U01448,S0270,500.0,2024-06-10,68.0
V014881,U00631,S0181,500.0,2024-10-09,15.0
V014882,U00060,S0141,7.0,2024-11-20,47.0
V014883,U01687,S0105,108.0,2025-05-09,93.0
V014884,U00691,S0312,500.0,2024-11-06,15.0
V014885,U01184,S0193,500.0,2024-06-18,100.0
V014886,U01056,S0623,51.0,2024-01-08,68.0
V014887,U01409,S0164,218.0,2024-12-20,78.0
V014888,U00051,S0792,83.0,2024-01-20,23.0
V014889,U00696,S0806,500.0,2025-04-25,71.0
V014890,U01143,S0600,177.0,2024-02-14,38.0
V014891,U00804,S0296,36.0,2025-07-02,67.0
V014892,U01204,S0575,500.0,2024-01-21,29.0
V014893,U01323,S0584,500.0,2024-06-07,23.0
V014894,U01087,S0602,500.0,2024-07-15,18.0
V014895,U01642,S0497,500.0,2025-04-15,53.0
V014896,U01329,S0529,49.0,2025-06-17,86.0
V014897,U01371,S0293,500.0,2024-03-06,32.0
V014898,U00689,S0911,34.0,2024-07-31,77.0
V014899,U01144,S0854,500.0,2025-04-20,73.0
V014900,U01210,S0185,500.0,2024-10-11,35.0
V014901,U00833,S0496,500.0,2024-11-06,30.0
V014902,U00565,S0515,500.0,2024-07-03,67.0
V014903,U01547,S0975,96.0,2024-01-02,85.0
V014904,U01352,S0221,500.0,2024-01-25,94.0
V014905,U00992,S0321,107.0,2024-12-17,56.0
V014906,U00136,S0224,500.0,2024-02-29,70.0
V014907,U01310,S0215,215.0,2025-03-14,14.0
V014908,U00486,S0633,114.0,2024-10-09,56.0
V014909,U00130,S0597,58.0,2025-05-01,72.0
V014910,U01028,S0054,71.0,2024-08-30,66.0
V014911,U01999,S0130,172.0,2024-05-02,78.0
V014912,U00838,S0395,146.0,2025-04-15,92.0
V014913,U01832,S0467,172.0,2025-03-07,61.0
V014914,U00806,S0274,500.0,2024-06-18,45.0
V014915,U01027,S0203,500.0,2025-06-05,73.0
V014916,U01088,S0170,500.0,2024-09-02,17.0
V014917,U00426,S0839,500.0,2025-03-06,56.0
V014918,U01033,S0690,500.0,2024-01-28,38.0
V014919,U01687,S0713,150.0,2025-01-14,89.0
V014920,U01682,S0582,186.0,2025-05-25,89.0
V014921,U01922,S0842,500.0,2024-05-19,56.0
V014922,U01309,S0412,131.0,2024-08-23,93.0
V014923,U00567,S0818,500.0,2024-09-21,64.0
V014924,U00929,S0149,500.0,2024-09-04,98.0
V014925,U01939,S0313,27.0,2024-08-09,98.0
V014926,U00969,S0892,75.0,2024-04-12,15.0
V014927,U01095,S0372,500.0,2025-09-01,70.0
V014928,U00666,S0823,166.0,2025-01-27,24.0
V014929,U01634,S0899,19.0,2024-06-25,23.0
V014930,U01347,S0519,500.0,2024-04-14,35.0
V014931,U01608,S0987,500.0,2024-05-09,81.0
V014932,U01260,S0707,500.0,2025-10-06,66.0
V014933,U01009,S0251,500.0,2024-03-25,61.0
V014934,U01870,S0154,500.0,2024-05-18,56.0
V014935,U00265,S0892,500.0,2024-01-27,83.0
V014936,U00082,S0404,500.0,2025-08-03,30.0
V014937,U01214,S0636,500.0,2024-03-12,47.0
V014938,U00551,S0380,500.0,2025-03-24,57.0
V014939,U00057,S0799,12.0,2024-02-06,92.0
V014940,U01211,S0486,94.0,2024-04-06,44.0
V014941,U00181,S0952,500.0,2025-01-23,56.0
V014942,U01873,S0537,50.0,2024-01-27,63.0
V014943,U00295,S0450,500.0,2024-09-23,32.0
V014944,U00179,S0353,136.0,2025-01-14,67.0
V014945,U01157,S0253,25.0,2024-04-19,53.0
V014946,U00475,S0704,96.0,2024-08-19,56.0
V014947,U01305,S0772,500.0,2024-08-01,59.0
V014948,U01160,S0301,68.0,2024-08-29,24.0
V014949,U00377,S0421,219.0,2024-02-28,13.0
V014950,U01234,S0499,174.0,2024-10-10,23.0
V014951,U01873,S0788,500.0,2024-11-11,30.0
V014952,U01680,S0223,500.0,2024-07-23,88.0
V014953,U01288,S0016,213.0,2025-05-04,20.0
V014954,U00641,S0769,500.0,2025-06-24,57.0
V014955,U01115,S0696,181.0,2024-04-23,77.0
V014956,U00386,S0746,7.0,2025-01-20,26.0
V014957,U00229,S0422,164.0,2024-09-05,64.0
V014958,U01386,S0904,500.0,2025-03-20,69.0
V014959,U01316,S0051,185.0,2024-02-27,10.0
V014960,U01135,S0732,20.0,2024-12-27,43.0
V014961,U00395,S0948,214.0,2025-12-02,48.0
V014962,U01805,S0551,500.0,2024-05-17,89.0
V014963,U01296,S0651,219.0,2025-02-06,23.0
V014964,U00895,S0922,10.0,2024-01-19,22.0
V014965,U01828,S0492,500.0,2024-11-03,15.0
V014966,U00413,S0629,500.0,2025-01-14,51.0
V014967,U01004,S0449,183.0,2024-07-31,100.0
V014968,U00200,S0880,179.0,2024-02-25,24.0
V014969,U01001,S0244,115.0,2024-12-02,15.0
V014970,U01582,S0435,46.0,2024-05-22,76.0
V014971,U00127,S0347,126.0,2025-04-20,87.0
V014972,U01002,S0932,500.0,2024-07-23,94.0
V014973,U00643,S0874,500.0,2025-01-19,58.0
V014974,U00057,S0621,500.0,2024-10-15,67.0
V014975,U01872,S0645,31.0,2025-10-01,49.0
V014976,U00508,S0123,141.0,2024-04-30,34.0
V014977,U01685,S0791,219.0,2025-05-20,60.0
V014978,U01956,S0549,500.0,2025-05-28,35.0
V014979,U00505,S0253,500.0,2025-02-11,55.0
V014980,U00878,S0256,500.0,2025-01-03,86.0
V014981,U00979,S0090,500.0,2025-11-05,83.0
V014982,U01834,S0743,21.0,2025-02-21,74.0
V014983,U01963,S0784,194.0,2025-05-04,55.0
V014984,U00423,S0308,500.0,2025-02-16,35.0
V014985,U00469,S0097,156.0,2024-07-27,26.0
V014986,U00379,S0779,40.0,2024-01-05,50.0
V014987,U01469,S0132,7.0,2025-12-01,89.0
V014988,U00366,S0192,500.0,2024-01-04,42.0
V014989,U00963,S0371,500.0,2024-10-22,48.0
V014990,U01304,S0234,80.0,2025-02-24,77.0
V014991,U00796,S0162,30.0,2025-02-10,85.0
V014992,U00011,S0878,500.0,2024-08-19,90.0
V014993,U00473,S0535,62.0,2025-04-26,72.0
V014994,U01508,S0170,500.0,2024-03-27,39.0
V014995,U01759,S0053,54.0,2024-01-05,72.0
V014996,U00020,S0393,201.0,2025-01-01,21.0
V014997,U00759,S0883,111.0,2024-02-20,49.0
V014998,U00472,S0158,28.0,2024-06-11,69.0
V014999,U00062,S0931,112.0,2024-06-26,65.0
V015000,U01481,S0177,500.0,2024-10-19,13.0
V015001,U01943,S0283,113.0,2024-01-11,38.0
V015002,U00160,S0532,500.0,2024-11-19,53.0
V015003,U00495,S0248,500.0,2025-10-03,66.0
V015004,U01169,S0665,500.0,2025-10-05,50.0
V015005,U00485,S0465,100.0,2024-10-20,65.0
V015006,U01197,S0084,500.0,2024-02-25,46.0
V015007,U01236,S0873,159.0,2025-04-26,22.0
V015008,U00051,S0273,500.0,2024-12-09,48.0
V015009,U00095,S0383,219.0,2024-03-31,42.0
V015010,U01678,S0118,41.0,2025-05-07,70.0
V015011,U00081,S0063,219.0,2025-05-23,10.0
V015012,U00905,S0288,127.0,2024-02-17,84.0
V015013,U01755,S0337,500.0,2024-05-22,71.0
V015014,U01920,S0878,97.0,2024-11-16,66.0
V015015,U01000,S0396,209.0,2025-02-22,94.0
V015016,U01638,S0469,219.0,2025-06-23,62.0
V015017,U01501,S0163,500.0,2025-03-27,50.0
V015018,U01506,S0209,500.0,2025-04-14,56.0
V015019,U01406,S0751,134.0,2025-01-05,42.0
V015020,U01636,S0970,500.0,2025-05-14,45.0
V015021,U01989,S0484,178.0,2024-10-27,60.0
V015022,U01494,S0410,500.0,2024-09-30,20.0
V015023,U00844,S0829,500.0,2024-05-15,69.0
V015024,U00171,S0647,500.0,2025-04-05,75.0
V015025,U00824,S0827,500.0,2024-08-28,66.0
V015026,U01633,S0128,500.0,2024-07-03,46.0
V015027,U01007,S0338,500.0,2024-08-25,71.0
V015028,U00222,S0074,500.0,2025-07-01,20.0
V015029,U00039,S0244,73.0,2024-06-01,24.0
V015030,U00781,S0787,181.0,2024-09-03,94.0
V015031,U01949,S0530,500.0,2024-12-21,32.0
V015032,U00304,S0158,500.0,2024-12-14,15.0
V015033,U01602,S0178,500.0,2024-04-28,56.0
V015034,U01593,S0729,500.0,2025-03-14,91.0
V015035,U01747,S0225,173.0,2025-01-03,46.0
V015036,U00265,S0929,95.0,2024-06-01,96.0
V015037,U01503,S0578,500.0,2024-03-12,80.0
V015038,U00309,S0781,92.0,2025-03-12,73.0
V015039,U00623,S0720,17.0,2024-01-13,75.0
V015040,U01782,S0111,500.0,2025-04-17,64.0
V015041,U01081,S0730,500.0,2024-04-09,80.0
V015042,U00822,S0369,199.0,2024-10-19,58.0
V015043,U00798,S0416,146.0,2025-10-05,25.0
V015044,U00370,S0108,500.0,2024-02-22,50.0
V015045,U01966,S0825,500.0,2024-10-12,99.0
V015046,U00358,S0842,500.0,2024-07-26,71.0
V015047,U01540,S0727,219.0,2025-01-03,17.0
V015048,U01002,S0959,500.0,2024-02-12,67.0
V015049,U01602,S0061,500.0,2025-06-04,46.0
V015050,U00627,S0575,175.0,2025-06-09,44.0
V015051,U00778,S0912,500.0,2024-08-04,51.0
V015052,U01826,S0117,500.0,2024-12-27,82.0
V015053,U00049,S0164,500.0,2024-02-22,78.0
V015054,U00923,S0551,500.0,2025-06-08,18.0
V015055,U00600,S0644,66.0,2024-12-16,92.0
V015056,U00078,S0158,500.0,2024-03-12,79.0
V015057,U01252,S0939,169.0,2024-05-02,59.0
V015058,U01542,S0469,500.0,2025-09-05,73.0
V015059,U01795,S0719,92.0,2025-03-16,61.0
V015060,U01436,S0752,196.0,2024-07-14,42.0
V015061,U01808,S0743,500.0,2024-04-18,51.0
V015062,U00598,S0191,11.0,2025-02-15,81.0
V015063,U00656,S0535,500.0,2024-08-09,72.0
V015064,U00685,S0998,120.0,2025-02-20,41.0
V015065,U00079,S0148,16.0,2024-10-11,54.0
V015066,U01872,S0874,128.0,2024-03-08,21.0
V015067,U00001,S0681,500.0,2024-10-27,11.0
V015068,U00891,S0818,123.0,2025-01-09,74.0
V015069,U01074,S0660,500.0,2025-05-19,92.0
V015070,U00376,S0678,500.0,2024-08-18,45.0
V015071,U00820,S0771,500.0,2024-05-21,56.0
V015072,U00040,S0471,500.0,2024-08-06,86.0
V015073,U01277,S0359,183.0,2024-01-18,53.0
V015074,U00378,S0372,500.0,2025-03-30,55.0
V015075,U00323,S0986,500.0,2024-12-13,99.0
V015076,U00534,S0912,86.0,2025-01-09,25.0
V015077,U01899,S0549,500.0,2024-05-19,60.0
V015078,U01958,S0184,96.0,2024-03-06,96.0
V015079,U00906,S0208,500.0,2024-06-19,74.0
V015080,U01845,S0020,194.0,2024-07-10,11.0
V015081,U00874,S0845,500.0,2024-04-26,100.0
V015082,U00728,S0510,177.0,2025-04-13,36.0
V015083,U00684,S0754,132.0,2024-10-29,92.0
V015084,U01480,S0238,500.0,2024-04-02,16.0
V015085,U01662,S0565,151.0,2024-03-31,87.0
V015086,U01078,S0798,179.0,2024-08-06,14.0
V015087,U01955,S0524,47.0,2025-04-09,15.0
V015088,U01248,S0655,500.0,2024-02-02,61.0
V015089,U01770,S0724,500.0,2024-08-16,25.0
V015090,U00011,S0989,170.0,2024-10-30,88.0
V015091,U01759,S0343,21.0,2024-09-26,41.0
V015092,U01372,S0405,62.0,2024-07-26,98.0
V015093,U00992,S0281,500.0,2025-05-04,52.0
V015094,U00257,S0107,500.0,2024-05-22,46.0
V015095,U00215,S0156,122.0,2024-04-03,28.0
V015096,U01441,S0575,500.0,2024-12-27,73.0
V015097,U01374,S0299,161.0,2024-11-01,59.0
V015098,U01998,S0010,500.0,2025-01-23,77.0
V015099,U01131,S0239,94.0,2025-02-12,90.0
V015100,U01829,S0740,500.0,2024-02-14,91.0
V015101,U01429,S0457,160.0,2024-12-28,47.0
V015102,U01981,S0758,500.0,2025-05-28,30.0
V015103,U01990,S0355,500.0,2025-12-05,42.0
V015104,U00313,S0700,64.0,2024-01-07,92.0
V015105,U01314,S0057,500.0,2024-01-25,14.0
V015106,U00090,S0368,500.0,2024-11-03,41.0
V015107,U01043,S0674,87.0,2024-10-24,25.0
V015108,U00942,S0894,108.0,2024-06-08,64.0
V015109,U01931,S0028,126.0,2024-12-04,62.0
V015110,U01387,S0015,500.0,2024-11-29,59.0
V015111,U01481,S0506,219.0,2024-10-22,37.0
V015112,U01185,S0634,500.0,2025-05-22,96.0
V015113,U00131,S0408,500.0,2024-07-01,69.0
V015114,U01381,S0127,79.0,2024-09-20,50.0
V015115,U01337,S0485,210.0,2025-06-02,52.0
V015116,U01124,S0569,500.0,2024-11-03,86.0
V015117,U00543,S0044,500.0,2024-02-24,42.0
V015118,U00582,S0470,57.0,2024-10-14,42.0
V015119,U00980,S0825,500.0,2024-09-12,55.0
V015120,U01876,S0658,500.0,2024-06-09,96.0
V015121,U01315,S0560,500.0,2024-07-03,69.0
V015122,U01163,S0705,173.0,2024-08-24,84.0
V015123,U01869,S0923,500.0,2024-08-23,71.0
V015124,U01699,S0352,500.0,2024-12-05,73.0
V015125,U01660,S0909,32.0,2024-07-16,17.0
V015126,U01327,S0197,500.0,2024-11-20,62.0
V015127,U01851,S0684,500.0,2025-02-07,86.0
V015128,U01953,S0877,142.0,2025-03-15,74.0
V015129,U01223,S0277,500.0,2025-01-18,44.0
V015130,U00947,S0970,500.0,2024-05-31,60.0
V015131,U00868,S0037,500.0,2024-06-09,36.0
V015132,U00577,S0488,500.0,2024-06-18,60.0
V015133,U00865,S0436,500.0,2024-07-23,56.0
V015134,U00138,S0209,219.0,2024-01-11,72.0
V015135,U01145,S0793,500.0,2024-03-07,92.0
V015136,U00151,S0618,119.0,2024-07-31,80.0
V015137,U01729,S0768,68.0,2024-09-03,18.0
V015138,U00317,S0273,500.0,2024-03-04,72.0
V015139,U00722,S0559,500.0,2024-04-19,33.0
V015140,U01785,S0457,500.0,2025-01-06,62.0
V015141,U00042,S0905,500.0,2024-05-26,48.0
V015142,U01554,S0950,148.0,2024-12-09,89.0
V015143,U01925,S0231,500.0,2025-12-02,67.0
V015144,U00157,S0046,219.0,2025-02-05,22.0
V015145,U00186,S0890,171.0,2025-05-31,30.0
V015146,U00952,S0179,500.0,2025-01-03,65.0
V015147,U00335,S0119,44.0,2025-04-28,22.0
V015148,U00262,S0025,500.0,2024-07-12,18.0
V015149,U01188,S0921,500.0,2024-09-26,90.0
V015150,U00346,S0354,500.0,2024-12-02,39.0
V015151,U00284,S0074,181.0,2024-02-15,18.0
V015152,U01935,S0487,91.0,2024-07-07,80.0
V015153,U00529,S0945,124.0,2025-04-06,43.0
V015154,U00733,S0208,500.0,2025-11-04,46.0
V015155,U00462,S0907,500.0,2025-02-13,14.0
V015156,U00238,S0572,500.0,2024-07-19,56.0
V015157,U01828,S0068,40.0,2025-02-28,10.0
V015158,U01626,S0193,500.0,2024-04-20,87.0
V015159,U01864,S0157,500.0,2025-05-24,61.0
V015160,U00915,S0739,500.0,2025-06-14,62.0
V015161,U00290,S0876,500.0,2024-04-17,16.0
V015162,U01092,S0423,117.0,2024-06-24,64.0
V015163,U00625,S0602,500.0,2024-04-13,25.0
V015164,U00120,S0333,500.0,2024-09-10,34.0
V015165,U01333,S0743,71.0,2024-06-05,33.0
V015166,U00980,S0948,91.0,2024-05-07,97.0
V015167,U01769,S0977,76.0,2024-05-30,93.0
V015168,U01364,S0003,177.0,2024-06-10,34.0
V015169,U01376,S0735,10.0,2024-07-13,81.0
V015170,U00012,S0624,500.0,2024-10-16,46.0
V015171,U00489,S0894,500.0,2024-06-19,27.0
V015172,U01772,S0075,500.0,2025-01-25,87.0
V015173,U01405,S0985,43.0,2024-02-21,50.0
V015174,U00036,S0885,203.0,2025-01-14,39.0
V015175,U00382,S0486,500.0,2024-03-02,94.0
V015176,U00587,S0068,500.0,2024-03-28,33.0
V015177,U00594,S0645,196.0,2024-08-28,23.0
V015178,U00443,S0886,167.0,2024-08-18,64.0
V015179,U01517,S0949,500.0,2024-03-07,50.0
V015180,U00043,S0341,500.0,2025-03-30,14.0
V015181,U00976,S0894,500.0,2024-12-10,22.0
V015182,U00682,S0989,130.0,2024-09-13,62.0
V015183,U01370,S0933,500.0,2025-01-13,50.0
V015184,U00194,S0013,500.0,2025-03-03,32.0
V015185,U00853,S0306,500.0,2024-08-17,33.0
V015186,U00860,S0338,500.0,2024-08-19,23.0
V015187,U01398,S0039,156.0,2024-07-13,30.0
V015188,U00250,S0457,500.0,2025-05-25,97.0
V015189,U00601,S0610,500.0,2024-03-21,51.0
V015190,U00694,S0011,500.0,2024-09-20,75.0
V015191,U00499,S0576,500.0,2024-05-26,44.0
V015192,U00820,S0930,500.0,2024-11-06,31.0
V015193,U01474,S0523,132.0,2024-09-02,64.0
V015194,U00108,S0677,500.0,2025-04-27,90.0
V015195,U00402,S0417,31.0,2024-09-13,31.0
V015196,U01358,S0522,500.0,2025-04-19,31.0
V015197,U00728,S0932,500.0,2025-10-01,81.0
V015198,U01510,S0077,500.0,2024-05-07,28.0
V015199,U01308,S0629,165.0,2024-05-04,84.0
V015200,U00974,S0394,500.0,2025-03-06,90.0
V015201,U01822,S1000,27.0,2024-03-07,68.0
V015202,U00332,S0906,500.0,2025-03-31,17.0
V015203,U00719,S0701,82.0,2024-07-04,92.0
V015204,U01715,S0085,132.0,2024-02-21,40.0
V015205,U00142,S0536,500.0,2024-06-19,50.0
V015206,U00803,S0872,43.0,2025-04-14,45.0
V015207,U00537,S0742,500.0,2024-05-03,18.0
V015208,U01690,S0809,500.0,2024-03-11,56.0
V015209,U01485,S0035,500.0,2024-10-28,82.0
V015210,U01228,S0340,500.0,2024-12-07,88.0
V015211,U00481,S0988,500.0,2025-05-26,85.0
V015212,U01760,S0748,64.0,2024-06-23,92.0
V015213,U01705,S0420,500.0,2024-01-01,78.0
V015214,U01789,S0306,500.0,2025-02-28,81.0
V015215,U01625,S0864,153.0,2024-01-26,93.0
V015216,U01704,S0956,500.0,2024-06-03,94.0
V015217,U01592,S0784,131.0,2024-11-05,43.0
V015218,U00075,S0735,500.0,2024-07-26,90.0
V015219,U00636,S0229,33.0,2025-01-13,52.0
V015220,U00162,S0538,500.0,2024-11-23,88.0
V015221,U01807,S0418,500.0,2025-07-05,63.0
V015222,U00403,S0632,214.0,2024-06-04,33.0
V015223,U01842,S0215,500.0,2024-06-24,82.0
V015224,U00320,S0679,500.0,2024-08-20,32.0
V015225,U00062,S0269,195.0,2024-11-18,12.0
V015226,U00714,S0173,104.0,2025-05-29,68.0
V015227,U00551,S0785,500.0,2025-04-17,15.0
V015228,U01340,S0545,500.0,2024-10-30,85.0
V015229,U00456,S0402,173.0,2024-12-13,99.0
V015230,U00735,S0246,500.0,2025-04-20,42.0
V015231,U01330,S0702,500.0,2024-04-09,77.0
V015232,U01686,S0555,219.0,2024-01-14,85.0
V015233,U00932,S0818,500.0,2025-03-02,89.0
V015234,U00857,S0267,134.0,2024-03-22,72.0
V015235,U00021,S0385,153.0,2025-06-18,95.0
V015236,U01392,S0454,13.0,2024-01-19,34.0
V015237,U01094,S0625,500.0,2024-08-25,73.0
V015238,U01727,S0011,108.0,2025-02-03,99.0
V015239,U00866,S0678,173.0,2024-07-21,56.0
V015240,U01474,S0132,500.0,2025-01-16,29.0
V015241,U00571,S0918,11.0,2024-01-07,43.0
V015242,U00751,S0525,75.0,2024-03-05,100.0
V015243,U00612,S0356,500.0,2024-12-23,34.0
V015244,U01894,S0935,194.0,2025-04-11,89.0
V015245,U01207,S0045,21.0,2024-02-05,95.0
V015246,U01500,S0110,188.0,2024-12-22,10.0
V015247,U00298,S0598,178.0,2024-08-04,19.0
V015248,U01411,S0751,500.0,2025-04-09,92.0
V015249,U01995,S0826,136.0,2024-10-21,74.0
V015250,U01996,S0459,67.0,2025-03-21,75.0
V015251,U01141,S0509,194.0,2025-03-31,67.0
V015252,U00428,S0589,19.0,2024-01-30,47.0
V015253,U01249,S0631,207.0,2024-01-27,67.0
V015254,U01354,S0885,218.0,2024-07-25,96.0
V015255,U01247,S0846,500.0,2024-05-07,83.0
V015256,U00380,S0762,71.0,2024-10-30,93.0
V015257,U00870,S0343,102.0,2024-09-21,78.0
V015258,U01040,S0423,500.0,2025-02-24,55.0
V015259,U00585,S0116,133.0,2025-03-25,63.0
V015260,U01050,S0928,135.0,2025-06-03,47.0
V015261,U01099,S0383,56.0,2025-02-02,27.0
V015262,U00283,S0744,500.0,2024-08-19,22.0
V015263,U00902,S0401,500.0,2024-07-18,46.0
V015264,U00313,S0718,173.0,2024-10-09,89.0
V015265,U01422,S0305,500.0,2024-05-25,25.0
V015266,U01651,S0239,47.0,2024-10-13,31.0
V015267,U01519,S0075,106.0,2024-04-15,32.0
V015268,U01577,S0438,44.0,2024-06-03,71.0
V015269,U01685,S0702,500.0,2024-06-12,66.0
V015270,U01187,S0824,220.0,2024-10-02,67.0
V015271,U01351,S0377,143.0,2025-02-18,92.0
V015272,U00423,S0399,500.0,2024-10-13,14.0
V015273,U00385,S0616,500.0,2024-01-19,41.0
V015274,U00215,S0682,500.0,2024-06-11,18.0
V015275,U01995,S0109,192.0,2024-02-02,52.0
V015276,U00468,S0681,500.0,2025-11-05,39.0
V015277,U00124,S0969,126.0,2024-01-19,71.0
V015278,U01622,S0087,219.0,2024-10-16,83.0
V015279,U00676,S0438,219.0,2025-06-01,95.0
V015280,U00511,S0572,500.0,2024-01-02,25.0
V015281,U01234,S0564,81.0,2025-03-06,41.0
V015282,U00869,S0926,45.0,2024-02-26,53.0
V015283,U01930,S0186,27.0,2024-10-24,85.0
V015284,U00133,S0372,500.0,2024-07-13,89.0
V015285,U01077,S0066,128.0,2024-08-28,71.0
V015286,U00578,S0833,52.0,2024-06-07,100.0
V015287,U01066,S0531,500.0,2024-09-21,86.0
V015288,U01496,S0187,90.0,2025-03-10,85.0
V015289,U00687,S0971,500.0,2024-08-19,89.0
V015290,U01141,S0873,7.0,2025-04-23,93.0
V015291,U01070,S0611,500.0,2025-05-03,96.0
V015292,U00270,S0106,115.0,2024-08-04,61.0
V015293,U00877,S0847,500.0,2024-10-29,15.0
V015294,U00458,S0607,194.0,2025-02-14,57.0
V015295,U01834,S0762,78.0,2025-01-19,21.0
V015296,U00974,S0900,500.0,2024-05-26,55.0
V015297,U01625,S0099,173.0,2024-06-02,82.0
V015298,U01672,S0280,500.0,2025-02-11,99.0
V015299,U01062,S0364,500.0,2024-09-25,58.0
V015300,U01234,S0587,500.0,2024-02-13,23.0
V015301,U00207,S0061,500.0,2024-01-31,21.0
V015302,U01236,S0011,500.0,2024-07-27,54.0
V015303,U01193,S0045,200.0,2025-04-13,84.0
V015304,U00879,S0021,99.0,2024-12-30,52.0
V015305,U00642,S0805,58.0,2024-05-05,55.0
V015306,U01274,S0914,112.0,2025-01-13,37.0
V015307,U01461,S0665,75.0,2024-02-13,69.0
V015308,U00308,S0429,500.0,2024-05-20,31.0
V015309,U00584,S0248,207.0,2024-04-26,39.0
V015310,U00203,S0579,100.0,2024-11-11,49.0
V015311,U01926,S0833,102.0,2024-06-30,63.0
V015312,U01895,S0714,145.0,2025-05-21,75.0
V015313,U00504,S0129,500.0,2025-02-27,29.0
V015314,U01233,S0373,206.0,2024-10-28,65.0
V015315,U01779,S0160,500.0,2025-03-01,72.0
V015316,U01436,S0781,155.0,2024-09-27,31.0
V015317,U01758,S0977,500.0,2025-05-07,64.0
V015318,U01566,S0579,110.0,2024-07-15,60.0
V015319,U00442,S0984,500.0,2024-05-14,38.0
V015320,U01497,S0688,145.0,2025-03-09,20.0
V015321,U00748,S0842,500.0,2025-01-06,66.0
V015322,U00834,S0559,500.0,2024-11-12,27.0
V015323,U01148,S0069,136.0,2024-05-28,23.0
V015324,U00112,S0907,51.0,2024-11-17,66.0
V015325,U00894,S0280,500.0,2024-06-13,11.0
V015326,U01891,S0255,500.0,2024-08-25,62.0
V015327,U01067,S0164,63.0,2024-10-05,96.0
V015328,U01573,S0556,500.0,2024-01-10,78.0
V015329,U01660,S0005,500.0,2024-07-21,26.0
V015330,U01502,S0014,13.0,2025-02-06,40.0
V015331,U00005,S0630,500.0,2025-03-06,63.0
V015332,U01365,S0193,500.0,2025-03-10,24.0
V015333,U00568,S0306,165.0,2024-03-22,25.0
V015334,U01537,S0605,500.0,2025-06-15,70.0
V015335,U00949,S0299,184.0,2024-07-12,55.0
V015336,U00730,S0791,109.0,2024-12-03,56.0
V015337,U00180,S0681,500.0,2024-11-26,14.0
V015338,U00568,S0171,500.0,2025-10-06,21.0
V015339,U00209,S0725,500.0,2025-02-15,43.0
V015340,U01486,S0293,500.0,2025-04-24,64.0
V015341,U00432,S0204,202.0,2024-05-17,81.0
V015342,U00365,S0946,500.0,2024-06-05,73.0
V015343,U00985,S0534,180.0,2025-04-18,49.0
V015344,U01783,S0587,500.0,2024-10-31,79.0
V015345,U01775,S0100,132.0,2025-01-31,60.0
V015346,U00678,S0362,153.0,2025-03-22,68.0
V015347,U01221,S0819,93.0,2025-03-17,100.0
V015348,U00843,S0092,42.0,2024-12-05,78.0
V015349,U01748,S0271,103.0,2024-01-08,12.0
V015350,U00240,S0296,500.0,2024-02-15,95.0
V015351,U01841,S0134,201.0,2024-05-31,22.0
V015352,U01147,S0947,500.0,2025-03-21,44.0
V015353,U00414,S0718,219.0,2024-10-16,16.0
V015354,U00559,S0563,32.0,2024-01-10,48.0
V015355,U00556,S0427,180.0,2024-08-30,85.0
V015356,U00096,S0191,500.0,2024-01-26,99.0
V015357,U01822,S0938,500.0,2024-12-30,44.0
V015358,U01088,S0159,183.0,2024-04-21,85.0
V015359,U01686,S0622,39.0,2024-07-25,69.0
V015360,U01634,S0751,193.0,2024-06-28,53.0
V015361,U01369,S0510,12.0,2025-05-21,33.0
V015362,U00309,S0509,188.0,2024-10-13,61.0
V015363,U00765,S0314,500.0,2025-08-06,41.0
V015364,U01521,S0162,117.0,2025-01-17,91.0
V015365,U01943,S0109,178.0,2024-09-02,16.0
V015366,U00513,S0145,18.0,2024-08-29,97.0
V015367,U00277,S0979,168.0,2024-11-03,48.0
V015368,U01972,S0167,7.0,2024-09-30,36.0
V015369,U01034,S0856,205.0,2024-12-14,54.0
V015370,U00130,S0224,24.0,2024-01-21,69.0
V015371,U01595,S0281,500.0,2024-07-27,46.0
V015372,U01098,S0139,500.0,2025-03-09,23.0
V015373,U01153,S0296,500.0,2024-07-05,10.0
V015374,U01862,S0759,184.0,2025-03-23,93.0
V015375,U01727,S0620,20.0,2024-10-26,45.0
V015376,U01593,S0659,112.0,2024-06-18,93.0
V015377,U00026,S0758,500.0,2024-09-05,59.0
V015378,U00877,S0352,500.0,2024-08-09,19.0
V015379,U00482,S0481,188.0,2024-06-17,34.0
V015380,U00395,S0907,500.0,2024-10-04,49.0
V015381,U00062,S0871,500.0,2024-10-23,38.0
V015382,U00035,S0173,118.0,2024-10-12,72.0
V015383,U00745,S0276,83.0,2025-02-12,96.0
V015384,U00221,S0328,500.0,2024-03-07,89.0
V015385,U01080,S0570,144.0,2025-02-14,68.0
V015386,U00315,S0287,500.0,2025-06-04,27.0
V015387,U00640,S0281,36.0,2024-11-16,44.0
V015388,U01453,S0728,125.0,2025-02-03,87.0
V015389,U01309,S0480,40.0,2025-06-13,74.0
V015390,U01590,S0756,215.0,2025-06-24,58.0
V015391,U01175,S0372,102.0,2024-02-29,21.0
V015392,U01467,S0456,95.0,2024-12-09,12.0
V015393,U01460,S0197,98.0,2024-06-25,84.0
V015394,U01044,S0489,206.0,2024-08-20,56.0
V015395,U00574,S0550,68.0,2024-01-23,56.0
V015396,U00733,S0430,500.0,2024-10-14,67.0
V015397,U01973,S0889,500.0,2024-03-28,75.0
V015398,U00264,S0426,500.0,2024-12-29,100.0
V015399,U01962,S0449,500.0,2025-01-29,92.0
V015400,U01312,S0415,500.0,2024-10-11,50.0
V015401,U01301,S0682,157.0,2024-03-16,98.0
V015402,U01542,S0434,500.0,2025-05-16,54.0
V015403,U01809,S0072,500.0,2025-01-13,24.0
V015404,U01366,S0674,139.0,2024-02-09,68.0
V015405,U01782,S0848,63.0,2024-07-17,15.0
V015406,U01094,S0434,500.0,2024-05-31,33.0
V015407,U00209,S0866,500.0,2025-05-21,30.0
V015408,U01731,S0638,500.0,2024-04-19,33.0
V015409,U01121,S0730,142.0,2024-03-29,42.0
V015410,U01995,S0752,69.0,2024-02-28,49.0
V015411,U01945,S0585,500.0,2025-01-30,40.0
V015412,U00918,S0873,180.0,2024-11-14,100.0
V015413,U01624,S0288,500.0,2024-03-20,31.0
V015414,U01524,S0269,85.0,2025-03-01,30.0
V015415,U01607,S0539,500.0,2025-01-29,43.0
V015416,U00247,S0956,101.0,2024-11-14,15.0
V015417,U00963,S0585,500.0,2025-06-18,66.0
V015418,U01503,S0871,208.0,2025-12-05,48.0
V015419,U01460,S0779,150.0,2024-04-16,50.0
V015420,U00802,S0285,112.0,2025-05-23,43.0
V015421,U01903,S0707,77.0,2024-01-26,48.0
V015422,U01481,S0588,168.0,2024-03-03,89.0
V015423,U00419,S0043,211.0,2024-11-16,60.0
V015424,U01773,S0095,153.0,2025-08-02,55.0
V015425,U01725,S0532,117.0,2025-08-04,75.0
V015426,U00486,S0258,500.0,2024-10-05,56.0
V015427,U01680,S0681,34.0,2025-05-20,80.0
V015428,U00585,S0803,500.0,2024-06-20,84.0
V015429,U01869,S0994,500.0,2024-03-01,98.0
V015430,U01624,S0934,500.0,2024-11-13,14.0
V015431,U01464,S0451,500.0,2024-09-28,97.0
V015432,U00924,S0956,500.0,2024-07-27,96.0
V015433,U00668,S0267,500.0,2024-02-01,91.0
V015434,U00533,S0886,500.0,2024-05-17,31.0
V015435,U01172,S0557,500.0,2025-01-24,11.0
V015436,U00204,S0606,13.0,2024-07-02,29.0
V015437,U01503,S0774,500.0,2024-05-27,61.0
V015438,U00814,S0712,191.0,2024-03-08,64.0
V015439,U00652,S0755,500.0,2024-04-22,55.0
V015440,U01231,S0520,500.0,2024-09-02,19.0
V015441,U00813,S0486,177.0,2024-10-21,16.0
V015442,U00367,S0511,500.0,2025-01-24,25.0
V015443,U00064,S0917,500.0,2024-08-27,23.0
V015444,U00995,S0642,500.0,2024-05-06,20.0
V015445,U01728,S0966,500.0,2024-11-22,55.0
V015446,U00693,S0095,500.0,2024-05-28,21.0
V015447,U00345,S0754,152.0,2025-04-06,98.0
V015448,U01098,S0280,500.0,2024-08-18,19.0
V015449,U01664,S0847,211.0,2025-02-03,23.0
V015450,U01341,S0967,219.0,2025-01-01,81.0
V015451,U01616,S0737,194.0,2025-12-01,27.0
V015452,U01563,S0519,500.0,2024-11-13,30.0
V015453,U00580,S0910,500.0,2024-05-03,31.0
V015454,U00046,S0133,500.0,2025-12-03,27.0
V015455,U00949,S0951,113.0,2025-02-12,24.0
V015456,U00866,S0114,500.0,2024-05-08,56.0
V015457,U00898,S0321,193.0,2024-12-27,34.0
V015458,U01114,S0787,212.0,2024-01-25,64.0
V015459,U01096,S0343,30.0,2025-02-04,96.0
V015460,U01102,S0040,57.0,2024-09-26,63.0
V015461,U00877,S0309,85.0,2025-01-20,45.0
V015462,U01068,S0390,500.0,2025-02-04,47.0
V015463,U01968,S0241,500.0,2025-05-27,56.0
V015464,U00619,S0123,500.0,2024-03-10,43.0
V015465,U00626,S0654,82.0,2024-08-30,39.0
V015466,U01231,S0672,51.0,2024-04-16,69.0
V015467,U00488,S0451,500.0,2025-05-06,25.0
V015468,U00248,S0422,200.0,2024-08-28,44.0
V015469,U01039,S0111,500.0,2024-10-28,73.0
V015470,U00028,S0151,21.0,2025-03-18,95.0
V015471,U01019,S0528,145.0,2025-02-23,33.0
V015472,U00062,S0580,144.0,2024-06-02,18.0
V015473,U01230,S0263,122.0,2025-01-17,19.0
V015474,U01927,S0765,500.0,2025-02-21,57.0
V015475,U00166,S0563,500.0,2024-07-27,94.0
V015476,U00595,S0252,500.0,2024-05-18,56.0
V015477,U00990,S0739,196.0,2024-08-03,12.0
V015478,U00195,S0260,102.0,2025-06-16,75.0
V015479,U01485,S0851,500.0,2025-06-18,68.0
V015480,U01038,S0282,500.0,2024-01-20,40.0
V015481,U01567,S0026,143.0,2024-11-06,36.0
V015482,U00086,S0022,500.0,2025-04-27,83.0
V015483,U00225,S0882,500.0,2024-12-10,11.0
V015484,U00572,S0904,500.0,2024-10-14,61.0
V015485,U00236,S0301,219.0,2024-09-05,89.0
V015486,U00357,S0182,113.0,2025-05-04,18.0
V015487,U00324,S0612,17.0,2025-05-10,44.0
V015488,U00798,S0726,187.0,2024-07-23,59.0
V015489,U01839,S0640,135.0,2024-01-04,45.0
V015490,U00152,S0615,76.0,2025-02-27,70.0
V015491,U00427,S0906,500.0,2024-02-23,15.0
V015492,U01493,S0797,216.0,2024-07-30,99.0
V015493,U01323,S0154,132.0,2024-05-12,94.0
V015494,U01186,S0625,500.0,2025-01-03,59.0
V015495,U01721,S0012,500.0,2025-05-04,31.0
V015496,U01385,S0835,500.0,2024-12-28,69.0
V015497,U00468,S0312,500.0,2024-05-26,50.0
V015498,U00425,S0240,500.0,2024-07-03,67.0
V015499,U01967,S0222,194.0,2025-05-07,68.0
V015500,U01871,S0676,500.0,2024-07-22,96.0
V015501,U01065,S0326,57.0,2024-03-08,84.0
V015502,U00948,S0326,500.0,2025-03-10,34.0
V015503,U00661,S0272,500.0,2025-06-22,22.0
V015504,U00563,S0718,42.0,2024-10-03,55.0
V015505,U00600,S0330,500.0,2024-04-05,43.0
V015506,U01675,S0550,500.0,2025-09-06,35.0
V015507,U00181,S0182,88.0,2025-01-31,26.0
V015508,U01394,S0153,500.0,2024-09-13,57.0
V015509,U01496,S0442,500.0,2024-09-21,18.0
V015510,U00467,S0276,187.0,2024-03-13,22.0
V015511,U01803,S0372,63.0,2024-12-06,80.0
V015512,U00159,S0600,500.0,2024-12-14,46.0
V015513,U01160,S0190,189.0,2024-11-18,77.0
V015514,U00104,S0903,500.0,2024-02-10,54.0
V015515,U00425,S0630,88.0,2024-10-27,100.0
V015516,U00973,S0064,97.0,2024-11-18,32.0
V015517,U00759,S0189,86.0,2025-01-28,73.0
V015518,U01162,S0118,500.0,2024-12-23,59.0
V015519,U00999,S0485,500.0,2025-04-20,69.0
V015520,U01767,S0702,142.0,2024-11-28,12.0
V015521,U00605,S0907,7.0,2024-10-12,95.0
V015522,U00479,S0492,219.0,2025-05-12,13.0
V015523,U01937,S0807,20.0,2025-03-18,30.0
V015524,U01951,S0535,130.0,2025-06-08,64.0
V015525,U01773,S0462,500.0,2024-06-05,50.0
V015526,U00898,S0300,82.0,2024-06-21,93.0
V015527,U01505,S0169,500.0,2024-09-20,97.0
V015528,U00449,S0788,500.0,2024-01-12,25.0
V015529,U00973,S0919,500.0,2025-03-18,16.0
V015530,U01679,S0741,28.0,2025-02-04,92.0
V015531,U00101,S0118,500.0,2024-01-30,21.0
V015532,U01426,S0025,500.0,2025-04-24,34.0
V015533,U01570,S0227,500.0,2024-11-11,40.0
V015534,U00688,S0549,46.0,2024-04-29,29.0
V015535,U00655,S0341,500.0,2025-06-15,25.0
V015536,U00673,S0111,43.0,2024-07-13,10.0
V015537,U01666,S0909,500.0,2024-08-05,16.0
V015538,U00449,S0102,500.0,2024-04-07,80.0
V015539,U01998,S0004,187.0,2025-01-07,44.0
V015540,U01847,S0976,122.0,2025-03-15,29.0
V015541,U01638,S0423,43.0,2025-06-01,60.0
V015542,U01301,S0759,500.0,2024-02-21,99.0
V015543,U01721,S0161,159.0,2024-04-09,44.0
V015544,U01034,S0089,500.0,2024-07-10,27.0
V015545,U00568,S0074,30.0,2024-04-07,71.0
V015546,U01797,S0593,500.0,2025-05-16,94.0
V015547,U00587,S0256,88.0,2024-09-30,23.0
V015548,U00644,S0630,69.0,2024-04-27,100.0
V015549,U00072,S0901,122.0,2024-03-25,18.0
V015550,U00365,S0855,209.0,2024-02-04,90.0
V015551,U00744,S0127,500.0,2024-04-19,85.0
V015552,U01096,S0001,500.0,2024-12-08,56.0
V015553,U00947,S0643,187.0,2024-11-08,42.0
V015554,U00153,S0143,198.0,2025-05-25,53.0
V015555,U00974,S0899,500.0,2024-01-26,14.0
V015556,U01120,S0834,500.0,2025-03-16,66.0
V015557,U00215,S0741,500.0,2024-01-08,52.0
V015558,U00663,S0961,160.0,2024-08-17,40.0
V015559,U01839,S0201,500.0,2024-10-21,22.0
V015560,U00912,S0113,500.0,2024-07-13,48.0
V015561,U01137,S0749,500.0,2024-05-14,67.0
V015562,U01595,S0287,177.0,2024-05-25,100.0
V015563,U00618,S0472,500.0,2025-06-02,87.0
V015564,U00470,S0740,77.0,2024-12-10,37.0
V015565,U01958,S0345,162.0,2024-08-04,68.0
V015566,U01751,S0273,211.0,2024-01-08,41.0
V015567,U01409,S0601,151.0,2024-07-21,38.0
V015568,U00863,S0296,210.0,2024-09-21,98.0
V015569,U00072,S0276,500.0,2024-01-06,69.0
V015570,U00126,S0861,161.0,2024-01-22,12.0
V015571,U01787,S0406,500.0,2024-12-28,65.0
V015572,U00240,S0895,500.0,2024-03-03,28.0
V015573,U01444,S0962,71.0,2024-02-17,90.0
V015574,U00266,S0352,182.0,2025-01-18,82.0
V015575,U00834,S0806,500.0,2024-02-26,39.0
V015576,U00131,S0699,38.0,2025-01-19,71.0
V015577,U01795,S0891,500.0,2025-06-05,98.0
V015578,U01878,S0732,162.0,2024-01-06,100.0
V015579,U00867,S0456,45.0,2025-10-04,50.0
V015580,U00120,S0986,161.0,2024-07-12,69.0
V015581,U01527,S0493,22.0,2024-12-19,87.0
V015582,U00925,S0880,500.0,2025-01-02,56.0
V015583,U01547,S0782,500.0,2025-08-05,87.0
V015584,U00638,S0291,209.0,2024-03-16,47.0
V015585,U00086,S0374,60.0,2024-12-09,80.0
V015586,U01380,S0211,500.0,2025-03-02,83.0
V015587,U00446,S0109,84.0,2024-10-19,98.0
V015588,U01880,S0941,104.0,2025-03-24,72.0
V015589,U00252,S0941,151.0,2025-05-22,17.0
V015590,U01678,S0874,22.0,2024-04-23,71.0
V015591,U00940,S0877,21.0,2024-02-02,50.0
V015592,U01016,S0674,500.0,2025-12-01,74.0
V015593,U01852,S0039,500.0,2024-09-28,90.0
V015594,U00320,S0925,500.0,2024-01-05,99.0
V015595,U00667,S0453,163.0,2025-01-27,49.0
V015596,U00362,S0843,203.0,2024-11-17,78.0
V015597,U01312,S0824,500.0,2024-01-20,82.0
V015598,U01825,S0445,51.0,2024-05-28,91.0
V015599,U00049,S0111,179.0,2024-10-21,95.0
V015600,U01167,S0163,193.0,2024-11-11,73.0
V015601,U00014,S0918,500.0,2024-02-18,73.0
V015602,U01032,S0743,146.0,2024-04-08,40.0
V015603,U00511,S0138,81.0,2024-12-07,15.0
V015604,U00202,S0875,21.0,2024-10-16,42.0
V015605,U00967,S0510,500.0,2024-10-17,72.0
V015606,U00801,S0033,16.0,2024-05-15,83.0
V015607,U00579,S0085,44.0,2024-06-21,95.0
V015608,U01274,S0210,500.0,2024-10-11,56.0
V015609,U00223,S0986,96.0,2024-02-12,58.0
V015610,U01123,S0349,197.0,2025-02-14,28.0
V015611,U01199,S0266,55.0,2024-01-24,70.0
V015612,U01568,S0381,500.0,2024-06-29,56.0
V015613,U01545,S0823,219.0,2024-11-19,88.0
V015614,U01660,S0857,500.0,2025-01-24,74.0
V015615,U01437,S0209,500.0,2025-02-27,93.0
V015616,U01616,S0349,26.0,2025-06-03,80.0
V015617,U00147,S0156,500.0,2024-12-29,45.0
V015618,U01722,S0756,103.0,2024-10-05,15.0
V015619,U00887,S0018,500.0,2024-12-31,56.0
V015620,U00881,S0057,500.0,2025-04-28,75.0
V015621,U00211,S0735,146.0,2024-07-30,29.0
V015622,U01369,S0772,500.0,2024-07-15,43.0
V015623,U00863,S0903,500.0,2025-10-02,52.0
V015624,U01825,S0115,500.0,2024-07-27,60.0
V015625,U00076,S0738,500.0,2025-02-28,50.0
V015626,U01420,S0309,129.0,2025-02-17,60.0
V015627,U00520,S0102,500.0,2024-07-20,57.0
V015628,U00356,S0547,32.0,2025-02-13,56.0
V015629,U01547,S0742,500.0,2024-01-29,96.0
V015630,U01168,S0571,195.0,2025-04-25,80.0
V015631,U00736,S0214,500.0,2024-02-16,42.0
V015632,U00338,S0405,57.0,2025-03-25,76.0
V015633,U00007,S0669,500.0,2025-05-30,10.0
V015634,U01974,S0721,186.0,2025-04-01,31.0
V015635,U00844,S0159,500.0,2025-07-04,57.0
V015636,U00287,S0281,500.0,2024-10-27,49.0
V015637,U01953,S0588,500.0,2024-01-10,28.0
V015638,U01553,S0483,191.0,2024-05-04,31.0
V015639,U00879,S0613,209.0,2024-01-30,83.0
V015640,U00231,S0046,500.0,2025-01-25,94.0
V015641,U00431,S0666,130.0,2025-05-09,77.0
V015642,U01316,S0380,219.0,2025-01-09,92.0
V015643,U01492,S0316,500.0,2025-07-02,82.0
V015644,U01750,S0807,219.0,2025-06-17,15.0
V015645,U01298,S0072,500.0,2025-01-07,73.0
V015646,U01186,S0641,70.0,2024-01-06,23.0
V015647,U00122,S0226,500.0,2024-03-13,37.0
V015648,U01524,S0757,500.0,2024-05-26,56.0
V015649,U01315,S0285,105.0,2024-01-30,61.0
V015650,U00671,S0634,159.0,2025-03-30,100.0
V015651,U01496,S0637,500.0,2024-12-09,49.0
V015652,U00070,S0172,500.0,2024-12-21,26.0
V015653,U00949,S0118,215.0,2025-06-02,98.0
V015654,U01519,S0274,126.0,2024-07-07,52.0
V015655,U00399,S0023,500.0,2025-09-05,82.0
V015656,U01500,S0626,500.0,2024-08-02,43.0
V015657,U01706,S0809,500.0,2025-04-25,11.0
V015658,U01200,S0950,42.0,2024-11-22,70.0
V015659,U01804,S0205,113.0,2024-03-24,79.0
V015660,U00638,S0036,193.0,2025-06-24,48.0
V015661,U00504,S0366,500.0,2024-03-20,55.0
V015662,U00410,S0525,500.0,2024-04-21,56.0
V015663,U01569,S0998,500.0,2024-09-22,47.0
V015664,U00087,S0821,500.0,2025-02-01,56.0
V015665,U00860,S0637,500.0,2024-08-31,44.0
V015666,U00672,S0430,500.0,2025-04-14,56.0
V015667,U00836,S0064,500.0,2024-06-20,94.0
V015668,U01497,S0229,119.0,2024-06-05,67.0
V015669,U00861,S0350,500.0,2024-11-08,92.0
V015670,U00759,S0954,500.0,2024-03-06,50.0
V015671,U01134,S0591,500.0,2024-07-17,78.0
V015672,U01357,S0599,500.0,2025-03-31,38.0
V015673,U00927,S0484,64.0,2024-11-27,97.0
V015674,U01656,S0482,500.0,2024-11-26,87.0
V015675,U01382,S0440,73.0,2025-04-23,94.0
V015676,U00668,S0798,500.0,2025-04-08,91.0
V015677,U01485,S0199,103.0,2024-11-15,40.0
V015678,U00949,S0332,191.0,2024-02-12,97.0
V015679,U00458,S0759,500.0,2025-04-24,65.0
V015680,U00128,S0773,500.0,2024-02-28,96.0
V015681,U00495,S0780,500.0,2024-08-23,36.0
V015682,U00691,S0403,203.0,2024-10-18,41.0
V015683,U01421,S0340,500.0,2024-02-19,24.0
V015684,U00225,S0546,177.0,2024-03-09,85.0
V015685,U01923,S0326,500.0,2025-03-11,38.0
V015686,U01442,S0876,74.0,2024-05-23,45.0
V015687,U01101,S0082,500.0,2024-08-21,46.0
V015688,U00378,S0001,193.0,2024-06-15,65.0
V015689,U01471,S0697,500.0,2024-01-12,79.0
V015690,U00384,S0509,89.0,2024-03-07,97.0
V015691,U00859,S0157,133.0,2024-03-13,91.0
V015692,U01610,S0532,500.0,2025-01-23,56.0
V015693,U01444,S0175,91.0,2024-03-23,75.0
V015694,U01608,S0088,123.0,2024-11-10,40.0
V015695,U00369,S0815,190.0,2025-02-18,72.0
V015696,U01098,S0866,16.0,2024-07-27,11.0
V015697,U00215,S0676,500.0,2024-09-25,97.0
V015698,U00386,S0636,500.0,2024-12-08,42.0
V015699,U00468,S0864,219.0,2024-11-25,58.0
V015700,U00851,S0918,500.0,2025-04-26,53.0
V015701,U01279,S0932,500.0,2024-12-12,51.0
V015702,U01943,S0961,90.0,2025-04-22,65.0
V015703,U01358,S0231,500.0,2024-12-27,33.0
V015704,U00214,S0592,500.0,2025-10-04,93.0
V015705,U01884,S0849,500.0,2024-03-18,17.0
V015706,U01330,S0146,170.0,2024-05-03,45.0
V015707,U01271,S0489,91.0,2025-02-10,65.0
V015708,U01378,S0749,500.0,2024-11-30,72.0
V015709,U01467,S0654,500.0,2024-04-13,75.0
V015710,U00011,S0236,189.0,2025-04-27,46.0
V015711,U01091,S0059,500.0,2025-05-04,57.0
V015712,U00604,S0137,58.0,2024-07-08,95.0
V015713,U01245,S0907,31.0,2024-05-15,89.0
V015714,U00380,S0833,500.0,2025-05-03,26.0
V015715,U00296,S0096,203.0,2024-03-17,91.0
V015716,U01574,S0888,500.0,2024-03-23,57.0
V015717,U01203,S0157,209.0,2025-10-01,74.0
V015718,U01706,S0448,120.0,2024-09-24,34.0
V015719,U01898,S0894,500.0,2024-11-18,39.0
V015720,U00953,S0161,9.0,2025-04-16,15.0
V015721,U01003,S0003,42.0,2024-02-23,86.0
V015722,U00408,S0039,122.0,2024-09-29,23.0
V015723,U00684,S0145,500.0,2024-12-12,73.0
V015724,U01289,S0418,500.0,2025-03-25,95.0
V015725,U00400,S0197,500.0,2024-03-24,39.0
V015726,U00569,S0827,52.0,2025-01-23,55.0
V015727,U00188,S0607,500.0,2024-05-26,16.0
V015728,U00292,S0894,500.0,2024-01-04,40.0
V015729,U00546,S0276,128.0,2025-04-19,85.0
V015730,U00091,S0161,500.0,2025-03-24,13.0
V015731,U01093,S0345,22.0,2024-11-29,42.0
V015732,U01086,S0734,49.0,2024-05-31,94.0
V015733,U00319,S0115,500.0,2024-02-24,50.0
V015734,U00754,S0922,500.0,2024-07-06,20.0
V015735,U01946,S0985,500.0,2024-07-09,80.0
V015736,U01611,S0771,18.0,2024-01-15,31.0
V015737,U00264,S0097,500.0,2025-02-08,58.0
V015738,U01648,S0638,500.0,2024-11-13,98.0
V015739,U01845,S0070,219.0,2024-05-19,95.0
V015740,U01460,S0929,143.0,2024-06-18,25.0
V015741,U00444,S0454,500.0,2024-12-15,11.0
V015742,U00314,S0762,500.0,2024-01-27,89.0
V015743,U00776,S0743,104.0,2025-06-01,13.0
V015744,U00291,S0435,500.0,2024-08-06,29.0
V015745,U00742,S0468,500.0,2024-01-03,85.0
V015746,U00360,S0576,127.0,2024-04-19,66.0
V015747,U00835,S0858,500.0,2024-04-25,55.0
V015748,U01507,S0661,162.0,2024-06-03,36.0
V015749,U01535,S0845,500.0,2024-03-19,96.0
V015750,U00589,S0913,500.0,2025-05-01,92.0
V015751,U01156,S0440,197.0,2024-11-26,40.0
V015752,U00507,S0356,219.0,2025-05-16,42.0
V015753,U00909,S0321,500.0,2024-09-01,77.0
V015754,U01134,S0699,219.0,2025-06-01,64.0
V015755,U01402,S0474,122.0,2025-06-13,61.0
V015756,U00969,S0904,500.0,2024-10-09,65.0
V015757,U00833,S0871,43.0,2024-04-30,56.0
V015758,U00582,S0668,172.0,2024-03-07,18.0
V015759,U01280,S0061,16.0,2025-05-05,43.0
V015760,U00877,S0420,500.0,2024-07-24,93.0
V015761,U00914,S0747,500.0,2024-10-13,92.0
V015762,U01978,S0953,500.0,2024-11-09,33.0
V015763,U01054,S0422,202.0,2024-01-13,77.0
V015764,U00649,S0946,99.0,2025-04-21,49.0
V015765,U01391,S0660,177.0,2024-04-27,72.0
V015766,U00460,S0528,500.0,2025-03-25,27.0
V015767,U01587,S0426,52.0,2025-02-04,23.0
V015768,U01936,S0043,500.0,2024-08-28,72.0
V015769,U01409,S0714,10.0,2024-04-02,69.0
V015770,U01701,S0004,33.0,2025-04-29,86.0
V015771,U01134,S0283,141.0,2025-05-06,16.0
V015772,U01489,S0233,500.0,2024-02-10,51.0
V015773,U01898,S0495,500.0,2025-06-11,69.0
V015774,U01257,S0560,500.0,2024-04-20,84.0
V015775,U00810,S0912,76.0,2024-12-14,21.0
V015776,U01497,S0886,54.0,2024-02-15,91.0
V015777,U00741,S0346,500.0,2024-05-26,82.0
V015778,U00272,S0622,127.0,2025-03-15,69.0
V015779,U01213,S0587,131.0,2024-08-11,21.0
V015780,U01367,S0117,139.0,2024-01-22,28.0
V015781,U00547,S0449,500.0,2024-02-25,68.0
V015782,U00938,S0591,61.0,2024-05-19,37.0
V015783,U00588,S0238,500.0,2024-01-06,73.0
V015784,U00827,S0115,500.0,2024-04-24,14.0
V015785,U00024,S0599,500.0,2025-01-29,76.0
V015786,U00286,S0150,500.0,2024-11-12,43.0
V015787,U01248,S0572,500.0,2024-07-10,20.0
V015788,U01977,S0573,39.0,2024-07-29,38.0
V015789,U00960,S0825,10.0,2024-10-23,16.0
V015790,U00647,S0063,500.0,2025-03-20,61.0
V015791,U01228,S0179,500.0,2025-02-14,17.0
V015792,U00266,S0904,500.0,2024-12-13,18.0
V015793,U01443,S0445,189.0,2025-03-02,12.0
V015794,U01523,S0763,71.0,2024-08-09,61.0
V015795,U00365,S0565,88.0,2025-01-04,71.0
V015796,U01504,S0011,143.0,2024-08-24,53.0
V015797,U01011,S0331,213.0,2024-03-07,71.0
V015798,U01254,S0987,89.0,2024-06-10,32.0
V015799,U01417,S0010,207.0,2024-09-17,99.0
V015800,U00182,S0204,84.0,2025-04-07,47.0
V015801,U00870,S0578,500.0,2024-11-08,64.0
V015802,U01818,S0377,500.0,2025-01-23,79.0
V015803,U00834,S0287,500.0,2024-04-07,17.0
V015804,U01142,S0841,500.0,2025-09-03,63.0
V015805,U00021,S0531,76.0,2024-11-16,92.0
V015806,U01558,S0273,12.0,2024-05-30,41.0
V015807,U00566,S0672,500.0,2024-01-12,100.0
V015808,U01096,S0242,64.0,2025-02-05,80.0
V015809,U00584,S0228,500.0,2025-01-29,44.0
V015810,U01417,S0015,98.0,2024-10-22,44.0
V015811,U00175,S0146,500.0,2024-04-16,10.0
V015812,U00344,S0343,143.0,2024-03-05,90.0
V015813,U00427,S0641,500.0,2025-07-05,84.0
V015814,U01595,S0821,500.0,2024-06-25,45.0
V015815,U01768,S0765,500.0,2024-04-27,66.0
V015816,U01580,S0888,130.0,2025-05-25,63.0
V015817,U00267,S0648,219.0,2024-06-18,36.0
V015818,U00694,S0409,109.0,2024-03-22,37.0
V015819,U00937,S0369,500.0,2024-07-15,71.0
V015820,U00857,S0665,51.0,2024-06-27,51.0
V015821,U01162,S0899,52.0,2025-01-19,22.0
V015822,U00352,S0436,500.0,2024-08-25,15.0
V015823,U00344,S0393,500.0,2024-05-04,77.0
V015824,U01685,S0485,43.0,2024-11-25,84.0
V015825,U00635,S0749,500.0,2024-01-08,49.0
V015826,U01993,S0250,500.0,2024-01-04,63.0
V015827,U01349,S0629,500.0,2024-08-18,87.0
V015828,U01447,S0948,28.0,2024-01-17,75.0
V015829,U00369,S0052,500.0,2024-12-13,70.0
V015830,U01190,S0252,500.0,2024-10-04,85.0
V015831,U00766,S0680,500.0,2025-01-26,53.0
V015832,U00256,S0529,219.0,2025-04-24,52.0
V015833,U00884,S0487,74.0,2024-06-19,68.0
V015834,U00515,S0507,127.0,2024-03-23,48.0
V015835,U00986,S0889,500.0,2025-01-25,93.0
V015836,U00423,S0720,500.0,2025-06-03,50.0
V015837,U01910,S0924,500.0,2024-05-16,47.0
V015838,U00062,S0640,500.0,2024-04-06,84.0
V015839,U00266,S0710,500.0,2024-05-16,41.0
V015840,U01274,S0791,219.0,2024-07-26,26.0
V015841,U00200,S0792,500.0,2024-07-01,65.0
V015842,U01005,S0457,188.0,2025-03-14,11.0
V015843,U00728,S0664,159.0,2024-05-02,83.0
V015844,U01508,S0988,90.0,2025-08-04,93.0
V015845,U01469,S0630,17.0,2024-02-04,74.0
V015846,U01911,S0784,153.0,2025-08-05,31.0
V015847,U00896,S0005,500.0,2024-07-02,15.0
V015848,U00003,S0080,500.0,2024-03-31,71.0
V015849,U01662,S0334,51.0,2024-02-09,83.0
V015850,U01148,S0020,166.0,2024-10-13,17.0
V015851,U01152,S0528,500.0,2025-01-28,20.0
V015852,U01252,S0363,500.0,2024-11-23,15.0
V015853,U00911,S0855,500.0,2024-09-11,10.0
V015854,U00076,S0547,204.0,2024-09-15,66.0
V015855,U00211,S0487,131.0,2024-01-21,30.0
V015856,U01364,S0563,87.0,2024-09-20,53.0
V015857,U01104,S0059,178.0,2025-02-21,14.0
V015858,U00667,S0793,500.0,2024-05-27,79.0
V015859,U00746,S0359,500.0,2025-02-24,48.0
V015860,U01363,S0529,219.0,2024-04-07,54.0
V015861,U01857,S0650,500.0,2024-11-06,97.0
V015862,U00296,S0093,32.0,2024-01-06,71.0
V015863,U01553,S0277,135.0,2025-03-23,64.0
V015864,U00082,S0148,500.0,2024-11-19,14.0
V015865,U01300,S0068,219.0,2024-05-30,71.0
V015866,U00764,S0261,116.0,2025-10-01,45.0
V015867,U00453,S0738,500.0,2025-06-18,63.0
V015868,U01249,S0651,68.0,2024-12-06,35.0
V015869,U00883,S0440,500.0,2024-04-20,54.0
V015870,U00565,S0471,219.0,2024-03-11,13.0
V015871,U00460,S0692,37.0,2024-07-20,14.0
V015872,U01890,S0976,178.0,2025-03-17,31.0
V015873,U00234,S0058,216.0,2024-10-08,58.0
V015874,U00497,S0155,45.0,2024-09-07,36.0
V015875,U01923,S0532,7.0,2025-01-18,11.0
V015876,U00571,S0649,500.0,2024-03-12,90.0
V015877,U00636,S0124,500.0,2024-08-03,71.0
V015878,U01526,S0976,53.0,2024-11-29,76.0
V015879,U01329,S0473,500.0,2025-03-29,56.0
V015880,U01725,S0472,158.0,2024-05-17,37.0
V015881,U01594,S0390,90.0,2024-05-31,83.0
V015882,U01661,S0378,500.0,2024-12-29,19.0
V015883,U01467,S0753,63.0,2024-02-16,95.0
V015884,U00654,S0574,48.0,2025-01-30,83.0
V015885,U01092,S0193,141.0,2024-04-03,54.0
V015886,U00273,S0752,7.0,2024-04-13,56.0
V015887,U01657,S0700,178.0,2025-02-02,34.0
V015888,U01220,S0212,190.0,2024-07-11,46.0
V015889,U00712,S0422,500.0,2024-09-15,45.0
V015890,U01085,S0091,21.0,2024-06-13,73.0
V015891,U01677,S0925,16.0,2024-01-02,34.0
V015892,U00220,S0029,500.0,2024-10-13,44.0
V015893,U00540,S0743,500.0,2025-03-19,77.0
V015894,U00701,S0341,187.0,2025-01-24,96.0
V015895,U01071,S0233,32.0,2025-04-10,19.0
V015896,U01453,S0370,219.0,2025-06-22,51.0
V015897,U01753,S0089,500.0,2024-01-08,92.0
V015898,U01082,S0488,500.0,2025-02-28,48.0
V015899,U00148,S0304,143.0,2025-06-13,19.0
V015900,U01463,S0860,500.0,2025-04-19,32.0
V015901,U00597,S0995,500.0,2024-02-24,100.0
V015902,U00283,S0973,500.0,2024-12-04,65.0
V015903,U01950,S0698,500.0,2024-09-04,88.0
V015904,U00218,S0910,218.0,2025-03-20,54.0
V015905,U00690,S0186,500.0,2025-02-17,45.0
V015906,U01705,S0143,180.0,2024-12-01,56.0
V015907,U00922,S0891,181.0,2025-02-02,94.0
V015908,U00831,S0367,500.0,2024-03-17,58.0
V015909,U01255,S0505,500.0,2024-12-22,60.0
V015910,U00091,S0131,500.0,2024-02-17,41.0
V015911,U01856,S0864,77.0,2024-01-07,90.0
V015912,U00694,S0834,500.0,2024-09-01,47.0
V015913,U00245,S0645,40.0,2024-05-22,53.0
V015914,U00716,S0049,163.0,2025-12-01,86.0
V015915,U01084,S0814,500.0,2024-05-02,14.0
V015916,U01998,S0412,111.0,2024-07-26,77.0
V015917,U01061,S0732,500.0,2024-06-05,33.0
V015918,U00745,S0468,42.0,2025-05-26,46.0
V015919,U01410,S0913,134.0,2025-01-10,58.0
V015920,U00020,S0085,161.0,2025-05-09,95.0
V015921,U00703,S0723,98.0,2024-11-06,52.0
V015922,U00029,S0185,20.0,2024-12-21,75.0
V015923,U00362,S0323,500.0,2025-05-14,36.0
V015924,U00856,S0167,500.0,2024-08-18,40.0
V015925,U00553,S0174,94.0,2025-03-01,50.0
V015926,U01836,S0486,500.0,2024-06-13,95.0
V015927,U01543,S0722,500.0,2024-11-07,92.0
V015928,U00314,S0759,162.0,2025-03-14,59.0
V015929,U01228,S0395,120.0,2025-02-24,40.0
V015930,U00789,S0125,500.0,2024-10-06,16.0
V015931,U01319,S0780,500.0,2025-05-02,84.0
V015932,U00741,S0923,500.0,2024-10-09,47.0
V015933,U01371,S0388,21.0,2025-01-29,74.0
V015934,U01945,S0547,500.0,2025-04-22,52.0
V015935,U01950,S0384,500.0,2024-09-22,46.0
V015936,U01869,S0816,500.0,2024-02-27,15.0
V015937,U01287,S0428,500.0,2025-09-01,27.0
V015938,U00144,S0002,219.0,2024-06-20,56.0
V015939,U00398,S0694,41.0,2024-12-29,66.0
V015940,U00069,S0690,500.0,2024-01-31,53.0
V015941,U01876,S0138,500.0,2025-04-21,73.0
V015942,U00483,S0478,500.0,2024-01-09,92.0
V015943,U01240,S0961,500.0,2024-03-06,48.0
V015944,U00878,S0587,172.0,2025-04-17,100.0
V015945,U00058,S0181,117.0,2024-08-24,99.0
V015946,U01311,S0156,85.0,2024-08-19,20.0
V015947,U00215,S0699,500.0,2024-08-27,77.0
V015948,U00389,S0174,500.0,2024-03-08,18.0
V015949,U01886,S0962,205.0,2024-06-07,43.0
V015950,U00067,S0482,500.0,2024-10-04,94.0
V015951,U01674,S0154,144.0,2024-02-05,88.0
V015952,U01453,S0269,83.0,2024-01-03,66.0
V015953,U01354,S0207,134.0,2024-06-19,32.0
V015954,U00471,S0192,219.0,2024-10-27,69.0
V015955,U00008,S0333,500.0,2024-12-01,93.0
V015956,U00457,S0437,34.0,2024-01-17,94.0
V015957,U00024,S0944,50.0,2024-01-19,40.0
V015958,U01537,S0698,500.0,2025-04-01,81.0
V015959,U00224,S0511,165.0,2025-06-04,23.0
V015960,U00704,S0070,7.0,2024-08-31,89.0
V015961,U01882,S0647,157.0,2025-01-22,92.0
V015962,U00395,S0116,19.0,2024-08-22,45.0
V015963,U01335,S0756,37.0,2025-02-04,47.0
V015964,U00433,S0762,500.0,2024-10-11,28.0
V015965,U01737,S0586,500.0,2025-12-02,24.0
V015966,U00566,S0062,26.0,2024-11-03,48.0
V015967,U00244,S0523,500.0,2024-09-12,93.0
V015968,U01601,S0128,95.0,2024-08-16,60.0
V015969,U01655,S0854,145.0,2025-02-14,62.0
V015970,U00152,S0216,122.0,2025-11-04,16.0
V015971,U00992,S0512,500.0,2025-07-01,85.0
V015972,U00357,S0370,85.0,2024-11-24,76.0
V015973,U01306,S0115,78.0,2025-04-21,94.0
V015974,U01567,S0537,500.0,2025-05-27,80.0
V015975,U01555,S0874,102.0,2024-09-17,37.0
V015976,U00011,S0752,19.0,2025-04-29,11.0
V015977,U01661,S0067,143.0,2024-05-13,37.0
V015978,U01138,S0541,500.0,2024-01-01,46.0
V015979,U01364,S0443,500.0,2024-08-20,74.0
V015980,U01162,S0303,205.0,2024-12-23,52.0
V015981,U00913,S0254,500.0,2024-09-03,60.0
V015982,U01387,S0567,500.0,2025-04-15,11.0
V015983,U01195,S0554,500.0,2025-06-15,74.0
V015984,U00350,S0855,500.0,2024-01-13,94.0
V015985,U00213,S0650,500.0,2024-09-14,14.0
V015986,U00960,S0248,500.0,2025-02-18,59.0
V015987,U00190,S0976,500.0,2024-06-27,52.0
V015988,U01575,S0819,194.0,2025-01-05,39.0
V015989,U00416,S0098,500.0,2024-04-19,91.0
V015990,U00281,S0817,500.0,2024-11-03,20.0
V015991,U00287,S0630,186.0,2025-03-07,95.0
V015992,U01698,S0972,500.0,2025-01-22,22.0
V015993,U01018,S0893,500.0,2025-03-02,58.0
V015994,U00966,S0358,500.0,2024-03-23,16.0
V015995,U00737,S0368,113.0,2025-04-16,84.0
V015996,U01254,S0682,500.0,2025-01-23,26.0
V015997,U01685,S0328,500.0,2024-10-10,55.0
V015998,U01590,S0322,500.0,2025-02-06,20.0
V015999,U00026,S0930,500.0,2024-08-08,13.0
V016000,U01079,S0234,219.0,2024-11-21,14.0
V016001,U01395,S0245,500.0,2024-07-13,59.0
V016002,U01492,S0441,500.0,2024-12-08,91.0
V016003,U00430,S0789,21.0,2025-01-08,82.0
V016004,U00847,S0611,500.0,2025-04-21,98.0
V016005,U00132,S0142,219.0,2024-01-06,90.0
V016006,U00422,S0266,500.0,2024-05-06,25.0
V016007,U01560,S0758,500.0,2025-08-06,88.0
V016008,U01340,S0686,500.0,2025-03-16,81.0
V016009,U01649,S0582,500.0,2024-10-10,59.0
V016010,U00282,S0729,500.0,2024-05-15,43.0
V016011,U01039,S0451,144.0,2024-02-25,65.0
V016012,U00184,S0375,500.0,2024-06-13,75.0
V016013,U01630,S0247,87.0,2024-02-10,67.0
V016014,U00302,S0518,38.0,2025-04-14,46.0
V016015,U00414,S0704,138.0,2025-12-03,46.0
V016016,U00207,S0852,150.0,2025-06-12,85.0
V016017,U01404,S0768,62.0,2025-05-04,42.0
V016018,U01886,S0570,500.0,2024-11-12,14.0
V016019,U01162,S0276,500.0,2024-07-08,35.0
V016020,U01447,S0295,500.0,2024-06-30,72.0
V016021,U00416,S0485,500.0,2024-11-27,31.0
V016022,U00477,S0176,19.0,2024-02-02,40.0
V016023,U01257,S0706,500.0,2024-05-08,48.0
V016024,U00482,S0915,500.0,2024-08-26,48.0
V016025,U01343,S0745,500.0,2025-05-02,56.0
V016026,U01909,S0900,500.0,2024-11-10,97.0
V016027,U01620,S0894,167.0,2024-10-27,100.0
V016028,U00553,S0461,177.0,2024-09-30,54.0
V016029,U01245,S0826,186.0,2024-07-06,90.0
V016030,U01305,S0570,500.0,2024-08-25,77.0
V016031,U00190,S0510,25.0,2024-08-05,33.0
V016032,U01518,S0580,27.0,2025-01-02,93.0
V016033,U01688,S0981,500.0,2024-11-26,98.0
V016034,U01587,S0736,500.0,2024-11-03,53.0
V016035,U00074,S0136,500.0,2024-04-19,49.0
V016036,U00350,S0011,40.0,2024-07-21,87.0
V016037,U00806,S0739,500.0,2024-09-20,56.0
V016038,U00337,S0987,23.0,2024-11-12,91.0
V016039,U00356,S0127,219.0,2025-05-08,33.0
V016040,U01015,S0340,110.0,2024-08-04,30.0
V016041,U00666,S0236,29.0,2024-08-29,23.0
V016042,U00780,S0040,500.0,2024-12-22,39.0
V016043,U01858,S0066,84.0,2024-02-28,96.0
V016044,U00868,S0481,500.0,2024-09-06,63.0
V016045,U01911,S0650,184.0,2024-04-18,24.0
V016046,U00406,S0121,52.0,2024-12-22,34.0
V016047,U00844,S0669,500.0,2024-04-23,81.0
V016048,U00823,S0674,500.0,2024-03-17,27.0
V016049,U01495,S0399,500.0,2024-08-02,65.0
V016050,U01265,S0740,500.0,2025-06-24,69.0
V016051,U01810,S0759,500.0,2025-02-27,24.0
V016052,U01192,S0651,202.0,2024-12-03,85.0
V016053,U01696,S0652,159.0,2024-06-14,30.0
V016054,U01909,S0827,500.0,2025-12-01,26.0
V016055,U00759,S0603,14.0,2025-05-19,43.0
V016056,U01573,S0887,9.0,2025-05-11,17.0
V016057,U00667,S0746,500.0,2024-07-25,69.0
V016058,U00204,S0918,500.0,2024-02-28,28.0
V016059,U00270,S0111,500.0,2024-03-06,38.0
V016060,U01655,S0117,85.0,2024-12-09,33.0
V016061,U00144,S0643,500.0,2024-10-26,78.0
V016062,U01266,S0102,64.0,2024-01-27,20.0
V016063,U00710,S0658,79.0,2024-02-25,64.0
V016064,U00098,S0280,146.0,2024-08-25,41.0
V016065,U01125,S0229,117.0,2024-06-01,69.0
V016066,U00547,S0012,101.0,2024-04-14,81.0
V016067,U00850,S0206,500.0,2024-12-16,68.0
V016068,U01426,S0945,500.0,2024-07-28,56.0
V016069,U00667,S0183,206.0,2024-03-14,39.0
V016070,U00101,S0143,8.0,2024-03-25,47.0
V016071,U00545,S0944,219.0,2025-02-24,12.0
V016072,U01591,S0655,62.0,2025-06-23,10.0
V016073,U01865,S0739,500.0,2025-06-09,12.0
V016074,U00763,S0035,171.0,2024-04-24,62.0
V016075,U01044,S0715,141.0,2024-04-23,90.0
V016076,U00803,S0928,127.0,2024-09-08,22.0
V016077,U01191,S0096,500.0,2024-04-10,40.0
V016078,U01953,S0938,182.0,2025-01-28,78.0
V016079,U01388,S0176,83.0,2025-02-15,51.0
V016080,U00709,S0329,500.0,2025-09-01,87.0
V016081,U01432,S0434,500.0,2024-06-12,83.0
V016082,U01569,S0684,94.0,2025-10-03,29.0
V016083,U01052,S0223,219.0,2024-01-18,64.0
V016084,U01216,S0021,39.0,2024-07-17,95.0
V016085,U00333,S0062,12.0,2025-06-17,33.0
V016086,U00675,S0645,96.0,2025-03-13,96.0
V016087,U01795,S0754,500.0,2024-04-18,19.0
V016088,U00720,S0632,15.0,2024-05-10,76.0
V016089,U00689,S0025,500.0,2025-05-02,49.0
V016090,U00217,S0917,500.0,2024-01-05,69.0
V016091,U00939,S0412,110.0,2024-06-30,51.0
V016092,U00263,S0345,500.0,2025-04-20,62.0
V016093,U01640,S0746,500.0,2025-01-04,42.0
V016094,U01566,S0865,109.0,2024-04-28,94.0
V016095,U00258,S0480,500.0,2024-12-13,40.0
V016096,U01155,S0839,500.0,2024-09-17,44.0
V016097,U01614,S0798,97.0,2024-10-30,98.0
V016098,U01184,S0190,500.0,2025-07-03,56.0
V016099,U01318,S0636,192.0,2025-09-06,85.0
V016100,U01474,S0580,500.0,2024-04-28,86.0
V016101,U00404,S0553,500.0,2025-06-08,45.0
V016102,U00697,S0471,500.0,2024-10-06,96.0
V016103,U00098,S0821,187.0,2024-09-12,46.0
V016104,U00004,S0210,42.0,2025-01-26,53.0
V016105,U01225,S0084,500.0,2025-09-06,43.0
V016106,U00052,S0057,219.0,2024-08-10,28.0
V016107,U01285,S0418,10.0,2024-10-29,40.0
V016108,U01932,S0635,70.0,2024-02-22,46.0
V016109,U00895,S0489,500.0,2024-02-21,74.0
V016110,U00603,S0552,500.0,2024-06-17,44.0
V016111,U00540,S0945,190.0,2024-10-30,16.0
V016112,U01902,S0954,86.0,2025-12-03,58.0
V016113,U01468,S0366,500.0,2024-06-02,32.0
V016114,U00484,S0600,18.0,2024-06-05,98.0
V016115,U01313,S0175,500.0,2024-02-19,65.0
V016116,U00104,S0067,144.0,2025-01-01,47.0
V016117,U01521,S0244,500.0,2024-03-25,98.0
V016118,U00570,S0592,28.0,2025-01-25,73.0
V016119,U00930,S0269,60.0,2024-05-23,79.0
V016120,U00295,S0122,144.0,2025-05-12,20.0
V016121,U00809,S0116,500.0,2025-04-20,48.0
V016122,U00452,S0016,29.0,2024-01-18,40.0
V016123,U00020,S0452,500.0,2024-01-23,83.0
V016124,U00923,S0638,141.0,2024-04-04,67.0
V016125,U00145,S0215,151.0,2025-01-09,64.0
V016126,U00924,S0981,216.0,2024-05-19,25.0
V016127,U00779,S0733,500.0,2025-02-17,93.0
V016128,U00361,S0644,197.0,2025-03-04,31.0
V016129,U00517,S0483,40.0,2025-01-26,73.0
V016130,U00395,S0390,500.0,2024-12-07,60.0
V016131,U00915,S0467,22.0,2024-03-15,75.0
V016132,U00231,S0183,121.0,2024-04-29,96.0
V016133,U01336,S0764,188.0,2024-09-11,83.0
V016134,U00106,S0015,500.0,2025-06-14,50.0
V016135,U00825,S0944,500.0,2024-10-26,11.0
V016136,U00667,S0785,195.0,2025-04-12,29.0
V016137,U00032,S0673,500.0,2024-10-03,56.0
V016138,U01501,S0288,24.0,2024-02-04,29.0
V016139,U00726,S0914,500.0,2025-05-29,37.0
V016140,U01508,S0776,143.0,2025-04-01,58.0
V016141,U01862,S0862,500.0,2024-03-17,95.0
V016142,U01049,S0481,500.0,2024-09-23,12.0
V016143,U01012,S0136,500.0,2025-02-03,68.0
V016144,U00483,S0746,500.0,2024-09-28,72.0
V016145,U00677,S0352,500.0,2024-08-20,56.0
V016146,U00011,S0078,500.0,2025-05-03,99.0
V016147,U00812,S0624,165.0,2024-06-03,56.0
V016148,U01806,S0200,98.0,2024-01-17,92.0
V016149,U01864,S0978,13.0,2025-08-05,73.0
V016150,U01965,S0127,500.0,2024-08-17,99.0
V016151,U00272,S0549,500.0,2024-02-29,52.0
V016152,U00308,S0531,500.0,2025-03-24,61.0
V016153,U00001,S0898,500.0,2024-10-05,32.0
V016154,U00953,S0800,215.0,2024-03-01,95.0
V016155,U01336,S0813,500.0,2024-06-11,61.0
V016156,U00809,S0199,500.0,2025-04-13,14.0
V016157,U01190,S0429,94.0,2024-03-28,23.0
V016158,U01061,S0371,500.0,2025-06-19,40.0
V016159,U01492,S0020,94.0,2024-01-06,42.0
V016160,U01896,S0305,169.0,2024-08-24,28.0
V016161,U01520,S0683,43.0,2024-10-26,72.0
V016162,U01520,S0108,153.0,2024-09-22,82.0
V016163,U01892,S0040,500.0,2024-05-23,96.0
V016164,U00211,S0150,17.0,2024-06-07,93.0
V016165,U01338,S0731,89.0,2024-08-04,72.0
V016166,U01494,S0724,500.0,2024-01-29,46.0
V016167,U01839,S0766,500.0,2024-02-27,10.0
V016168,U01488,S0601,500.0,2024-04-03,84.0
V016169,U01649,S0164,500.0,2025-02-02,69.0
V016170,U01216,S0204,500.0,2024-04-27,68.0
V016171,U00556,S0289,112.0,2024-05-26,44.0
V016172,U01200,S0809,500.0,2024-06-23,22.0
V016173,U01958,S0047,500.0,2025-05-17,88.0
V016174,U00946,S0183,500.0,2024-02-02,37.0
V016175,U01688,S0754,199.0,2024-04-26,12.0
V016176,U01794,S0027,500.0,2024-05-03,27.0
V016177,U01576,S0577,203.0,2025-07-03,87.0
V016178,U00672,S0031,500.0,2024-04-25,94.0
V016179,U00969,S0412,80.0,2024-10-16,64.0
V016180,U01814,S0008,167.0,2024-11-05,65.0
V016181,U00842,S0799,500.0,2024-09-15,100.0
V016182,U00653,S0432,500.0,2024-04-26,65.0
V016183,U00569,S0676,500.0,2024-08-26,88.0
V016184,U01281,S0219,53.0,2024-06-27,32.0
V016185,U00442,S0727,500.0,2024-12-29,26.0
V016186,U01325,S0122,67.0,2024-10-16,43.0
V016187,U00593,S0752,39.0,2025-06-01,40.0
V016188,U00126,S0447,127.0,2024-12-15,32.0
V016189,U00740,S0852,500.0,2024-02-08,68.0
V016190,U01062,S0717,188.0,2024-12-05,62.0
V016191,U01218,S0737,219.0,2024-10-02,33.0
V016192,U01121,S0813,113.0,2025-01-16,56.0
V016193,U01939,S0434,500.0,2024-05-28,44.0
V016194,U01760,S0988,500.0,2024-07-31,74.0
V016195,U00131,S0186,500.0,2024-09-11,39.0
V016196,U01729,S0060,93.0,2025-04-28,88.0
V016197,U01976,S0770,500.0,2024-06-19,16.0
V016198,U00354,S0409,500.0,2024-12-02,77.0
V016199,U00266,S0668,500.0,2024-10-11,49.0
V016200,U01481,S0497,189.0,2024-04-20,21.0
V016201,U01124,S0010,500.0,2024-02-01,52.0
V016202,U01076,S0048,130.0,2024-09-04,11.0
V016203,U01672,S0279,110.0,2024-01-05,90.0
V016204,U01625,S0491,500.0,2024-01-17,11.0
V016205,U00631,S0871,52.0,2025-04-23,86.0
V016206,U00350,S0325,500.0,2024-10-17,70.0
V016207,U01290,S0797,220.0,2024-12-05,80.0
V016208,U01410,S0447,54.0,2024-03-01,82.0
V016209,U00797,S0086,128.0,2024-06-14,89.0
V016210,U01291,S0348,21.0,2024-11-13,79.0
V016211,U01483,S0702,183.0,2025-04-26,98.0
V016212,U00127,S0339,174.0,2024-12-28,20.0
V016213,U01426,S0390,138.0,2024-04-18,25.0
V016214,U00282,S0226,84.0,2024-05-07,96.0
V016215,U01264,S0054,500.0,2024-02-18,24.0
V016216,U01193,S0904,106.0,2024-08-15,55.0
V016217,U00726,S0620,500.0,2025-04-26,83.0
V016218,U01321,S0992,135.0,2024-05-22,28.0
V016219,U01719,S0955,500.0,2024-07-12,43.0
V016220,U00818,S0151,150.0,2024-03-20,49.0
V016221,U00198,S0172,155.0,2024-08-14,45.0
V016222,U00025,S0656,500.0,2024-10-01,27.0
V016223,U01514,S0452,115.0,2024-06-02,63.0
V016224,U01569,S0119,500.0,2024-10-22,48.0
V016225,U01943,S0860,202.0,2025-04-30,47.0
V016226,U00928,S0287,500.0,2025-06-19,30.0
V016227,U01886,S0902,149.0,2025-05-16,39.0
V016228,U01374,S0662,219.0,2024-03-21,76.0
V016229,U01918,S0447,161.0,2024-09-19,49.0
V016230,U01854,S0320,500.0,2025-10-06,28.0
V016231,U00157,S0467,135.0,2024-11-05,84.0
V016232,U00339,S0320,500.0,2024-11-21,24.0
V016233,U00351,S0103,11.0,2025-06-14,55.0
V016234,U00352,S0191,500.0,2024-07-17,90.0
V016235,U01225,S0207,17.0,2024-09-16,27.0
V016236,U00440,S0787,500.0,2025-09-05,82.0
V016237,U00025,S0428,500.0,2024-04-21,20.0
V016238,U01725,S0936,500.0,2025-06-05,68.0
V016239,U01502,S0718,219.0,2024-01-26,83.0
V016240,U00301,S0111,219.0,2024-10-28,22.0
V016241,U00924,S0702,500.0,2024-10-12,34.0
V016242,U00900,S0480,5.0,2024-11-09,53.0
V016243,U00236,S0292,500.0,2025-02-08,46.0
V016244,U01122,S0979,209.0,2024-03-08,42.0
V016245,U01485,S0895,134.0,2024-09-08,41.0
V016246,U00332,S0249,15.0,2025-06-17,69.0
V016247,U00131,S0896,500.0,2024-11-23,54.0
V016248,U00684,S0124,142.0,2024-11-09,22.0
V016249,U01737,S0395,68.0,2024-04-22,10.0
V016250,U01860,S0862,218.0,2025-05-06,61.0
V016251,U00534,S0708,54.0,2024-12-21,21.0
V016252,U00252,S0803,500.0,2024-09-04,46.0
V016253,U01366,S0443,214.0,2025-02-04,93.0
V016254,U01551,S0162,500.0,2024-06-22,81.0
V016255,U01962,S0981,500.0,2025-05-25,29.0
V016256,U00919,S0672,115.0,2024-01-08,35.0
V016257,U00140,S0729,35.0,2025-06-16,17.0
V016258,U00790,S0494,500.0,2024-01-28,56.0
V016259,U01965,S0985,500.0,2024-03-25,36.0
V016260,U01598,S0219,500.0,2024-06-19,95.0
V016261,U01074,S0203,172.0,2025-04-17,79.0
V016262,U01616,S0531,500.0,2024-12-02,50.0
V016263,U01796,S0159,500.0,2024-10-17,100.0
V016264,U00941,S0408,183.0,2024-04-28,21.0
V016265,U00780,S0635,500.0,2025-01-22,39.0
V016266,U01797,S0899,64.0,2024-11-21,50.0
V016267,U00009,S0371,500.0,2024-06-06,41.0
V016268,U00178,S0892,164.0,2024-04-20,11.0
V016269,U00841,S0186,500.0,2024-10-24,43.0
V016270,U01658,S0330,219.0,2025-05-20,60.0
V016271,U00445,S0630,500.0,2024-11-22,28.0
V016272,U01275,S0021,500.0,2025-05-02,86.0
V016273,U00122,S0971,500.0,2024-05-20,12.0
V016274,U01761,S0327,64.0,2024-02-21,77.0
V016275,U01024,S0896,500.0,2025-01-24,84.0
V016276,U00090,S0675,13.0,2024-03-03,35.0
V016277,U01692,S0017,500.0,2025-02-08,19.0
V016278,U00066,S0814,500.0,2024-05-19,20.0
V016279,U00694,S0881,166.0,2025-11-05,36.0
V016280,U01985,S0202,500.0,2025-09-04,14.0
V016281,U00448,S0871,500.0,2024-06-24,56.0
V016282,U01661,S0263,29.0,2024-07-15,14.0
V016283,U01445,S0254,90.0,2024-01-02,24.0
V016284,U01130,S0318,163.0,2025-03-31,83.0
V016285,U01956,S0242,500.0,2024-08-09,86.0
V016286,U01149,S0188,200.0,2024-01-06,43.0
V016287,U00041,S0449,44.0,2024-12-21,44.0
V016288,U00525,S0983,81.0,2025-01-04,20.0
V016289,U00189,S0140,35.0,2025-09-04,24.0
V016290,U00730,S0817,500.0,2025-01-22,29.0
V016291,U00979,S0967,206.0,2024-07-07,36.0
V016292,U00244,S0602,500.0,2025-04-11,64.0
V016293,U00788,S0693,500.0,2024-05-30,91.0
V016294,U01279,S0317,66.0,2025-01-16,70.0
V016295,U00141,S1000,25.0,2024-06-02,96.0
V016296,U00241,S0025,201.0,2024-05-05,67.0
V016297,U01930,S0036,197.0,2024-05-18,20.0
V016298,U00006,S0153,141.0,2024-05-03,28.0
V016299,U01084,S0584,175.0,2024-01-16,34.0
V016300,U00023,S0258,500.0,2025-05-26,16.0
V016301,U01392,S0230,115.0,2025-02-24,87.0
V016302,U01632,S0976,500.0,2025-02-15,28.0
V016303,U01874,S0842,92.0,2024-07-29,60.0
V016304,U00551,S0824,500.0,2024-11-03,23.0
V016305,U00219,S0915,70.0,2024-08-20,65.0
V016306,U01617,S0483,219.0,2024-08-21,43.0
V016307,U00769,S0037,500.0,2025-03-17,93.0
V016308,U00769,S0078,500.0,2024-11-08,69.0
V016309,U00884,S0129,216.0,2024-08-15,75.0
V016310,U01049,S0494,84.0,2025-06-19,74.0
V016311,U00809,S0953,109.0,2024-06-04,49.0
V016312,U01912,S0970,119.0,2024-09-17,56.0
V016313,U00232,S0741,500.0,2024-05-11,25.0
V016314,U00262,S0215,500.0,2024-03-11,38.0
V016315,U01195,S0480,500.0,2025-04-27,65.0
V016316,U01110,S0217,500.0,2025-12-01,37.0
V016317,U01463,S0488,119.0,2024-09-05,51.0
V016318,U01947,S0184,89.0,2024-01-26,11.0
V016319,U01738,S0801,219.0,2024-11-02,74.0
V016320,U01880,S0906,12.0,2024-12-03,36.0
V016321,U01781,S0420,51.0,2024-10-28,57.0
V016322,U00940,S0622,182.0,2025-06-18,11.0
V016323,U00637,S0625,81.0,2024-12-08,90.0
V016324,U00493,S0183,500.0,2024-10-10,65.0
V016325,U00393,S0216,107.0,2024-08-03,83.0
V016326,U01639,S0499,208.0,2024-01-29,60.0
V016327,U00459,S0520,500.0,2024-06-17,17.0
V016328,U00434,S0929,500.0,2024-11-09,73.0
V016329,U01877,S0169,219.0,2024-09-15,91.0
V016330,U01395,S0515,20.0,2024-02-11,44.0
V016331,U01274,S0471,500.0,2025-03-01,32.0
V016332,U00133,S0348,500.0,2024-07-01,45.0
V016333,U01474,S0816,113.0,2025-12-05,12.0
V016334,U00640,S0310,500.0,2024-01-24,51.0
V016335,U00107,S0672,500.0,2025-03-23,87.0
V016336,U00516,S0728,500.0,2024-01-15,63.0
V016337,U00413,S0830,177.0,2024-02-16,88.0
V016338,U00039,S0280,500.0,2024-08-06,66.0
V016339,U01964,S0214,500.0,2024-02-08,49.0
V016340,U00872,S0438,500.0,2025-02-21,84.0
V016341,U00112,S0094,500.0,2025-06-21,100.0
V016342,U01837,S0074,174.0,2025-12-04,24.0
V016343,U01278,S0856,81.0,2024-10-29,67.0
V016344,U01747,S0891,206.0,2024-09-29,33.0
V016345,U01531,S0624,500.0,2025-06-11,56.0
V016346,U01637,S0676,500.0,2024-11-28,35.0
V016347,U00962,S0800,13.0,2024-12-15,44.0
V016348,U00575,S0218,181.0,2024-11-26,40.0
V016349,U00691,S0327,500.0,2025-06-06,48.0
V016350,U01801,S0542,91.0,2024-12-28,27.0
V016351,U01583,S0060,182.0,2024-11-24,53.0
V016352,U01524,S0924,500.0,2024-05-15,12.0
V016353,U00097,S0118,500.0,2025-03-24,78.0
V016354,U01671,S0072,5.0,2024-09-10,80.0
V016355,U01425,S0957,500.0,2024-09-21,46.0
V016356,U01224,S0183,85.0,2024-06-13,79.0
V016357,U01631,S0236,500.0,2025-05-06,52.0
V016358,U00099,S0497,53.0,2024-05-21,75.0
V016359,U00724,S0500,219.0,2024-11-01,33.0
V016360,U00262,S0781,500.0,2025-11-02,19.0
V016361,U01929,S0865,9.0,2024-05-02,19.0
V016362,U00804,S0293,500.0,2024-10-25,56.0
V016363,U01181,S0862,500.0,2024-05-20,36.0
V016364,U00636,S0584,88.0,2024-08-01,24.0
V016365,U01652,S0415,500.0,2024-07-30,38.0
V016366,U01971,S0205,110.0,2025-04-21,45.0
V016367,U00438,S0888,123.0,2024-02-04,47.0
V016368,U01940,S0645,216.0,2024-11-02,98.0
V016369,U00895,S0533,500.0,2024-01-04,36.0
V016370,U00211,S0342,500.0,2024-03-30,59.0
V016371,U01079,S0100,208.0,2025-11-05,91.0
V016372,U01628,S0712,123.0,2025-02-10,35.0
V016373,U00848,S0889,165.0,2025-03-07,56.0
V016374,U00181,S0581,500.0,2025-01-13,20.0
V016375,U00005,S0072,28.0,2024-10-29,93.0
V016376,U01175,S0941,72.0,2024-01-24,54.0
V016377,U01424,S0068,160.0,2024-09-22,73.0
V016378,U00647,S0892,43.0,2025-04-30,100.0
V016379,U00893,S0438,500.0,2025-06-03,69.0
V016380,U00833,S0684,500.0,2024-09-23,42.0
V016381,U01675,S0261,160.0,2024-08-22,63.0
V016382,U01840,S0438,146.0,2025-05-11,29.0
V016383,U01790,S0287,500.0,2024-05-26,76.0
V016384,U01450,S0951,500.0,2025-01-30,86.0
V016385,U00786,S0286,500.0,2024-08-15,55.0
V016386,U00861,S0787,159.0,2024-06-02,56.0
V016387,U01725,S0765,209.0,2024-01-03,70.0
V016388,U00911,S0622,500.0,2024-04-28,20.0
V016389,U01971,S0375,500.0,2024-05-04,36.0
V016390,U01647,S0749,500.0,2024-11-09,24.0
V016391,U00301,S0234,500.0,2024-12-05,54.0
V016392,U00950,S0968,500.0,2025-05-24,81.0
V016393,U00091,S0939,16.0,2024-07-09,27.0
V016394,U00378,S0352,5.0,2024-05-29,71.0
V016395,U00413,S0047,500.0,2025-03-24,91.0
V016396,U01522,S0364,500.0,2025-12-06,92.0
V016397,U01846,S0411,500.0,2025-01-04,48.0
V016398,U00860,S0574,34.0,2024-09-07,29.0
V016399,U00565,S0776,500.0,2024-07-21,87.0
V016400,U00310,S0284,500.0,2025-04-25,96.0
V016401,U01887,S0703,7.0,2024-10-09,43.0
V016402,U00682,S0048,500.0,2024-06-29,81.0
V016403,U01201,S0240,500.0,2025-02-26,100.0
V016404,U01377,S0776,500.0,2025-12-05,56.0
V016405,U01174,S0171,500.0,2024-04-08,55.0
V016406,U00989,S0070,136.0,2024-09-25,74.0
V016407,U00141,S0782,134.0,2025-03-20,75.0
V016408,U00896,S0523,500.0,2025-06-12,70.0
V016409,U00506,S0284,215.0,2024-01-04,99.0
V016410,U01559,S0175,75.0,2024-02-17,62.0
V016411,U01042,S0562,500.0,2024-01-09,31.0
V016412,U00846,S0885,112.0,2025-06-02,27.0
V016413,U01288,S0350,218.0,2024-11-06,86.0
V016414,U00949,S0723,170.0,2024-03-09,73.0
V016415,U00990,S0958,89.0,2024-11-15,40.0
V016416,U01409,S0224,500.0,2025-02-17,21.0
V016417,U01330,S0090,130.0,2024-03-17,43.0
V016418,U01396,S0298,500.0,2025-01-31,37.0
V016419,U01685,S0366,500.0,2025-02-05,13.0
V016420,U01284,S0408,97.0,2024-02-13,100.0
V016421,U00926,S0302,106.0,2025-03-11,83.0
V016422,U00292,S0941,44.0,2024-05-03,56.0
V016423,U01450,S0178,500.0,2024-03-21,72.0
V016424,U00452,S0777,141.0,2024-09-22,83.0
V016425,U01131,S0168,500.0,2024-05-05,44.0
V016426,U01885,S0551,500.0,2024-11-07,17.0
V016427,U00488,S0580,500.0,2024-08-04,51.0
V016428,U00979,S0128,100.0,2024-01-11,66.0
V016429,U01374,S0818,66.0,2025-04-20,71.0
V016430,U00141,S0853,500.0,2025-01-06,74.0
V016431,U00315,S0752,500.0,2025-04-03,65.0
V016432,U00975,S0601,12.0,2024-08-12,99.0
V016433,U01103,S0854,500.0,2025-03-27,43.0
V016434,U00993,S0499,93.0,2025-12-02,57.0
V016435,U00513,S0883,500.0,2025-06-13,39.0
V016436,U01431,S0801,42.0,2025-02-27,10.0
V016437,U01555,S0914,500.0,2024-10-29,66.0
V016438,U01619,S0075,500.0,2024-08-07,22.0
V016439,U00099,S0834,179.0,2024-01-22,34.0
V016440,U01110,S0907,500.0,2024-03-19,46.0
V016441,U01660,S0937,194.0,2024-11-22,10.0
V016442,U01570,S0682,34.0,2025-06-22,16.0
V016443,U00752,S0564,500.0,2025-03-16,64.0
V016444,U01848,S0130,500.0,2024-01-21,61.0
V016445,U01775,S0661,500.0,2025-01-05,69.0
V016446,U01068,S0453,120.0,2024-06-04,71.0
V016447,U00361,S0814,130.0,2025-07-02,33.0
V016448,U00405,S0772,500.0,2024-09-21,60.0
V016449,U01610,S0422,500.0,2024-10-07,56.0
V016450,U01614,S0910,500.0,2024-05-17,59.0
V016451,U00248,S0832,81.0,2024-09-22,11.0
V016452,U00444,S0852,500.0,2024-08-22,96.0
V016453,U00260,S0545,219.0,2024-07-12,93.0
V016454,U01313,S0359,500.0,2025-03-05,62.0
V016455,U01386,S0504,134.0,2024-06-29,58.0
V016456,U00989,S0586,95.0,2025-05-13,37.0
V016457,U01909,S0577,174.0,2024-08-12,46.0
V016458,U01762,S0448,500.0,2024-05-24,74.0
V016459,U00970,S0386,500.0,2024-03-22,49.0
V016460,U01954,S0051,500.0,2024-06-03,67.0
V016461,U01493,S0995,185.0,2024-11-15,77.0
V016462,U01604,S0415,166.0,2024-05-17,44.0
V016463,U01018,S0134,500.0,2024-11-07,47.0
V016464,U01244,S0513,129.0,2025-03-03,84.0
V016465,U01810,S0871,500.0,2025-01-01,34.0
V016466,U00093,S0436,134.0,2025-02-16,83.0
V016467,U01983,S0147,500.0,2024-02-08,98.0
V016468,U00097,S0142,74.0,2024-08-20,100.0
V016469,U01934,S0986,136.0,2024-02-21,27.0
V016470,U00552,S0533,500.0,2025-02-24,100.0
V016471,U00178,S0597,216.0,2024-11-17,31.0
V016472,U00805,S0012,500.0,2025-02-19,59.0
V016473,U00893,S0611,14.0,2024-11-15,68.0
V016474,U00600,S0025,219.0,2024-03-03,50.0
V016475,U01066,S0270,97.0,2025-04-11,30.0
V016476,U01445,S0077,38.0,2024-03-14,27.0
V016477,U01430,S0912,500.0,2024-05-29,59.0
V016478,U00837,S0518,500.0,2024-07-26,42.0
V016479,U00760,S0804,55.0,2024-03-04,62.0
V016480,U00415,S0985,171.0,2025-02-15,25.0
V016481,U01780,S0206,500.0,2024-06-17,75.0
V016482,U01347,S0722,198.0,2025-08-04,71.0
V016483,U01605,S0005,500.0,2024-05-28,70.0
V016484,U00655,S0556,219.0,2024-11-30,43.0
V016485,U00021,S0317,500.0,2024-01-03,87.0
V016486,U01792,S0041,500.0,2024-04-03,58.0
V016487,U00098,S0840,500.0,2025-03-05,41.0
V016488,U01518,S0321,500.0,2025-01-05,55.0
V016489,U01157,S0069,128.0,2025-03-26,61.0
V016490,U01594,S0069,78.0,2024-08-26,66.0
V016491,U01286,S0377,219.0,2024-06-14,36.0
V016492,U00172,S0897,500.0,2024-05-01,71.0
V016493,U01798,S0985,500.0,2024-02-02,78.0
V016494,U00166,S0308,500.0,2024-07-23,50.0
V016495,U01390,S0797,214.0,2024-05-08,37.0
V016496,U01776,S0673,213.0,2025-03-19,51.0
V016497,U01372,S0034,500.0,2024-06-27,83.0
V016498,U01719,S0732,163.0,2025-01-29,26.0
V016499,U00710,S0243,160.0,2025-03-30,78.0
V016500,U00459,S0262,9.0,2024-11-19,69.0
V016501,U00291,S0663,83.0,2024-05-17,31.0
V016502,U00582,S0789,13.0,2025-05-15,80.0
V016503,U00115,S0894,500.0,2024-03-18,87.0
V016504,U00747,S0309,500.0,2025-03-28,10.0
V016505,U01144,S0434,219.0,2024-11-11,60.0
V016506,U00340,S0434,500.0,2024-08-07,29.0
V016507,U01498,S0704,500.0,2025-03-03,56.0
V016508,U01678,S0033,219.0,2025-05-23,60.0
V016509,U00777,S0030,194.0,2024-02-08,13.0
V016510,U00336,S0215,62.0,2025-09-04,18.0
V016511,U01646,S0428,42.0,2024-04-29,59.0
V016512,U01610,S0612,52.0,2024-09-21,60.0
V016513,U00724,S0867,500.0,2024-10-13,43.0
V016514,U00100,S0870,91.0,2024-11-11,20.0
V016515,U01554,S0245,5.0,2025-10-01,20.0
V016516,U01808,S0433,500.0,2024-07-02,95.0
V016517,U00129,S0960,138.0,2024-08-28,96.0
V016518,U01208,S0949,500.0,2024-05-17,34.0
V016519,U00233,S0523,500.0,2025-05-30,70.0
V016520,U00166,S0441,500.0,2024-04-18,40.0
V016521,U01708,S0987,215.0,2025-05-09,56.0
V016522,U00201,S0556,208.0,2024-12-06,43.0
V016523,U01057,S0852,500.0,2024-03-11,25.0
V016524,U00071,S0516,18.0,2024-05-12,55.0
V016525,U01984,S0619,500.0,2025-02-04,56.0
V016526,U01352,S0072,157.0,2025-10-01,68.0
V016527,U00297,S0624,500.0,2025-02-06,86.0
V016528,U00850,S0659,118.0,2025-05-30,14.0
V016529,U00737,S0599,24.0,2024-08-15,11.0
V016530,U01250,S0513,184.0,2024-01-14,37.0
V016531,U00430,S0824,500.0,2025-12-06,77.0
V016532,U00234,S0422,500.0,2024-10-05,30.0
V016533,U01411,S0185,56.0,2024-08-23,20.0
V016534,U00717,S0674,500.0,2024-08-11,78.0
V016535,U01550,S0837,53.0,2024-05-01,61.0
V016536,U01731,S0195,500.0,2025-03-04,99.0
V016537,U01232,S0596,219.0,2024-11-21,51.0
V016538,U00548,S0977,187.0,2024-03-14,43.0
V016539,U01447,S0166,219.0,2024-06-26,87.0
V016540,U00510,S0160,215.0,2025-05-04,99.0
V016541,U01510,S0703,93.0,2024-09-17,73.0
V016542,U01200,S0561,500.0,2025-02-20,64.0
V016543,U00208,S0975,500.0,2025-04-17,31.0
V016544,U00032,S0687,75.0,2025-05-15,88.0
V016545,U01342,S0781,105.0,2025-07-04,57.0
V016546,U00678,S0567,500.0,2025-03-16,24.0
V016547,U01670,S0442,31.0,2024-04-16,30.0
V016548,U01106,S0977,500.0,2024-03-07,45.0
V016549,U00745,S0569,500.0,2024-05-04,25.0
V016550,U00114,S0030,500.0,2025-03-11,83.0
V016551,U00739,S0888,500.0,2024-11-18,58.0
V016552,U01451,S0461,153.0,2024-08-23,13.0
V016553,U00014,S0702,500.0,2024-10-28,28.0
V016554,U01962,S0072,500.0,2024-05-02,57.0
V016555,U01047,S0168,66.0,2024-08-19,25.0
V016556,U01372,S0521,8.0,2024-08-01,97.0
V016557,U01171,S0885,500.0,2025-11-06,22.0
V016558,U01733,S0485,500.0,2024-04-12,62.0
V016559,U01242,S0362,186.0,2024-02-05,36.0
V016560,U00639,S0991,28.0,2024-10-25,40.0
V016561,U01425,S0429,218.0,2024-06-10,47.0
V016562,U01082,S0320,500.0,2024-11-15,37.0
V016563,U01848,S0974,35.0,2025-06-12,21.0
V016564,U01407,S0030,164.0,2025-05-17,68.0
V016565,U00637,S0796,500.0,2024-10-03,79.0
V016566,U01440,S0167,500.0,2025-05-23,93.0
V016567,U01383,S0216,500.0,2024-02-05,10.0
V016568,U01379,S0453,183.0,2025-05-25,32.0
V016569,U00551,S0445,25.0,2024-02-20,17.0
V016570,U00994,S0818,134.0,2024-01-31,44.0
V016571,U00991,S0692,500.0,2024-11-13,98.0
V016572,U01358,S0143,135.0,2024-06-16,49.0
V016573,U00976,S0615,500.0,2024-03-27,16.0
V016574,U00284,S0912,195.0,2025-07-06,55.0
V016575,U00424,S0230,500.0,2024-05-23,34.0
V016576,U00632,S0936,500.0,2025-04-05,65.0
V016577,U00488,S0227,500.0,2024-01-06,70.0
V016578,U01917,S0460,120.0,2025-06-24,63.0
V016579,U01497,S0275,135.0,2025-05-16,86.0
V016580,U01682,S0619,170.0,2025-05-27,23.0
V016581,U00657,S0240,56.0,2024-04-20,20.0
V016582,U00730,S0910,500.0,2025-02-26,51.0
V016583,U00205,S0169,500.0,2024-09-03,57.0
V016584,U00812,S0969,500.0,2024-10-27,22.0
V016585,U00786,S0136,39.0,2024-01-16,55.0
V016586,U00236,S0200,96.0,2025-05-24,34.0
V016587,U01422,S0583,500.0,2024-03-01,32.0
V016588,U00550,S0010,500.0,2024-02-26,12.0
V016589,U01818,S0752,500.0,2024-01-31,86.0
V016590,U00482,S0699,500.0,2024-07-20,84.0
V016591,U01594,S0316,105.0,2024-02-07,44.0
V016592,U01682,S0067,178.0,2024-11-18,99.0
V016593,U01942,S0443,93.0,2024-10-07,65.0
V016594,U01175,S0420,500.0,2024-04-09,61.0
V016595,U01724,S0510,82.0,2024-01-31,80.0
V016596,U00660,S0447,140.0,2025-05-31,89.0
V016597,U00685,S0562,124.0,2025-01-15,40.0
V016598,U01790,S0097,29.0,2024-03-21,98.0
V016599,U00514,S0461,18.0,2024-05-14,79.0
V016600,U01262,S0989,500.0,2024-10-03,49.0
V016601,U01811,S0813,219.0,2024-06-13,38.0
V016602,U00466,S0314,156.0,2024-07-17,70.0
V016603,U00447,S0926,214.0,2024-01-08,25.0
V016604,U01461,S0187,500.0,2025-03-21,49.0
V016605,U00270,S0202,63.0,2024-01-28,33.0
V016606,U00837,S0172,154.0,2025-01-23,56.0
V016607,U01265,S0560,500.0,2025-03-26,60.0
V016608,U00337,S0424,111.0,2024-01-10,88.0
V016609,U01528,S0741,500.0,2025-01-14,28.0
V016610,U00352,S0474,114.0,2024-12-28,71.0
V016611,U00167,S0474,124.0,2024-12-27,62.0
V016612,U01199,S0200,500.0,2024-09-17,17.0
V016613,U01704,S0001,500.0,2024-09-05,34.0
V016614,U00019,S0364,10.0,2024-09-14,78.0
V016615,U00634,S0858,184.0,2024-09-24,56.0
V016616,U01366,S0501,500.0,2024-10-25,48.0
V016617,U00497,S0759,500.0,2024-01-20,99.0
V016618,U01135,S0846,44.0,2025-02-03,21.0
V016619,U01309,S0745,203.0,2024-10-28,43.0
V016620,U01790,S0816,500.0,2024-07-23,14.0
V016621,U00664,S0742,500.0,2025-04-29,100.0
V016622,U00247,S0255,163.0,2025-06-01,72.0
V016623,U00917,S0729,107.0,2024-02-29,82.0
V016624,U01063,S0793,160.0,2024-04-22,11.0
V016625,U01643,S0309,152.0,2024-12-22,89.0
V016626,U01691,S0940,102.0,2024-07-28,14.0
V016627,U00454,S0532,500.0,2024-11-04,16.0
V016628,U01492,S0101,188.0,2025-02-27,95.0
V016629,U01486,S0580,500.0,2025-01-06,21.0
V016630,U01053,S0909,125.0,2024-05-11,15.0
V016631,U01145,S0288,500.0,2024-03-07,81.0
V016632,U01750,S0401,42.0,2024-04-30,14.0
V016633,U01435,S0593,500.0,2024-11-23,14.0
V016634,U01781,S0990,59.0,2024-05-25,50.0
V016635,U01113,S0032,107.0,2025-05-06,65.0
V016636,U00877,S0765,116.0,2025-03-26,69.0
V016637,U01766,S0176,500.0,2024-05-12,77.0
V016638,U01365,S0520,219.0,2024-09-04,29.0
V016639,U00372,S0745,176.0,2024-12-26,40.0
V016640,U01517,S0734,106.0,2024-03-05,85.0
V016641,U01283,S0291,500.0,2025-02-05,31.0
V016642,U00249,S0519,500.0,2024-01-26,33.0
V016643,U01217,S0733,134.0,2024-07-13,65.0
V016644,U01418,S0158,500.0,2024-02-06,91.0
V016645,U00521,S0231,500.0,2024-06-02,10.0
V016646,U01770,S0428,53.0,2024-07-14,76.0
V016647,U01255,S0061,219.0,2024-06-21,68.0
V016648,U00392,S0073,500.0,2024-07-27,13.0
V016649,U01997,S0441,151.0,2025-08-05,97.0
V016650,U01114,S0276,22.0,2025-04-07,68.0
V016651,U01333,S0322,75.0,2025-03-19,90.0
V016652,U00753,S0137,500.0,2024-12-09,84.0
V016653,U00412,S0244,500.0,2024-08-30,76.0
V016654,U01247,S0547,194.0,2024-09-16,73.0
V016655,U00025,S0539,150.0,2024-03-10,65.0
V016656,U01944,S0659,199.0,2024-08-31,41.0
V016657,U00014,S0268,211.0,2024-03-31,56.0
V016658,U00686,S0422,148.0,2025-05-02,13.0
V016659,U00761,S0477,500.0,2024-07-08,20.0
V016660,U01325,S0029,68.0,2024-11-02,49.0
V016661,U01821,S0100,55.0,2025-05-22,64.0
V016662,U01511,S0412,96.0,2024-03-09,23.0
V016663,U00944,S0847,500.0,2024-05-16,95.0
V016664,U00664,S0396,208.0,2024-04-23,22.0
V016665,U01265,S0016,500.0,2024-12-08,91.0
V016666,U01169,S0486,500.0,2024-02-04,39.0
V016667,U00076,S0315,500.0,2025-01-26,35.0
V016668,U00633,S0188,39.0,2025-02-06,42.0
V016669,U00462,S0875,500.0,2025-01-16,19.0
V016670,U01731,S0906,16.0,2024-07-13,58.0
V016671,U00891,S0994,82.0,2025-10-01,87.0
V016672,U00385,S0449,500.0,2025-01-08,97.0
V016673,U00991,S0036,500.0,2024-01-21,49.0
V016674,U00126,S0134,147.0,2024-01-27,75.0
V016675,U00076,S0150,500.0,2024-03-01,82.0
V016676,U00602,S0176,500.0,2025-05-01,57.0
V016677,U01384,S0740,500.0,2024-02-22,86.0
V016678,U01233,S0549,500.0,2024-01-27,83.0
V016679,U01994,S0877,109.0,2025-04-04,29.0
V016680,U00849,S0027,193.0,2024-03-06,37.0
V016681,U01145,S0285,184.0,2025-03-07,83.0
V016682,U00595,S0843,148.0,2024-12-20,56.0
V016683,U00254,S0548,143.0,2024-04-05,65.0
V016684,U01192,S0220,500.0,2024-05-29,84.0
V016685,U00647,S0682,500.0,2024-07-02,63.0
V016686,U00269,S0158,155.0,2024-03-08,49.0
V016687,U01055,S0063,500.0,2024-01-07,80.0
V016688,U00923,S0684,500.0,2024-06-24,63.0
V016689,U01240,S0563,500.0,2025-06-05,99.0
V016690,U00046,S0364,500.0,2024-09-21,77.0
V016691,U01858,S0068,50.0,2024-02-06,13.0
V016692,U00629,S0738,185.0,2025-01-16,53.0
V016693,U01337,S0887,87.0,2024-07-21,42.0
V016694,U01324,S0522,500.0,2024-06-26,26.0
V016695,U01834,S0379,500.0,2024-10-19,35.0
V016696,U01938,S0960,217.0,2024-06-10,22.0
V016697,U01007,S0558,198.0,2024-06-09,43.0
V016698,U00457,S0175,500.0,2024-07-09,75.0
V016699,U00932,S0249,54.0,2024-12-04,44.0
V016700,U01459,S0651,201.0,2025-03-07,89.0
V016701,U00344,S0975,40.0,2025-05-21,70.0
V016702,U01844,S0312,215.0,2024-04-13,32.0
V016703,U00504,S0969,8.0,2024-09-03,48.0
V016704,U01328,S0198,500.0,2024-06-22,23.0
V016705,U01627,S0952,192.0,2024-03-10,28.0
V016706,U01922,S0816,500.0,2025-03-13,20.0
V016707,U01596,S0757,500.0,2024-07-22,73.0
V016708,U01362,S0145,106.0,2024-08-02,84.0
V016709,U00689,S0609,154.0,2024-09-08,50.0
V016710,U00645,S0872,500.0,2025-11-03,17.0
V016711,U00308,S0478,187.0,2024-07-01,74.0
V016712,U01824,S0064,174.0,2024-08-03,99.0
V016713,U01230,S0605,500.0,2024-01-17,13.0
V016714,U01274,S0732,500.0,2024-02-13,76.0
V016715,U00478,S0212,500.0,2025-02-18,90.0
V016716,U00655,S0284,500.0,2024-04-27,67.0
V016717,U01002,S0472,153.0,2025-04-02,74.0
V016718,U00804,S0329,79.0,2024-07-08,54.0
V016719,U01496,S0531,219.0,2024-10-19,99.0
V016720,U00928,S0362,175.0,2024-10-18,56.0
V016721,U01219,S0047,169.0,2024-03-16,92.0
V016722,U01862,S0060,150.0,2025-04-28,18.0
V016723,U01043,S0696,500.0,2025-10-06,10.0
V016724,U01855,S0819,500.0,2025-02-24,28.0
V016725,U01678,S0665,500.0,2024-01-14,53.0
V016726,U01159,S0809,71.0,2024-06-08,45.0
V016727,U00667,S0208,44.0,2024-01-24,78.0
V016728,U00816,S0156,500.0,2024-02-23,43.0
V016729,U00380,S0601,145.0,2025-01-06,56.0
V016730,U00050,S0523,500.0,2025-02-25,91.0
V016731,U00629,S0741,22.0,2024-01-03,66.0
V016732,U00466,S0774,7.0,2024-12-10,62.0
V016733,U01882,S0203,165.0,2025-04-22,31.0
V016734,U00162,S0961,500.0,2024-02-15,61.0
V016735,U01389,S0377,204.0,2024-06-12,76.0
V016736,U01438,S0639,500.0,2024-07-22,82.0
V016737,U00347,S0060,218.0,2025-05-26,60.0
V016738,U01681,S0329,500.0,2024-12-29,41.0
V016739,U01432,S0803,500.0,2024-06-20,23.0
V016740,U00796,S0204,198.0,2024-04-12,20.0
V016741,U01023,S0700,500.0,2025-04-13,17.0
V016742,U01953,S0779,43.0,2024-10-16,88.0
V016743,U00845,S0444,500.0,2024-01-13,85.0
V016744,U00335,S0785,500.0,2024-10-14,68.0
V016745,U00386,S0978,500.0,2025-06-13,40.0
V016746,U00808,S0152,115.0,2024-07-14,23.0
V016747,U00430,S0813,500.0,2025-01-08,12.0
V016748,U00036,S0759,500.0,2025-01-22,68.0
V016749,U01199,S0879,183.0,2025-02-27,23.0
V016750,U01373,S0779,500.0,2025-01-31,17.0
V016751,U00838,S0229,117.0,2024-10-04,57.0
V016752,U00529,S0358,500.0,2025-04-27,24.0
V016753,U01165,S0368,500.0,2025-02-27,56.0
V016754,U01247,S0755,72.0,2024-05-31,80.0
V016755,U01388,S0889,500.0,2024-05-11,14.0
V016756,U01884,S0426,500.0,2025-04-22,73.0
V016757,U01393,S0895,67.0,2025-06-24,73.0
V016758,U00119,S0166,200.0,2024-08-23,17.0
V016759,U01173,S0821,500.0,2024-04-16,72.0
V016760,U01407,S0851,500.0,2024-01-28,50.0
V016761,U00460,S0292,171.0,2024-11-05,74.0
V016762,U01091,S0364,77.0,2025-12-03,60.0
V016763,U00298,S0917,208.0,2024-07-27,56.0
V016764,U00671,S0490,500.0,2024-08-28,10.0
V016765,U01158,S0899,7.0,2025-06-01,37.0
V016766,U01144,S0013,500.0,2024-10-13,86.0
V016767,U01579,S0789,180.0,2024-10-08,74.0
V016768,U01052,S0936,38.0,2024-11-03,11.0
V016769,U00554,S0986,88.0,2024-01-11,24.0
V016770,U00933,S0598,500.0,2024-10-26,34.0
V016771,U00803,S0377,500.0,2024-05-05,72.0
V016772,U00645,S0327,29.0,2024-12-08,81.0
V016773,U01790,S0438,500.0,2024-11-09,74.0
V016774,U00030,S0380,145.0,2024-06-09,34.0
V016775,U01420,S0346,500.0,2024-10-03,35.0
V016776,U00008,S0387,219.0,2025-01-24,10.0
V016777,U00331,S0208,113.0,2025-05-31,26.0
V016778,U01774,S0791,500.0,2024-01-25,41.0
V016779,U00959,S0522,208.0,2024-05-26,23.0
V016780,U01444,S0163,500.0,2025-01-06,21.0
V016781,U01810,S0202,500.0,2024-06-29,40.0
V016782,U00654,S0895,88.0,2025-02-18,85.0
V016783,U00634,S0798,500.0,2025-09-04,44.0
V016784,U01668,S0145,135.0,2025-02-13,58.0
V016785,U01639,S0638,500.0,2024-12-07,23.0
V016786,U00315,S0492,71.0,2024-01-25,12.0
V016787,U01621,S0413,153.0,2024-10-03,27.0
V016788,U01176,S0150,77.0,2024-11-02,38.0
V016789,U01781,S0523,91.0,2024-09-14,13.0
V016790,U00067,S0115,500.0,2024-12-01,68.0
V016791,U00220,S0470,219.0,2024-05-23,38.0
V016792,U01445,S0052,500.0,2025-04-05,17.0
V016793,U00658,S0906,500.0,2025-12-04,49.0
V016794,U00553,S0280,213.0,2024-09-13,82.0
V016795,U01169,S0132,81.0,2024-07-23,71.0
V016796,U01320,S0185,35.0,2024-01-13,12.0
V016797,U00867,S0826,500.0,2025-03-18,65.0
V016798,U01007,S0323,105.0,2024-09-05,45.0
V016799,U00252,S0063,500.0,2024-09-29,17.0
V016800,U01779,S0468,500.0,2025-02-04,67.0
V016801,U00082,S0164,74.0,2024-01-11,54.0
V016802,U01301,S0405,500.0,2024-01-04,58.0
V016803,U01766,S0849,100.0,2025-01-29,77.0
V016804,U01017,S0208,500.0,2024-03-07,53.0
V016805,U00570,S0792,37.0,2024-05-14,39.0
V016806,U01639,S0225,181.0,2024-10-25,97.0
V016807,U01723,S0548,149.0,2024-06-16,26.0
V016808,U01768,S0245,500.0,2024-08-01,56.0
V016809,U01546,S0993,500.0,2025-02-12,20.0
V016810,U00424,S0009,123.0,2024-03-31,54.0
V016811,U01855,S0424,500.0,2024-08-11,17.0
V016812,U01364,S0017,500.0,2024-04-20,60.0
V016813,U01507,S0578,55.0,2024-09-12,13.0
V016814,U00813,S0047,211.0,2025-03-22,94.0
V016815,U01951,S0162,151.0,2024-12-17,73.0
V016816,U00475,S0130,55.0,2025-02-08,53.0
V016817,U01532,S0724,500.0,2024-08-21,33.0
V016818,U00199,S0947,93.0,2024-11-05,40.0
V016819,U01288,S0677,500.0,2024-01-13,49.0
V016820,U01305,S0803,500.0,2025-01-17,95.0
V016821,U01209,S0803,500.0,2024-01-06,72.0
V016822,U01466,S0019,202.0,2025-04-10,87.0
V016823,U01586,S0427,190.0,2025-06-04,55.0
V016824,U00223,S0970,206.0,2024-06-26,82.0
V016825,U00520,S0693,500.0,2025-05-10,60.0
V016826,U00581,S0742,500.0,2025-07-05,60.0
V016827,U01305,S0258,219.0,2024-08-30,11.0
V016828,U00821,S0316,39.0,2025-08-05,99.0
V016829,U01695,S0921,153.0,2025-03-24,61.0
V016830,U00402,S0789,132.0,2024-08-31,56.0
V016831,U00765,S0145,124.0,2024-11-01,84.0
V016832,U01598,S0302,500.0,2024-07-20,35.0
V016833,U00560,S0223,105.0,2024-04-08,16.0
V016834,U01573,S0152,162.0,2024-04-07,82.0
V016835,U01541,S0326,112.0,2024-08-29,96.0
V016836,U00214,S0803,500.0,2024-11-22,51.0
V016837,U01387,S0734,500.0,2025-05-27,84.0
V016838,U00193,S0043,500.0,2024-06-21,88.0
V016839,U01129,S0143,188.0,2024-02-02,69.0
V016840,U00836,S0546,38.0,2024-10-16,62.0
V016841,U01415,S0160,500.0,2024-02-21,57.0
V016842,U01300,S0052,500.0,2024-03-10,56.0
V016843,U01570,S0319,500.0,2024-08-09,47.0
V016844,U00227,S0241,27.0,2024-09-28,25.0
V016845,U00954,S0757,94.0,2024-11-12,94.0
V016846,U01561,S0049,38.0,2024-02-19,11.0
V016847,U00717,S0058,500.0,2025-04-09,19.0
V016848,U00245,S0883,500.0,2024-08-11,89.0
V016849,U01051,S0986,198.0,2024-11-25,10.0
V016850,U01796,S0998,500.0,2024-04-20,96.0
V016851,U01927,S0722,500.0,2025-05-05,81.0
V016852,U01825,S0618,500.0,2024-02-06,94.0
V016853,U01353,S0904,500.0,2025-01-29,33.0
V016854,U01338,S0854,500.0,2025-02-05,24.0
V016855,U01725,S0158,500.0,2024-03-10,44.0
V016856,U01739,S0615,131.0,2024-05-11,58.0
V016857,U00907,S0063,500.0,2024-12-02,43.0
V016858,U00410,S0893,59.0,2024-08-03,83.0
V016859,U01269,S0967,500.0,2024-01-01,94.0
V016860,U01367,S0819,106.0,2024-01-21,59.0
V016861,U01684,S0320,500.0,2024-02-04,23.0
V016862,U01990,S0207,500.0,2024-02-23,96.0
V016863,U01360,S0592,500.0,2024-01-22,77.0
V016864,U00090,S0458,500.0,2025-12-03,67.0
V016865,U01373,S0451,500.0,2025-02-24,76.0
V016866,U01261,S0020,136.0,2024-08-18,22.0
V016867,U00834,S0826,500.0,2024-08-24,58.0
V016868,U01147,S0289,53.0,2025-02-04,30.0
V016869,U00347,S0883,500.0,2024-05-07,40.0
V016870,U01534,S0209,500.0,2024-12-06,71.0
V016871,U01313,S0473,500.0,2024-06-05,50.0
V016872,U01226,S0095,500.0,2024-07-19,12.0
V016873,U01849,S0056,71.0,2024-04-20,91.0
V016874,U01425,S0017,500.0,2025-06-12,65.0
V016875,U00049,S1000,500.0,2025-06-15,79.0
V016876,U00695,S0082,500.0,2024-02-02,76.0
V016877,U01020,S0757,500.0,2024-07-09,61.0
V016878,U01321,S0925,500.0,2024-08-06,80.0
V016879,U00991,S0770,69.0,2024-09-14,52.0
V016880,U00653,S0439,33.0,2025-07-04,18.0
V016881,U00593,S0537,86.0,2025-01-29,36.0
V016882,U01318,S0308,500.0,2024-05-18,88.0
V016883,U01539,S0500,128.0,2024-06-30,75.0
V016884,U00556,S0415,91.0,2025-04-22,49.0
V016885,U01318,S0462,109.0,2024-10-29,73.0
V016886,U01877,S0728,196.0,2025-04-30,66.0
V016887,U01701,S0068,214.0,2024-12-18,45.0
V016888,U01783,S0255,500.0,2024-05-04,45.0
V016889,U00752,S0499,106.0,2024-03-13,82.0
V016890,U01184,S0961,500.0,2024-03-12,49.0
V016891,U00525,S0101,202.0,2024-08-31,61.0
V016892,U00041,S0706,32.0,2024-10-04,48.0
V016893,U00913,S0821,69.0,2024-03-05,38.0
V016894,U01407,S0268,140.0,2024-06-21,99.0
V016895,U00985,S0913,500.0,2024-04-11,100.0
V016896,U01757,S0116,500.0,2024-01-27,53.0
V016897,U00665,S0236,500.0,2024-06-20,97.0
V016898,U01754,S0652,74.0,2024-10-13,73.0
V016899,U01437,S0887,156.0,2024-05-21,90.0
V016900,U01872,S0237,14.0,2024-09-09,35.0
V016901,U01423,S0018,22.0,2025-01-21,72.0
V016902,U00699,S0220,177.0,2024-07-17,65.0
V016903,U01235,S0089,500.0,2025-05-23,17.0
V016904,U00627,S0783,500.0,2024-02-23,75.0
V016905,U01418,S0494,500.0,2024-09-12,41.0
V016906,U01778,S0832,500.0,2025-03-24,31.0
V016907,U01174,S0461,75.0,2024-06-15,13.0
V016908,U01516,S0392,219.0,2024-07-10,48.0
V016909,U00179,S0268,500.0,2024-01-25,51.0
V016910,U01975,S0075,97.0,2024-05-23,90.0
V016911,U00867,S0391,210.0,2024-03-01,58.0
V016912,U00537,S0413,500.0,2025-04-04,15.0
V016913,U01563,S0999,500.0,2025-01-03,65.0
V016914,U01687,S0966,219.0,2025-05-01,18.0
V016915,U00624,S0973,101.0,2025-06-24,57.0
V016916,U00977,S0668,500.0,2025-04-11,81.0
V016917,U00345,S0563,500.0,2025-02-12,44.0
V016918,U01025,S0694,500.0,2024-10-09,62.0
V016919,U01334,S0091,196.0,2024-06-14,56.0
V016920,U00591,S0143,38.0,2025-07-05,50.0
V016921,U01296,S0979,46.0,2024-08-06,99.0
V016922,U00080,S0917,70.0,2024-01-15,24.0
V016923,U01455,S0918,195.0,2025-01-15,95.0
V016924,U01338,S0762,500.0,2024-04-06,94.0
V016925,U01561,S0073,37.0,2024-04-03,68.0
V016926,U01465,S0672,29.0,2024-12-02,46.0
V016927,U00753,S0427,127.0,2024-01-20,50.0
V016928,U01018,S0261,15.0,2025-05-17,56.0
V016929,U01278,S0515,500.0,2025-05-31,98.0
V016930,U01511,S0531,500.0,2024-05-21,93.0
V016931,U00553,S0366,500.0,2025-05-10,16.0
V016932,U01221,S0002,160.0,2025-03-21,56.0
V016933,U00099,S0751,500.0,2025-06-01,82.0
V016934,U00506,S0441,98.0,2024-09-23,56.0
V016935,U00874,S0710,122.0,2024-01-04,48.0
V016936,U00025,S0049,203.0,2024-12-24,28.0
V016937,U01594,S0734,500.0,2024-12-30,30.0
V016938,U00445,S0403,75.0,2024-08-02,35.0
V016939,U00526,S0786,500.0,2024-06-27,39.0
V016940,U01304,S0747,500.0,2025-04-02,86.0
V016941,U00238,S0660,500.0,2024-10-03,95.0
V016942,U00359,S0330,119.0,2024-02-17,42.0
V016943,U00347,S0424,500.0,2024-08-16,28.0
V016944,U01476,S0222,174.0,2024-07-25,91.0
V016945,U01292,S0637,44.0,2025-02-01,61.0
V016946,U00602,S0888,500.0,2024-11-11,10.0
V016947,U01706,S0527,133.0,2024-03-03,94.0
V016948,U01998,S0491,219.0,2025-01-22,65.0
V016949,U00201,S0108,500.0,2025-06-05,71.0
V016950,U00788,S0882,500.0,2024-05-19,36.0
V016951,U00359,S0067,148.0,2024-12-09,37.0
V016952,U00447,S0136,108.0,2024-08-23,30.0
V016953,U00482,S0125,53.0,2024-04-11,40.0
V016954,U00921,S0511,145.0,2024-01-28,78.0
V016955,U00444,S0001,33.0,2024-10-08,53.0
V016956,U00259,S0824,500.0,2024-09-16,65.0
V016957,U01289,S0501,218.0,2025-02-19,97.0
V016958,U01002,S0115,190.0,2024-08-11,85.0
V016959,U01037,S0341,500.0,2024-05-18,50.0
V016960,U01865,S0366,500.0,2024-03-19,61.0
V016961,U01458,S0387,35.0,2024-12-27,66.0
V016962,U00947,S0915,500.0,2024-08-25,86.0
V016963,U01282,S0805,52.0,2024-07-26,36.0
V016964,U00931,S0163,500.0,2024-04-27,56.0
V016965,U01711,S0387,203.0,2024-11-02,27.0
V016966,U01613,S0541,500.0,2025-08-04,89.0
V016967,U00886,S0883,500.0,2024-06-16,56.0
V016968,U01414,S0499,500.0,2024-01-03,93.0
V016969,U00501,S0708,500.0,2024-03-31,18.0
V016970,U00964,S0176,500.0,2024-02-04,77.0
V016971,U01771,S0350,500.0,2024-08-12,47.0
V016972,U01963,S0626,136.0,2024-04-25,89.0
V016973,U00888,S0475,12.0,2025-07-01,49.0
V016974,U01089,S0430,165.0,2024-08-30,86.0
V016975,U01941,S0535,46.0,2024-09-10,95.0
V016976,U01085,S0197,54.0,2024-06-23,98.0
V016977,U01319,S0959,500.0,2025-03-05,98.0
V016978,U01128,S0435,80.0,2024-09-13,26.0
V016979,U00280,S0946,157.0,2024-10-23,39.0
V016980,U01942,S0113,500.0,2025-02-28,61.0
V016981,U01077,S0012,500.0,2025-06-01,70.0
V016982,U01033,S0308,122.0,2024-10-07,15.0
V016983,U00115,S0767,116.0,2025-03-19,79.0
V016984,U00687,S0416,76.0,2024-04-10,32.0
V016985,U00981,S0612,117.0,2024-07-09,29.0
V016986,U00613,S0562,500.0,2025-08-03,36.0
V016987,U00771,S0064,30.0,2025-08-05,39.0
V016988,U00373,S0216,500.0,2024-02-03,99.0
V016989,U00270,S0864,187.0,2025-11-06,10.0
V016990,U00486,S0783,500.0,2025-01-26,37.0
V016991,U01494,S0382,131.0,2024-12-06,32.0
V016992,U01520,S0754,185.0,2025-04-23,71.0
V016993,U00805,S0279,500.0,2024-01-27,81.0
V016994,U01352,S0976,174.0,2025-03-13,76.0
V016995,U01749,S0434,149.0,2025-06-20,26.0
V016996,U01697,S0858,95.0,2024-06-25,22.0
V016997,U01453,S0323,500.0,2024-05-22,30.0
V016998,U01687,S0302,500.0,2024-08-25,34.0
V016999,U01997,S0008,500.0,2024-05-19,51.0
V017000,U00670,S0648,204.0,2025-05-26,22.0
V017001,U01100,S0965,500.0,2025-03-21,37.0
V017002,U01355,S0995,47.0,2024-07-26,91.0
V017003,U00213,S0166,500.0,2024-09-13,100.0
V017004,U01067,S0496,500.0,2024-01-01,64.0
V017005,U00262,S0307,500.0,2024-02-05,26.0
V017006,U01938,S0628,52.0,2024-09-22,50.0
V017007,U00562,S0600,500.0,2024-07-28,86.0
V017008,U00966,S0317,128.0,2024-10-24,22.0
V017009,U01490,S0903,53.0,2024-05-05,37.0
V017010,U01497,S0543,219.0,2025-01-15,80.0
V017011,U00862,S0880,166.0,2025-05-13,91.0
V017012,U01780,S0131,17.0,2024-11-23,19.0
V017013,U01103,S0330,219.0,2024-12-08,59.0
V017014,U01060,S0741,191.0,2024-12-01,58.0
V017015,U01035,S0074,500.0,2024-07-30,51.0
V017016,U01026,S0006,500.0,2025-02-03,19.0
V017017,U00209,S0032,30.0,2024-12-08,81.0
V017018,U01266,S0974,17.0,2024-06-20,23.0
V017019,U00030,S0611,500.0,2024-06-03,90.0
V017020,U01351,S0850,56.0,2024-05-12,88.0
V017021,U01207,S0037,500.0,2024-02-11,22.0
V017022,U00851,S0236,219.0,2024-01-28,68.0
V017023,U00002,S0798,202.0,2024-05-22,80.0
V017024,U00279,S0764,15.0,2024-11-24,28.0
V017025,U01622,S0440,95.0,2024-02-24,54.0
V017026,U01092,S0574,207.0,2025-04-26,62.0
V017027,U00570,S0851,500.0,2024-06-21,70.0
V017028,U00711,S0907,500.0,2024-07-02,10.0
V017029,U00660,S0050,10.0,2025-01-17,76.0
V017030,U01277,S0678,500.0,2024-08-23,74.0
V017031,U01677,S0556,77.0,2025-06-02,18.0
V017032,U00903,S0862,110.0,2025-05-20,67.0
V017033,U00372,S0242,184.0,2024-06-09,22.0
V017034,U01548,S0875,143.0,2024-09-11,56.0
V017035,U00565,S0703,500.0,2025-03-15,70.0
V017036,U00922,S0448,500.0,2024-07-23,74.0
V017037,U00991,S0712,114.0,2025-02-04,92.0
V017038,U01449,S0935,500.0,2024-09-09,57.0
V017039,U00198,S0895,145.0,2025-05-16,92.0
V017040,U01653,S0319,155.0,2025-04-16,53.0
V017041,U00646,S0619,57.0,2024-06-16,48.0
V017042,U00334,S0375,51.0,2024-07-08,89.0
V017043,U01753,S0462,192.0,2024-12-30,29.0
V017044,U01158,S0977,38.0,2024-02-18,13.0
V017045,U01862,S0984,55.0,2024-01-06,13.0
V017046,U01018,S0135,104.0,2024-07-18,29.0
V017047,U01520,S0482,500.0,2024-03-25,73.0
V017048,U00397,S0644,96.0,2025-03-17,83.0
V017049,U00261,S0147,121.0,2024-11-24,100.0
V017050,U01413,S0501,500.0,2024-08-21,19.0
V017051,U01341,S0247,18.0,2025-04-06,59.0
V017052,U01535,S0304,500.0,2025-07-02,35.0
V017053,U01604,S0214,204.0,2025-09-06,55.0
V017054,U00199,S0036,144.0,2025-04-30,15.0
V017055,U01973,S0182,157.0,2024-08-20,87.0
V017056,U01642,S0512,500.0,2024-07-10,26.0
V017057,U01419,S0273,500.0,2024-01-09,98.0
V017058,U00495,S0948,184.0,2025-01-09,52.0
V017059,U01512,S0033,500.0,2024-04-21,16.0
V017060,U01487,S0609,198.0,2025-02-07,87.0
V017061,U00218,S0897,500.0,2024-02-15,72.0
V017062,U00255,S0554,500.0,2024-01-18,97.0
V017063,U00794,S0147,197.0,2024-10-23,40.0
V017064,U00941,S0207,500.0,2024-02-20,42.0
V017065,U01858,S0703,58.0,2024-02-18,21.0
V017066,U00568,S0497,500.0,2024-01-19,17.0
V017067,U00193,S0875,500.0,2025-04-02,51.0
V017068,U01569,S0477,500.0,2024-01-07,86.0
V017069,U01874,S0431,500.0,2025-08-04,84.0
V017070,U01605,S0419,72.0,2025-02-13,67.0
V017071,U00924,S0651,188.0,2024-06-10,47.0
V017072,U00417,S0315,21.0,2024-10-02,95.0
V017073,U00111,S0144,500.0,2024-04-09,72.0
V017074,U00666,S0287,79.0,2025-04-25,72.0
V017075,U01753,S0510,500.0,2024-08-01,50.0
V017076,U01556,S0927,500.0,2024-10-16,12.0
V017077,U01941,S0365,173.0,2024-06-08,22.0
V017078,U00150,S0858,28.0,2024-07-11,33.0
V017079,U01451,S0230,500.0,2024-03-24,62.0
V017080,U00996,S0015,500.0,2025-05-14,52.0
V017081,U00879,S0887,500.0,2024-11-04,26.0
V017082,U01957,S0282,17.0,2025-06-15,80.0
V017083,U00295,S0449,213.0,2024-08-04,56.0
V017084,U00502,S0351,117.0,2024-03-27,23.0
V017085,U00139,S0160,500.0,2025-03-24,43.0
V017086,U00616,S0347,219.0,2025-05-05,29.0
V017087,U00403,S0778,500.0,2025-03-14,49.0
V017088,U01788,S0905,131.0,2024-10-17,86.0
V017089,U01115,S0461,22.0,2024-03-01,19.0
V017090,U01201,S0416,500.0,2024-12-14,18.0
V017091,U01212,S0635,121.0,2025-04-04,36.0
V017092,U01502,S0649,500.0,2024-12-19,21.0
V017093,U00758,S0786,500.0,2024-04-14,79.0
V017094,U01251,S0379,500.0,2024-07-25,62.0
V017095,U01492,S0460,165.0,2025-05-31,82.0
V017096,U01158,S0430,500.0,2024-11-18,11.0
V017097,U01149,S0068,83.0,2024-12-22,17.0
V017098,U00206,S0186,11.0,2025-04-03,11.0
V017099,U01765,S0620,219.0,2024-08-05,78.0
V017100,U01924,S0883,44.0,2025-12-01,57.0
V017101,U00672,S0086,500.0,2024-06-15,13.0
V017102,U00136,S0252,119.0,2024-09-04,94.0
V017103,U00629,S0836,206.0,2024-08-07,93.0
V017104,U01283,S0754,86.0,2024-08-05,33.0
V017105,U00302,S0406,500.0,2024-07-23,63.0
V017106,U01664,S0494,125.0,2025-03-30,67.0
V017107,U00704,S0827,500.0,2024-05-19,32.0
V017108,U01242,S0077,18.0,2024-12-30,33.0
V017109,U00736,S0713,500.0,2024-08-30,88.0
V017110,U00024,S0059,111.0,2024-04-22,71.0
V017111,U01500,S0205,500.0,2024-11-27,86.0
V017112,U01628,S0114,500.0,2024-04-23,12.0
V017113,U01953,S0695,500.0,2024-05-28,69.0
V017114,U00835,S0129,500.0,2024-04-23,84.0
V017115,U01468,S0794,189.0,2024-09-05,68.0
V017116,U01374,S0442,500.0,2024-02-14,79.0
V017117,U01305,S0106,191.0,2024-09-08,75.0
V017118,U00494,S0235,500.0,2025-01-14,56.0
V017119,U01735,S0679,219.0,2024-06-09,44.0
V017120,U01159,S0351,500.0,2024-10-05,56.0
V017121,U00803,S0130,170.0,2025-12-04,73.0
V017122,U01840,S0830,500.0,2025-05-25,14.0
V017123,U01244,S0703,500.0,2025-02-27,99.0
V017124,U00862,S0491,22.0,2024-01-27,61.0
V017125,U00626,S0439,500.0,2024-08-22,76.0
V017126,U01113,S0044,184.0,2024-05-08,35.0
V017127,U00439,S0731,189.0,2025-05-21,27.0
V017128,U00005,S0392,500.0,2024-06-02,37.0
V017129,U00003,S0459,65.0,2024-11-23,12.0
V017130,U01840,S0156,500.0,2024-11-03,59.0
V017131,U01665,S0207,500.0,2024-06-20,64.0
V017132,U00467,S0924,68.0,2024-08-24,55.0
V017133,U01151,S0052,500.0,2024-09-12,93.0
V017134,U01078,S0718,219.0,2025-04-29,89.0
V017135,U00012,S0680,500.0,2025-04-14,56.0
V017136,U01299,S0492,200.0,2025-01-04,56.0
V017137,U00978,S0782,500.0,2025-01-15,57.0
V017138,U00245,S0232,500.0,2024-09-06,51.0
V017139,U00709,S0581,83.0,2025-04-15,90.0
V017140,U00384,S0015,500.0,2025-04-04,67.0
V017141,U00326,S0990,8.0,2024-05-04,50.0
V017142,U00769,S0170,70.0,2024-03-21,45.0
V017143,U01629,S0657,500.0,2024-02-26,56.0
V017144,U00856,S0467,500.0,2024-07-24,92.0
V017145,U00134,S0480,500.0,2025-01-27,69.0
V017146,U01064,S0334,500.0,2024-12-21,76.0
V017147,U00999,S0163,500.0,2024-03-23,68.0
V017148,U01527,S0753,500.0,2024-01-05,50.0
V017149,U00435,S0259,500.0,2024-07-02,18.0
V017150,U00826,S0991,500.0,2024-07-13,94.0
V017151,U01436,S0269,500.0,2024-05-10,76.0
V017152,U01027,S0112,157.0,2024-11-28,93.0
V017153,U01465,S0961,500.0,2025-05-01,72.0
V017154,U00312,S0101,500.0,2025-01-26,76.0
V017155,U00261,S0513,108.0,2024-04-20,43.0
V017156,U00492,S0607,500.0,2025-02-21,13.0
V017157,U01271,S0019,210.0,2024-10-26,97.0
V017158,U00621,S0646,500.0,2024-01-22,27.0
V017159,U01792,S0564,500.0,2024-06-11,20.0
V017160,U00297,S0732,32.0,2024-11-18,12.0
V017161,U01357,S0629,98.0,2024-11-28,93.0
V017162,U00622,S0691,500.0,2025-04-14,85.0
V017163,U01426,S0969,500.0,2025-09-01,17.0
V017164,U01194,S0005,188.0,2024-09-03,18.0
V017165,U00158,S0441,36.0,2024-01-03,74.0
V017166,U00267,S0023,500.0,2024-12-19,100.0
V017167,U01484,S0570,500.0,2024-02-04,26.0
V017168,U01521,S0956,500.0,2024-04-29,62.0
V017169,U01074,S0785,12.0,2025-05-01,96.0
V017170,U00768,S0229,89.0,2024-06-28,39.0
V017171,U00017,S0302,500.0,2024-12-11,78.0
V017172,U00582,S0642,500.0,2024-07-19,13.0
V017173,U00423,S0201,140.0,2024-01-20,84.0
V017174,U01107,S0390,61.0,2024-01-18,42.0
V017175,U01017,S0293,132.0,2024-03-05,76.0
V017176,U00045,S0989,500.0,2025-04-09,14.0
V017177,U00037,S0289,124.0,2024-06-02,15.0
V017178,U00032,S0812,500.0,2025-03-29,10.0
V017179,U01551,S0383,500.0,2024-01-29,83.0
V017180,U01149,S0637,500.0,2025-03-14,99.0
V017181,U01410,S0330,500.0,2024-10-18,63.0
V017182,U00145,S0075,500.0,2025-02-14,13.0
V017183,U00281,S0549,148.0,2025-06-01,42.0
V017184,U00372,S0517,500.0,2025-02-04,57.0
V017185,U00779,S0145,7.0,2025-01-17,28.0
V017186,U00268,S0952,500.0,2024-09-03,34.0
V017187,U01883,S0364,28.0,2024-08-28,46.0
V017188,U00241,S0204,500.0,2024-03-19,56.0
V017189,U00818,S0090,185.0,2024-09-26,14.0
V017190,U01520,S0636,500.0,2025-03-21,42.0
V017191,U01070,S0027,500.0,2024-08-03,56.0
V017192,U00549,S0406,500.0,2024-12-26,87.0
V017193,U00764,S0867,500.0,2024-07-19,52.0
V017194,U00058,S0935,30.0,2024-05-15,11.0
V017195,U01905,S0149,500.0,2024-09-29,65.0
V017196,U00286,S0724,500.0,2024-10-02,94.0
V017197,U01180,S0841,500.0,2024-09-05,29.0
V017198,U00536,S0457,500.0,2025-02-14,53.0
V017199,U01533,S0142,16.0,2025-06-16,32.0
V017200,U00768,S0135,161.0,2024-05-04,41.0
V017201,U00093,S0423,133.0,2024-10-30,17.0
V017202,U01536,S0982,500.0,2024-04-09,61.0
V017203,U01251,S0665,182.0,2025-05-28,17.0
V017204,U00170,S0818,500.0,2024-07-23,39.0
V017205,U01828,S0707,21.0,2024-01-15,53.0
V017206,U01500,S0809,500.0,2024-03-16,56.0
V017207,U00767,S0401,500.0,2025-06-05,43.0
V017208,U01994,S0630,61.0,2024-11-14,87.0
V017209,U00381,S0801,157.0,2024-06-11,36.0
V017210,U01914,S0292,134.0,2024-08-27,82.0
V017211,U00871,S0474,500.0,2024-05-05,92.0
V017212,U00370,S0101,219.0,2024-06-10,31.0
V017213,U00070,S0324,500.0,2024-07-17,74.0
V017214,U00068,S0262,500.0,2025-05-20,31.0
V017215,U00506,S0813,500.0,2024-01-09,14.0
V017216,U01365,S0660,219.0,2025-04-23,39.0
V017217,U01951,S0088,10.0,2025-02-03,39.0
V017218,U00092,S0318,30.0,2024-07-03,99.0
V017219,U00379,S0829,78.0,2025-01-13,66.0
V017220,U01151,S0867,500.0,2025-02-20,53.0
V017221,U01543,S0498,23.0,2024-07-21,69.0
V017222,U01022,S0473,500.0,2024-02-03,76.0
V017223,U00954,S0646,500.0,2024-02-18,58.0
V017224,U01676,S0509,157.0,2024-05-10,56.0
V017225,U00043,S0563,500.0,2024-08-27,98.0
V017226,U01459,S0085,46.0,2024-04-11,57.0
V017227,U01787,S0632,500.0,2024-04-08,12.0
V017228,U01544,S0320,90.0,2024-04-17,32.0
V017229,U01953,S0226,48.0,2024-04-12,22.0
V017230,U00205,S0464,500.0,2024-04-10,12.0
V017231,U01000,S0766,500.0,2025-04-23,80.0
V017232,U01296,S0709,500.0,2025-01-21,75.0
V017233,U00684,S0323,500.0,2024-09-20,77.0
V017234,U00930,S0050,500.0,2024-04-27,33.0
V017235,U00409,S0095,49.0,2024-03-11,76.0
V017236,U01009,S0844,187.0,2024-02-26,27.0
V017237,U01091,S0465,192.0,2024-03-02,45.0
V017238,U01023,S0590,500.0,2025-11-05,53.0
V017239,U01018,S0731,191.0,2025-05-15,37.0
V017240,U01345,S0786,500.0,2024-04-14,56.0
V017241,U01149,S0420,110.0,2024-11-25,64.0
V017242,U01312,S0267,82.0,2024-06-16,13.0
V017243,U01948,S0662,212.0,2024-12-30,45.0
V017244,U00377,S0698,179.0,2024-09-06,31.0
V017245,U00859,S0076,500.0,2024-10-11,20.0
V017246,U00435,S0520,500.0,2024-05-18,56.0
V017247,U01521,S0875,500.0,2024-11-23,95.0
V017248,U01938,S0791,500.0,2024-04-28,90.0
V017249,U01592,S0311,500.0,2024-08-29,11.0
V017250,U01619,S0479,500.0,2024-03-08,18.0
V017251,U00486,S0050,500.0,2024-05-30,56.0
V017252,U01181,S0895,500.0,2025-06-16,14.0
V017253,U00313,S0347,500.0,2025-04-10,59.0
V017254,U01848,S0937,40.0,2025-01-10,56.0
V017255,U01626,S0731,22.0,2024-06-03,31.0
V017256,U01735,S0957,220.0,2024-04-02,73.0
V017257,U01615,S0195,500.0,2024-09-20,36.0
V017258,U00552,S0861,13.0,2024-07-03,93.0
V017259,U00315,S0509,114.0,2024-03-25,92.0
V017260,U00508,S0307,500.0,2024-07-07,71.0
V017261,U01356,S0140,219.0,2025-05-20,93.0
V017262,U01847,S0715,500.0,2024-03-31,44.0
V017263,U00003,S0245,500.0,2024-11-09,47.0
V017264,U00966,S0786,500.0,2024-12-30,17.0
V017265,U01949,S0078,219.0,2024-03-11,56.0
V017266,U01647,S0820,500.0,2025-08-02,84.0
V017267,U01274,S0822,128.0,2024-03-18,44.0
V017268,U00622,S0283,73.0,2024-03-09,84.0
V017269,U01782,S0614,500.0,2025-02-07,40.0
V017270,U00105,S0171,500.0,2024-04-17,63.0
V017271,U01741,S0626,500.0,2025-06-22,26.0
V017272,U01129,S0117,204.0,2024-10-14,97.0
V017273,U01225,S0768,500.0,2024-01-25,90.0
V017274,U00839,S0266,500.0,2024-06-11,80.0
V017275,U01742,S0931,500.0,2024-03-15,30.0
V017276,U01343,S0123,219.0,2024-06-01,90.0
V017277,U00403,S0489,500.0,2024-05-06,85.0
V017278,U01430,S0042,500.0,2024-07-08,36.0
V017279,U01215,S0540,77.0,2024-03-26,56.0
V017280,U01976,S0143,18.0,2025-05-26,52.0
V017281,U00730,S0855,500.0,2024-12-14,61.0
V017282,U01925,S0592,500.0,2024-09-24,52.0
V017283,U01770,S0198,24.0,2024-11-23,30.0
V017284,U00772,S0210,106.0,2024-09-06,11.0
V017285,U00150,S0925,59.0,2025-03-25,57.0
V017286,U00792,S0624,39.0,2025-04-22,98.0
V017287,U01450,S0919,500.0,2024-08-15,12.0
V017288,U01330,S0185,140.0,2025-11-06,90.0
V017289,U01103,S0085,500.0,2025-09-02,56.0
V017290,U00831,S0643,27.0,2024-04-23,29.0
V017291,U01383,S0269,500.0,2025-04-19,91.0
V017292,U00985,S0845,500.0,2024-04-13,100.0
V017293,U01570,S0051,179.0,2025-06-03,47.0
V017294,U00639,S0335,135.0,2025-01-13,35.0
V017295,U01353,S0785,108.0,2024-07-26,48.0
V017296,U01063,S0319,500.0,2025-05-28,93.0
V017297,U00307,S0767,30.0,2024-06-12,56.0
V017298,U01404,S0103,500.0,2024-09-10,33.0
V017299,U01262,S0905,65.0,2024-04-15,56.0
V017300,U01949,S0345,82.0,2024-09-21,56.0
V017301,U01911,S0503,500.0,2024-08-25,57.0
V017302,U00723,S0597,500.0,2024-01-15,23.0
V017303,U01487,S0497,500.0,2024-12-23,56.0
V017304,U01613,S0767,93.0,2025-06-17,95.0
V017305,U01619,S0392,42.0,2025-04-03,56.0
V017306,U01887,S0719,91.0,2024-12-18,32.0
V017307,U01177,S0146,500.0,2024-10-04,92.0
V017308,U00841,S0087,500.0,2024-06-07,21.0
V017309,U00850,S0097,500.0,2024-08-12,82.0
V017310,U01277,S0435,500.0,2025-03-18,98.0
V017311,U00436,S0330,190.0,2024-09-25,77.0
V017312,U00522,S0395,64.0,2025-03-02,27.0
V017313,U01632,S0903,500.0,2024-03-15,52.0
V017314,U00376,S0426,45.0,2025-05-13,20.0
V017315,U00578,S0520,500.0,2024-02-10,14.0
V017316,U01977,S0805,500.0,2025-06-05,59.0
V017317,U01358,S0788,55.0,2025-03-03,58.0
V017318,U00584,S0845,500.0,2025-01-13,47.0
V017319,U01035,S0021,219.0,2025-01-26,68.0
V017320,U01838,S0033,114.0,2024-07-10,43.0
V017321,U01249,S0951,180.0,2024-04-25,94.0
V017322,U01358,S0138,39.0,2025-01-16,31.0
V017323,U01509,S0149,500.0,2024-09-19,10.0
V017324,U01435,S0960,500.0,2024-12-28,58.0
V017325,U00446,S0875,14.0,2025-02-03,96.0
V017326,U01315,S0305,122.0,2025-05-24,45.0
V017327,U01900,S0453,163.0,2025-06-21,35.0
V017328,U01747,S0523,40.0,2024-04-04,82.0
V017329,U00518,S0015,500.0,2025-06-08,64.0
V017330,U01517,S0835,77.0,2025-12-03,42.0
V017331,U01383,S0457,500.0,2024-09-15,28.0
V017332,U01266,S0919,500.0,2024-01-08,74.0
V017333,U00731,S0165,500.0,2024-08-02,51.0
V017334,U00488,S0646,181.0,2024-06-20,37.0
V017335,U01387,S0343,95.0,2024-03-23,93.0
V017336,U01683,S0577,197.0,2024-04-01,30.0
V017337,U00074,S0625,112.0,2024-05-01,23.0
V017338,U01034,S0728,500.0,2025-03-14,67.0
V017339,U01218,S0582,33.0,2024-04-30,56.0
V017340,U00349,S0612,219.0,2024-10-03,19.0
V017341,U00452,S0867,154.0,2024-11-17,70.0
V017342,U00326,S0745,500.0,2024-08-16,18.0
V017343,U01075,S0577,213.0,2024-03-19,20.0
V017344,U00798,S0976,124.0,2024-05-23,13.0
V017345,U00925,S0125,39.0,2024-08-20,19.0
V017346,U00467,S0911,500.0,2024-04-26,85.0
V017347,U00629,S0684,500.0,2025-05-31,40.0
V017348,U00252,S0235,219.0,2025-04-18,81.0
V017349,U01839,S0322,500.0,2024-10-26,64.0
V017350,U01288,S0708,219.0,2025-03-04,22.0
V017351,U01098,S0378,193.0,2024-12-27,30.0
V017352,U00818,S0708,500.0,2025-11-04,45.0
V017353,U00711,S0144,125.0,2025-02-06,19.0
V017354,U01276,S0394,500.0,2024-06-27,43.0
V017355,U01890,S0586,500.0,2024-08-03,69.0
V017356,U01470,S0827,218.0,2024-03-23,33.0
V017357,U01511,S0245,500.0,2025-04-23,35.0
V017358,U01393,S0358,127.0,2024-01-11,67.0
V017359,U00022,S0966,500.0,2025-02-27,35.0
V017360,U00609,S0334,106.0,2025-03-18,70.0
V017361,U00286,S0384,103.0,2025-03-20,33.0
V017362,U01076,S0042,29.0,2024-10-15,42.0
V017363,U01618,S0137,109.0,2024-11-05,72.0
V017364,U00859,S0263,156.0,2024-11-01,51.0
V017365,U01154,S0238,500.0,2024-05-13,65.0
V017366,U00660,S0689,31.0,2025-02-22,34.0
V017367,U00469,S0699,32.0,2024-09-21,66.0
V017368,U00654,S0265,500.0,2025-10-06,81.0
V017369,U00979,S0291,199.0,2025-06-11,54.0
V017370,U00404,S0148,219.0,2024-08-18,52.0
V017371,U01990,S0888,500.0,2024-10-08,43.0
V017372,U00887,S0685,38.0,2024-10-24,67.0
V017373,U00507,S0751,500.0,2024-03-04,11.0
V017374,U01486,S0833,152.0,2025-05-04,36.0
V017375,U00946,S0373,500.0,2025-04-18,79.0
V017376,U00881,S0327,500.0,2025-03-27,52.0
V017377,U01240,S0567,500.0,2025-01-02,52.0
V017378,U01819,S0891,38.0,2024-07-22,11.0
V017379,U00240,S0036,98.0,2025-01-06,17.0
V017380,U00821,S0092,500.0,2025-06-17,60.0
V017381,U01694,S0442,95.0,2024-11-13,84.0
V017382,U01217,S0328,133.0,2025-08-05,81.0
V017383,U01461,S0307,95.0,2025-02-24,58.0
V017384,U00961,S0280,175.0,2025-01-05,33.0
V017385,U00796,S0859,150.0,2024-06-06,97.0
V017386,U00059,S0984,200.0,2025-01-26,16.0
V017387,U01527,S0944,177.0,2025-06-24,59.0
V017388,U01218,S0161,156.0,2024-03-02,17.0
V017389,U00906,S0421,500.0,2024-11-24,43.0
V017390,U00150,S0297,199.0,2024-05-31,15.0
V017391,U00932,S0941,500.0,2025-07-02,87.0
V017392,U01743,S0341,140.0,2024-06-04,10.0
V017393,U01884,S0692,500.0,2025-02-14,90.0
V017394,U00814,S0487,219.0,2024-06-27,20.0
V017395,U00998,S0523,500.0,2024-05-10,71.0
V017396,U00144,S0786,500.0,2024-12-16,84.0
V017397,U01859,S0868,500.0,2024-01-10,57.0
V017398,U00737,S0082,211.0,2025-05-23,47.0
V017399,U00442,S0680,500.0,2024-02-22,63.0
V017400,U01338,S0922,70.0,2024-12-05,85.0
V017401,U00737,S0287,500.0,2024-10-08,37.0
V017402,U00796,S0868,500.0,2025-01-31,31.0
V017403,U01541,S0539,219.0,2024-12-27,38.0
V017404,U00755,S0710,184.0,2024-08-16,20.0
V017405,U01550,S0428,500.0,2024-02-13,27.0
V017406,U01653,S0861,500.0,2025-12-06,49.0
V017407,U00403,S0599,217.0,2025-04-28,80.0
V017408,U00317,S0132,174.0,2024-06-16,44.0
V017409,U01232,S0196,62.0,2024-01-23,18.0
V017410,U00712,S0232,170.0,2024-12-10,86.0
V017411,U00625,S0389,500.0,2024-09-19,66.0
V017412,U00395,S0401,500.0,2024-12-11,18.0
V017413,U01697,S0457,86.0,2024-10-15,90.0
V017414,U00050,S0544,76.0,2025-01-15,18.0
V017415,U00890,S0987,500.0,2024-08-09,69.0
V017416,U01831,S0451,500.0,2024-08-17,50.0
V017417,U01698,S0349,67.0,2024-12-24,17.0
V017418,U01253,S0228,500.0,2025-05-01,27.0
V017419,U01421,S0810,500.0,2024-09-13,92.0
V017420,U00851,S0526,500.0,2024-08-28,68.0
V017421,U01416,S0829,500.0,2024-10-05,68.0
V017422,U00711,S0046,500.0,2024-08-29,71.0
V017423,U00460,S0398,500.0,2024-08-22,87.0
V017424,U01583,S0054,500.0,2024-12-09,76.0
V017425,U01736,S0205,61.0,2024-04-22,23.0
V017426,U01399,S0986,200.0,2024-05-24,31.0
V017427,U00665,S0926,500.0,2024-05-09,34.0
V017428,U00628,S0882,500.0,2024-04-08,50.0
V017429,U01298,S0841,56.0,2024-11-30,61.0
V017430,U00883,S0470,212.0,2024-03-03,91.0
V017431,U01224,S0268,500.0,2024-10-06,23.0
V017432,U01937,S0182,61.0,2025-01-28,19.0
V017433,U00519,S0359,95.0,2025-02-24,76.0
V017434,U01262,S0552,140.0,2025-03-30,28.0
V017435,U01951,S0106,500.0,2024-04-15,77.0
V017436,U01077,S0084,500.0,2024-05-15,63.0
V017437,U00975,S0995,500.0,2024-02-12,56.0
V017438,U00398,S0721,500.0,2024-02-10,94.0
V017439,U01829,S0526,54.0,2024-09-13,55.0
V017440,U01293,S0631,198.0,2024-07-20,18.0
V017441,U00151,S0533,203.0,2024-07-16,45.0
V017442,U00446,S0744,500.0,2025-03-19,91.0
V017443,U00062,S0718,210.0,2024-03-27,14.0
V017444,U00071,S0332,500.0,2024-12-09,15.0
V017445,U00612,S0882,23.0,2024-02-03,30.0
V017446,U01210,S0920,500.0,2025-09-06,99.0
V017447,U00105,S0870,48.0,2024-10-05,66.0
V017448,U01376,S0331,500.0,2024-07-27,56.0
V017449,U00149,S0258,500.0,2025-03-23,11.0
V017450,U00807,S0745,111.0,2024-02-16,86.0
V017451,U00428,S0313,88.0,2024-05-29,56.0
V017452,U00813,S0208,500.0,2025-01-15,56.0
V017453,U00889,S0059,500.0,2024-07-01,52.0
V017454,U01461,S0586,119.0,2024-10-06,91.0
V017455,U01434,S0695,500.0,2024-05-23,100.0
V017456,U01787,S0916,123.0,2025-05-18,76.0
V017457,U01507,S0859,500.0,2024-09-02,79.0
V017458,U00525,S0836,111.0,2025-05-05,98.0
V017459,U01425,S0209,500.0,2024-07-14,56.0
V017460,U01725,S0669,158.0,2024-06-09,12.0
V017461,U00013,S0007,500.0,2024-01-04,15.0
V017462,U01525,S0222,175.0,2025-03-09,67.0
V017463,U00156,S0901,500.0,2024-10-20,61.0
V017464,U00537,S0507,149.0,2024-04-11,14.0
V017465,U00345,S0010,219.0,2025-03-01,69.0
V017466,U00823,S0482,500.0,2024-11-04,60.0
V017467,U00650,S0689,190.0,2025-03-20,35.0
V017468,U00729,S0684,500.0,2025-05-24,46.0
V017469,U00226,S0453,500.0,2025-01-16,54.0
V017470,U00982,S0680,500.0,2025-05-14,55.0
V017471,U00187,S0153,67.0,2024-03-05,27.0
V017472,U01441,S0031,130.0,2024-09-03,47.0
V017473,U01938,S0396,500.0,2024-02-12,12.0
V017474,U00133,S0693,190.0,2025-05-06,47.0
V017475,U00974,S0980,60.0,2024-01-12,100.0
V017476,U01336,S0393,190.0,2025-04-15,36.0
V017477,U01875,S0799,200.0,2024-05-24,73.0
V017478,U01970,S0010,500.0,2024-01-29,43.0
V017479,U01333,S0954,500.0,2025-10-06,48.0
V017480,U00784,S0018,122.0,2024-01-20,37.0
V017481,U01298,S0198,500.0,2025-04-30,63.0
V017482,U01256,S0433,59.0,2024-01-06,13.0
V017483,U00426,S0497,9.0,2024-04-29,91.0
V017484,U00059,S0427,49.0,2024-10-31,88.0
V017485,U01135,S0177,201.0,2025-02-16,76.0
V017486,U01568,S0393,122.0,2025-03-17,79.0
V017487,U01766,S0477,500.0,2024-12-16,21.0
V017488,U00661,S0257,500.0,2024-10-23,91.0
V017489,U01391,S0934,40.0,2024-08-19,47.0
V017490,U01953,S0263,212.0,2024-08-29,55.0
V017491,U01646,S0241,500.0,2024-12-12,98.0
V017492,U01699,S0468,500.0,2024-11-12,36.0
V017493,U01763,S0973,200.0,2024-05-14,31.0
V017494,U00232,S0775,160.0,2025-06-14,51.0
V017495,U01538,S0843,500.0,2025-05-25,24.0
V017496,U01793,S0051,500.0,2025-02-19,76.0
V017497,U00498,S0583,9.0,2024-12-26,32.0
V017498,U00561,S0906,219.0,2025-04-01,60.0
V017499,U00970,S0245,158.0,2024-06-23,63.0
V017500,U01333,S0609,500.0,2024-08-31,87.0
V017501,U00522,S0845,500.0,2024-06-06,14.0
V017502,U00746,S0531,197.0,2024-01-29,50.0
V017503,U00717,S0446,500.0,2025-01-26,87.0
V017504,U00948,S0436,148.0,2025-06-20,56.0
V017505,U01625,S0516,9.0,2025-05-20,35.0
V017506,U00971,S0324,196.0,2024-04-21,52.0
V017507,U01101,S0831,500.0,2025-03-31,93.0
V017508,U00720,S0914,500.0,2024-01-12,34.0
V017509,U01880,S0984,500.0,2024-01-18,24.0
V017510,U00628,S0170,143.0,2025-06-01,88.0
V017511,U01373,S0817,32.0,2024-07-18,17.0
V017512,U00602,S0239,19.0,2025-03-21,86.0
V017513,U01755,S0451,500.0,2024-09-15,53.0
V017514,U00913,S0266,77.0,2025-08-04,88.0
V017515,U00227,S0737,500.0,2025-03-04,62.0
V017516,U00768,S0334,69.0,2024-07-18,29.0
V017517,U01927,S0214,219.0,2024-12-29,93.0
V017518,U00478,S0245,127.0,2025-03-26,15.0
V017519,U00649,S0374,500.0,2024-03-11,72.0
V017520,U01934,S0035,500.0,2025-02-20,59.0
V017521,U01327,S0727,500.0,2025-02-15,64.0
V017522,U00327,S0939,500.0,2024-03-08,74.0
V017523,U00129,S0907,500.0,2025-03-22,70.0
V017524,U01931,S0801,500.0,2024-11-08,55.0
V017525,U00227,S0909,500.0,2024-04-07,46.0
V017526,U00469,S0992,500.0,2024-06-15,88.0
V017527,U01381,S0841,500.0,2025-01-24,28.0
V017528,U01364,S0257,16.0,2024-12-27,83.0
V017529,U01175,S0352,500.0,2025-03-03,11.0
V017530,U01829,S0570,500.0,2024-12-04,71.0
V017531,U01989,S0363,500.0,2024-01-29,19.0
V017532,U01931,S0278,45.0,2024-07-05,37.0
V017533,U01223,S0998,219.0,2025-04-05,37.0
V017534,U01051,S0553,500.0,2025-05-28,32.0
V017535,U01763,S0266,24.0,2024-04-03,74.0
V017536,U00591,S0931,212.0,2024-09-14,87.0
V017537,U00974,S0884,23.0,2024-09-24,21.0
V017538,U00472,S0478,500.0,2024-07-14,35.0
V017539,U01180,S0358,500.0,2024-02-15,75.0
V017540,U00720,S0526,500.0,2025-02-20,50.0
V017541,U01177,S0959,79.0,2024-12-08,32.0
V017542,U00892,S0814,154.0,2024-02-14,33.0
V017543,U00235,S0848,45.0,2024-05-31,23.0
V017544,U00265,S0380,28.0,2024-07-23,20.0
V017545,U00916,S0027,500.0,2025-05-22,12.0
V017546,U01532,S0174,500.0,2024-05-06,21.0
V017547,U00185,S0779,500.0,2024-04-14,28.0
V017548,U00159,S0192,8.0,2025-05-25,76.0
V017549,U00561,S0869,115.0,2025-05-05,13.0
V017550,U00516,S0462,500.0,2024-12-14,56.0
V017551,U00191,S0875,500.0,2024-06-07,15.0
V017552,U01454,S0036,144.0,2025-11-04,38.0
V017553,U01520,S0029,52.0,2024-05-09,50.0
V017554,U00570,S0840,500.0,2024-09-17,19.0
V017555,U01768,S0462,60.0,2024-12-25,15.0
V017556,U01104,S0870,500.0,2024-02-16,18.0
V017557,U01369,S0527,101.0,2024-02-10,81.0
V017558,U01127,S0764,36.0,2024-07-30,56.0
V017559,U00508,S0781,34.0,2025-05-06,21.0
V017560,U00982,S0900,53.0,2024-03-25,85.0
V017561,U00661,S0006,157.0,2024-04-19,89.0
V017562,U01639,S0365,500.0,2024-10-25,28.0
V017563,U01237,S0899,219.0,2025-01-09,42.0
V017564,U01343,S0641,500.0,2024-07-04,10.0
V017565,U00374,S0244,500.0,2025-03-19,30.0
V017566,U01670,S0145,500.0,2025-01-13,99.0
V017567,U00150,S0413,84.0,2024-08-10,85.0
V017568,U00826,S0302,500.0,2024-01-06,39.0
V017569,U00183,S0361,112.0,2024-07-06,38.0
V017570,U01099,S0572,500.0,2024-10-23,17.0
V017571,U01837,S0284,141.0,2024-12-03,44.0
V017572,U00602,S0880,500.0,2025-03-22,100.0
V017573,U00409,S0518,111.0,2024-05-09,63.0
V017574,U01793,S0425,25.0,2024-11-04,59.0
V017575,U00493,S0022,206.0,2024-08-06,12.0
V017576,U01998,S0237,197.0,2024-12-02,56.0
V017577,U01762,S0761,14.0,2025-04-05,68.0
V017578,U01108,S0657,500.0,2024-02-27,40.0
V017579,U01468,S0062,500.0,2024-05-17,46.0
V017580,U00880,S0048,150.0,2024-10-24,65.0
V017581,U00576,S0862,31.0,2024-09-27,75.0
V017582,U00545,S0332,500.0,2024-11-04,66.0
V017583,U01028,S0190,500.0,2024-06-19,36.0
V017584,U00485,S0602,500.0,2024-05-31,95.0
V017585,U01649,S0967,155.0,2025-01-29,27.0
V017586,U00183,S0967,500.0,2024-12-03,51.0
V017587,U01758,S0194,500.0,2025-06-15,47.0
V017588,U01711,S0071,69.0,2025-09-05,40.0
V017589,U01429,S0819,150.0,2024-12-01,77.0
V017590,U00463,S0759,500.0,2024-04-04,92.0
V017591,U01357,S0424,500.0,2024-11-15,41.0
V017592,U00979,S0594,15.0,2024-03-19,50.0
V017593,U00264,S0223,149.0,2024-11-10,98.0
V017594,U01638,S0568,500.0,2025-03-21,79.0
V017595,U01529,S0244,82.0,2024-03-01,60.0
V017596,U01566,S0142,174.0,2024-04-14,83.0
V017597,U00574,S0450,215.0,2024-12-03,12.0
V017598,U01719,S0057,500.0,2024-10-31,38.0
V017599,U01041,S0983,500.0,2024-09-11,48.0
V017600,U01614,S0221,500.0,2024-05-06,39.0
V017601,U01682,S0788,500.0,2024-07-16,63.0
V017602,U01053,S0428,179.0,2025-05-28,16.0
V017603,U00508,S0315,181.0,2024-11-03,52.0
V017604,U01523,S0199,9.0,2024-10-21,42.0
V017605,U01554,S0135,500.0,2024-09-21,99.0
V017606,U01810,S0203,69.0,2025-04-22,69.0
V017607,U01380,S0595,500.0,2024-01-31,56.0
V017608,U01182,S0057,92.0,2024-02-25,41.0
V017609,U00804,S0364,161.0,2024-07-29,83.0
V017610,U00487,S0778,51.0,2024-05-07,45.0
V017611,U01750,S0049,500.0,2024-10-11,16.0
V017612,U00633,S0544,211.0,2025-02-25,23.0
V017613,U01155,S0926,91.0,2024-11-07,99.0
V017614,U00002,S0419,500.0,2024-07-09,89.0
V017615,U01903,S0177,500.0,2025-04-25,63.0
V017616,U01443,S0374,219.0,2025-08-04,91.0
V017617,U01893,S0619,219.0,2024-04-19,76.0
V017618,U00233,S0885,500.0,2024-09-02,61.0
V017619,U01532,S0903,500.0,2024-02-14,62.0
V017620,U00579,S0586,40.0,2024-04-06,93.0
V017621,U00753,S0410,16.0,2025-03-19,89.0
V017622,U00731,S0803,176.0,2025-04-29,60.0
V017623,U00726,S0973,500.0,2024-03-29,50.0
V017624,U01753,S0110,75.0,2024-01-30,45.0
V017625,U01613,S0861,135.0,2024-09-25,24.0
V017626,U01542,S0756,500.0,2024-06-16,24.0
V017627,U01223,S0172,146.0,2024-02-27,49.0
V017628,U01601,S0401,194.0,2024-07-23,73.0
V017629,U00266,S0187,161.0,2024-09-04,26.0
V017630,U00434,S0717,122.0,2025-05-19,35.0
V017631,U01021,S0028,500.0,2024-04-19,47.0
V017632,U00177,S0650,156.0,2024-05-22,35.0
V017633,U01094,S0861,500.0,2025-02-14,13.0
V017634,U00824,S0953,133.0,2024-01-07,94.0
V017635,U00318,S0117,73.0,2024-05-11,56.0
V017636,U01381,S0264,500.0,2024-09-11,31.0
V017637,U01273,S0556,500.0,2024-02-02,29.0
V017638,U00658,S0533,210.0,2024-11-11,15.0
V017639,U01932,S0988,500.0,2024-02-17,36.0
V017640,U01915,S0341,500.0,2025-11-04,98.0
V017641,U01546,S0262,500.0,2024-06-09,34.0
V017642,U01464,S0622,181.0,2024-04-20,75.0
V017643,U00109,S0680,500.0,2024-12-23,16.0
V017644,U00626,S0910,500.0,2025-05-28,34.0
V017645,U00701,S0968,130.0,2025-02-04,58.0
V017646,U00932,S0790,118.0,2025-12-05,24.0
V017647,U00419,S0024,135.0,2024-09-27,34.0
V017648,U01559,S0990,94.0,2024-02-04,61.0
V017649,U01058,S0580,189.0,2025-05-05,34.0
V017650,U00217,S0365,163.0,2025-06-03,28.0
V017651,U00510,S0505,194.0,2025-04-11,81.0
V017652,U00361,S0817,500.0,2024-11-06,20.0
V017653,U01210,S0974,24.0,2024-06-25,53.0
V017654,U01224,S0370,500.0,2024-02-02,14.0
V017655,U00465,S0345,219.0,2025-10-06,83.0
V017656,U01633,S0510,500.0,2024-11-05,46.0
V017657,U01137,S0407,500.0,2024-08-21,13.0
V017658,U01243,S0691,74.0,2025-03-03,65.0
V017659,U00886,S0276,187.0,2024-10-24,68.0
V017660,U00673,S0225,180.0,2024-05-29,30.0
V017661,U01258,S0403,500.0,2024-11-27,72.0
V017662,U00077,S0410,500.0,2024-11-20,13.0
V017663,U00376,S0142,500.0,2025-01-24,68.0
V017664,U01719,S0282,46.0,2024-04-17,42.0
V017665,U01221,S0420,219.0,2024-12-19,48.0
V017666,U01832,S0443,500.0,2025-02-12,18.0
V017667,U01775,S0065,500.0,2025-04-30,20.0
V017668,U01505,S0146,117.0,2025-02-19,26.0
V017669,U00889,S0707,500.0,2024-06-10,67.0
V017670,U01784,S0892,219.0,2024-08-08,43.0
V017671,U01852,S0067,206.0,2024-01-21,91.0
V017672,U01859,S0826,115.0,2024-10-01,44.0
V017673,U00743,S0578,127.0,2025-01-19,47.0
V017674,U01576,S0678,500.0,2024-11-08,65.0
V017675,U01884,S0485,195.0,2024-09-29,93.0
V017676,U01160,S0088,45.0,2025-02-24,59.0
V017677,U00574,S0402,500.0,2025-03-30,61.0
V017678,U00020,S0265,500.0,2024-09-09,49.0
V017679,U01651,S0528,500.0,2024-01-05,100.0
V017680,U01510,S0494,500.0,2024-08-21,91.0
V017681,U00224,S0302,500.0,2024-07-24,58.0
V017682,U01310,S0497,500.0,2024-05-28,36.0
V017683,U00601,S0707,500.0,2024-04-21,40.0
V017684,U01403,S0918,500.0,2024-08-06,10.0
V017685,U00629,S0988,46.0,2025-12-06,69.0
V017686,U00561,S0344,26.0,2025-02-17,94.0
V017687,U01785,S0875,500.0,2024-01-27,45.0
V017688,U01577,S0976,219.0,2025-02-03,92.0
V017689,U00757,S0181,115.0,2024-04-26,82.0
V017690,U01370,S0752,54.0,2025-01-29,78.0
V017691,U01666,S0314,500.0,2024-04-09,14.0
V017692,U01150,S0148,109.0,2024-09-14,19.0
V017693,U00308,S0088,210.0,2025-06-03,99.0
V017694,U01095,S0800,500.0,2024-03-27,88.0
V017695,U01159,S0660,219.0,2025-03-22,36.0
V017696,U01987,S0871,103.0,2025-02-05,70.0
V017697,U00701,S0543,184.0,2024-11-18,55.0
V017698,U01992,S0797,42.0,2024-04-25,56.0
V017699,U00734,S0686,38.0,2024-08-11,41.0
V017700,U01249,S0945,27.0,2024-07-27,41.0
V017701,U01476,S0328,500.0,2024-08-19,48.0
V017702,U01566,S0674,192.0,2024-02-12,31.0
V017703,U00063,S0945,211.0,2024-09-25,46.0
V017704,U00542,S0528,29.0,2025-01-13,17.0
V017705,U01746,S0252,11.0,2025-01-13,56.0
V017706,U00154,S0183,75.0,2024-11-08,37.0
V017707,U00789,S0144,500.0,2025-01-17,71.0
V017708,U00339,S0174,26.0,2024-03-27,95.0
V017709,U01080,S0121,500.0,2025-03-19,86.0
V017710,U00366,S0984,219.0,2024-07-02,98.0
V017711,U00801,S0106,500.0,2025-04-11,43.0
V017712,U00500,S0450,138.0,2024-08-21,37.0
V017713,U01283,S0544,28.0,2025-02-05,43.0
V017714,U00949,S0440,500.0,2024-08-03,28.0
V017715,U00120,S0524,219.0,2024-12-30,68.0
V017716,U00065,S0086,10.0,2024-03-29,70.0
V017717,U00717,S0217,133.0,2025-03-18,43.0
V017718,U00108,S0125,500.0,2024-04-13,31.0
V017719,U00269,S0561,500.0,2024-11-15,48.0
V017720,U01064,S0173,42.0,2024-11-26,71.0
V017721,U01283,S0800,500.0,2024-11-19,63.0
V017722,U01943,S0392,46.0,2024-02-05,76.0
V017723,U00097,S0655,209.0,2025-03-09,55.0
V017724,U01034,S0584,68.0,2024-06-30,43.0
V017725,U00053,S0630,500.0,2024-02-16,71.0
V017726,U00085,S0601,500.0,2024-08-31,70.0
V017727,U01316,S0892,500.0,2024-07-30,68.0
V017728,U01154,S0956,500.0,2025-01-27,77.0
V017729,U00056,S0178,129.0,2025-01-24,39.0
V017730,U00485,S0300,28.0,2025-03-09,97.0
V017731,U00930,S0342,203.0,2025-02-26,90.0
V017732,U00576,S0430,500.0,2024-11-05,35.0
V017733,U01297,S0778,60.0,2024-01-09,50.0
V017734,U00048,S0055,500.0,2024-09-24,73.0
V017735,U00331,S0983,219.0,2024-04-01,56.0
V017736,U00591,S0091,201.0,2024-05-15,94.0
V017737,U00445,S0537,187.0,2024-10-11,56.0
V017738,U00688,S0479,500.0,2024-01-14,84.0
V017739,U01764,S0879,500.0,2025-02-01,56.0
V017740,U01757,S0270,500.0,2024-04-01,24.0
V017741,U00323,S0005,500.0,2025-06-24,24.0
V017742,U01915,S0237,500.0,2024-01-04,68.0
V017743,U01656,S0904,500.0,2024-12-02,24.0
V017744,U01583,S0462,500.0,2025-03-22,99.0
V017745,U01010,S0975,159.0,2024-08-15,31.0
V017746,U01798,S0825,205.0,2024-06-26,26.0
V017747,U00698,S0685,500.0,2025-06-15,76.0
V017748,U01706,S0536,49.0,2025-04-15,77.0
V017749,U00987,S0890,500.0,2024-03-10,17.0
V017750,U00300,S0901,40.0,2024-09-11,91.0
V017751,U01089,S0686,126.0,2025-03-17,85.0
V017752,U00253,S0968,500.0,2024-09-05,19.0
V017753,U00518,S0659,194.0,2024-01-04,93.0
V017754,U01078,S0772,214.0,2025-09-01,40.0
V017755,U01368,S0923,500.0,2025-08-05,54.0
V017756,U00606,S0420,16.0,2024-10-11,74.0
V017757,U00258,S0382,58.0,2025-05-06,57.0
V017758,U00562,S0556,500.0,2024-04-02,29.0
V017759,U00684,S0195,500.0,2024-11-07,78.0
V017760,U00715,S0210,34.0,2024-09-08,39.0
V017761,U01563,S0454,500.0,2024-09-26,44.0
V017762,U01901,S0217,500.0,2025-01-01,25.0
V017763,U00713,S0548,200.0,2024-06-15,84.0
V017764,U01985,S0723,128.0,2025-05-19,35.0
V017765,U01680,S0469,500.0,2024-07-12,32.0
V017766,U01087,S0576,500.0,2024-08-07,72.0
V017767,U00844,S0603,500.0,2025-06-23,37.0
V017768,U01039,S0719,500.0,2024-03-19,75.0
V017769,U00172,S0219,81.0,2024-08-17,91.0
V017770,U00449,S0348,500.0,2024-04-27,91.0
V017771,U01645,S0657,89.0,2024-10-14,22.0
V017772,U00064,S0247,142.0,2025-01-28,51.0
V017773,U00071,S0830,500.0,2024-06-27,91.0
V017774,U00375,S0145,500.0,2024-09-17,72.0
V017775,U00561,S0814,500.0,2024-08-09,56.0
V017776,U00505,S0754,19.0,2024-05-18,18.0
V017777,U01135,S0942,121.0,2024-10-23,79.0
V017778,U01088,S0131,500.0,2025-08-06,75.0
V017779,U01342,S0722,41.0,2025-06-17,74.0
V017780,U01304,S0865,500.0,2024-07-14,56.0
V017781,U00380,S0584,129.0,2025-02-01,93.0
V017782,U01919,S0232,500.0,2024-08-04,90.0
V017783,U00962,S0717,69.0,2025-04-25,51.0
V017784,U00806,S0894,500.0,2025-01-22,81.0
V017785,U00393,S0710,102.0,2025-03-20,60.0
V017786,U01190,S0085,500.0,2025-03-05,18.0
V017787,U01673,S0838,500.0,2025-02-25,80.0
V017788,U00536,S0310,500.0,2024-04-25,81.0
V017789,U01203,S0654,500.0,2024-06-29,56.0
V017790,U00001,S0352,54.0,2024-10-27,38.0
V017791,U01741,S0336,500.0,2025-01-23,87.0
V017792,U00354,S0711,500.0,2024-01-31,20.0
V017793,U00070,S0883,50.0,2024-10-06,67.0
V017794,U00611,S0512,135.0,2024-04-08,16.0
V017795,U01088,S0438,500.0,2024-09-27,66.0
V017796,U01374,S0753,500.0,2025-02-04,91.0
V017797,U01830,S0060,205.0,2025-06-03,73.0
V017798,U01853,S0969,61.0,2024-02-19,89.0
V017799,U01783,S0106,500.0,2024-09-03,35.0
V017800,U01511,S0727,500.0,2025-02-17,99.0
V017801,U01473,S0189,500.0,2025-07-02,74.0
V017802,U01572,S0800,60.0,2024-08-28,10.0
V017803,U00253,S0177,138.0,2024-05-26,20.0
V017804,U00204,S0403,500.0,2024-10-20,59.0
V017805,U00876,S0833,500.0,2024-11-20,62.0
V017806,U00178,S0345,500.0,2025-06-22,100.0
V017807,U00153,S0931,100.0,2024-03-09,64.0
V017808,U01913,S0242,197.0,2024-08-06,19.0
V017809,U00940,S0347,500.0,2024-09-28,17.0
V017810,U00984,S0693,105.0,2025-01-02,27.0
V017811,U01698,S0781,500.0,2024-06-20,35.0
V017812,U00519,S0826,39.0,2024-11-19,17.0
V017813,U01539,S0573,500.0,2024-06-03,70.0
V017814,U00614,S0280,123.0,2024-09-11,37.0
V017815,U01382,S0700,21.0,2024-04-20,23.0
V017816,U00501,S0423,175.0,2025-01-04,29.0
V017817,U01800,S0652,500.0,2025-07-03,92.0
V017818,U00361,S0519,19.0,2024-03-03,52.0
V017819,U00202,S0931,500.0,2024-10-24,39.0
V017820,U00996,S0283,500.0,2024-08-06,72.0
V017821,U01763,S0080,184.0,2024-01-19,88.0
V017822,U01802,S0762,148.0,2024-01-03,56.0
V017823,U01238,S0434,500.0,2024-06-15,17.0
V017824,U01980,S1000,83.0,2024-03-07,25.0
V017825,U01577,S0447,500.0,2024-05-26,68.0
V017826,U00171,S0681,99.0,2024-08-31,58.0
V017827,U00610,S0274,88.0,2024-11-28,20.0
V017828,U01991,S0009,102.0,2025-04-27,45.0
V017829,U01519,S0418,500.0,2024-09-28,35.0
V017830,U00683,S0646,500.0,2024-03-11,79.0
V017831,U00978,S0149,68.0,2024-10-16,14.0
V017832,U00713,S0848,500.0,2024-08-25,46.0
V017833,U01175,S0461,500.0,2024-09-28,71.0
V017834,U01436,S0612,500.0,2024-10-25,60.0
V017835,U00598,S0439,500.0,2024-10-28,38.0
V017836,U01260,S0286,47.0,2024-12-05,85.0
V017837,U00809,S0351,500.0,2024-01-26,29.0
V017838,U01734,S0211,500.0,2024-10-19,95.0
V017839,U01936,S0729,35.0,2024-06-04,69.0
V017840,U00489,S0965,119.0,2024-11-09,78.0
V017841,U01588,S0633,500.0,2024-05-13,84.0
V017842,U01975,S0546,209.0,2024-01-30,48.0
V017843,U00520,S0947,500.0,2024-12-02,49.0
V017844,U00217,S0101,120.0,2024-11-22,16.0
V017845,U01486,S0150,78.0,2024-03-25,85.0
V017846,U01458,S0588,500.0,2024-06-09,73.0
V017847,U00600,S0131,175.0,2024-11-30,17.0
V017848,U01985,S0259,500.0,2025-07-06,56.0
V017849,U01583,S0853,91.0,2025-02-03,95.0
V017850,U01660,S0386,500.0,2025-06-16,99.0
V017851,U01978,S0475,216.0,2024-11-23,90.0
V017852,U00680,S0706,48.0,2024-09-02,77.0
V017853,U00255,S0530,7.0,2024-05-18,45.0
V017854,U00421,S0045,40.0,2024-12-08,80.0
V017855,U00599,S0045,500.0,2024-11-13,22.0
V017856,U00051,S0270,218.0,2024-11-27,60.0
V017857,U00228,S0740,500.0,2025-01-27,50.0
V017858,U01312,S0131,150.0,2025-02-20,15.0
V017859,U01840,S0097,196.0,2025-01-17,86.0
V017860,U01289,S0642,28.0,2024-06-01,22.0
V017861,U01473,S0874,500.0,2025-02-23,68.0
V017862,U01946,S0275,21.0,2024-10-07,75.0
V017863,U00734,S0856,200.0,2024-03-19,67.0
V017864,U00461,S0228,500.0,2024-11-10,19.0
V017865,U01360,S0307,211.0,2024-06-16,56.0
V017866,U01221,S0719,500.0,2025-07-04,29.0
V017867,U00375,S0454,500.0,2024-11-26,84.0
V017868,U00090,S0992,500.0,2024-04-13,82.0
V017869,U00067,S0390,10.0,2024-08-22,54.0
V017870,U01713,S0627,83.0,2024-01-25,10.0
V017871,U00440,S0911,9.0,2024-09-19,39.0
V017872,U01728,S0818,40.0,2024-06-06,92.0
V017873,U00646,S0617,500.0,2025-06-17,98.0
V017874,U01691,S0449,500.0,2025-04-26,89.0
V017875,U00712,S0748,22.0,2024-12-20,25.0
V017876,U00655,S0322,53.0,2025-05-17,68.0
V017877,U00377,S0592,9.0,2024-11-18,69.0
V017878,U01788,S0766,177.0,2024-06-28,36.0
V017879,U01495,S0580,500.0,2025-06-01,74.0
V017880,U01671,S0199,11.0,2025-01-23,92.0
V017881,U01327,S0091,500.0,2024-06-22,21.0
V017882,U01184,S0324,500.0,2024-09-03,90.0
V017883,U00294,S0206,219.0,2025-03-06,46.0
V017884,U00270,S0535,500.0,2024-06-21,56.0
V017885,U01646,S0295,500.0,2025-01-11,70.0
V017886,U00466,S0505,500.0,2024-03-10,77.0
V017887,U00880,S0541,500.0,2024-10-29,73.0
V017888,U00107,S0141,500.0,2025-02-14,76.0
V017889,U00094,S0142,151.0,2024-10-15,69.0
V017890,U01238,S0710,500.0,2024-08-24,54.0
V017891,U01192,S0944,500.0,2025-02-03,71.0
V017892,U01386,S0807,500.0,2024-08-28,44.0
V017893,U01560,S0740,500.0,2024-05-28,16.0
V017894,U00455,S0036,115.0,2025-02-08,89.0
V017895,U01438,S0426,146.0,2025-04-23,13.0
V017896,U01908,S0103,500.0,2024-09-23,96.0
V017897,U00071,S0474,500.0,2024-08-22,59.0
V017898,U00617,S0143,500.0,2024-06-11,42.0
V017899,U00416,S0637,500.0,2024-08-27,55.0
V017900,U00287,S0709,500.0,2024-10-29,97.0
V017901,U00817,S0194,12.0,2024-02-06,67.0
V017902,U01937,S0476,40.0,2024-04-01,96.0
V017903,U01316,S0771,83.0,2024-03-11,91.0
V017904,U01243,S0667,6.0,2024-06-08,17.0
V017905,U01061,S0196,500.0,2024-10-17,53.0
V017906,U00859,S0091,171.0,2024-09-05,32.0
V017907,U01145,S0140,500.0,2024-11-09,61.0
V017908,U00687,S0020,500.0,2024-11-16,31.0
V017909,U00786,S0983,500.0,2024-02-06,22.0
V017910,U01964,S0280,72.0,2025-02-02,70.0
V017911,U01181,S0311,177.0,2025-05-16,29.0
V017912,U00009,S0852,8.0,2025-02-17,56.0
V017913,U00484,S0187,500.0,2025-01-16,20.0
V017914,U01188,S0078,90.0,2024-11-16,48.0
V017915,U01230,S0096,500.0,2024-11-25,71.0
V017916,U00126,S0342,500.0,2024-07-20,96.0
V017917,U00884,S0843,105.0,2025-01-24,70.0
V017918,U00904,S0394,18.0,2025-03-19,68.0
V017919,U00418,S0889,50.0,2024-08-31,96.0
V017920,U00936,S0355,36.0,2024-08-09,96.0
V017921,U01429,S0599,500.0,2024-01-15,48.0
V017922,U00883,S0560,500.0,2025-08-03,17.0
V017923,U00196,S0380,500.0,2025-06-16,84.0
V017924,U01112,S0831,500.0,2025-02-27,56.0
V017925,U01257,S0040,500.0,2024-03-03,16.0
V017926,U01010,S0089,500.0,2025-06-17,61.0
V017927,U01484,S0773,217.0,2024-12-19,95.0
V017928,U00495,S0891,500.0,2025-01-06,24.0
V017929,U00680,S0769,55.0,2024-05-16,23.0
V017930,U00216,S0024,500.0,2025-06-19,86.0
V017931,U00055,S0363,500.0,2024-01-04,89.0
V017932,U00420,S0365,147.0,2024-12-01,23.0
V017933,U01337,S0551,50.0,2024-09-14,58.0
V017934,U01420,S0623,49.0,2025-05-02,46.0
V017935,U00589,S0975,105.0,2025-05-18,56.0
V017936,U00961,S0615,196.0,2025-04-20,20.0
V017937,U00995,S0557,500.0,2024-06-14,74.0
V017938,U00760,S0391,500.0,2025-03-03,69.0
V017939,U01366,S0117,187.0,2024-04-15,56.0
V017940,U01858,S0884,500.0,2024-04-28,41.0
V017941,U01700,S0296,500.0,2024-05-11,61.0
V017942,U01901,S0377,75.0,2025-04-24,30.0
V017943,U01753,S0396,500.0,2024-01-08,40.0
V017944,U00534,S0700,153.0,2024-06-25,88.0
V017945,U01849,S0094,98.0,2024-01-16,20.0
V017946,U01607,S0855,500.0,2024-07-19,40.0
V017947,U01638,S0105,49.0,2024-03-10,82.0
V017948,U00994,S0236,500.0,2024-01-28,79.0
V017949,U00797,S0515,135.0,2025-04-20,80.0
V017950,U01791,S0454,176.0,2024-11-06,53.0
V017951,U01459,S0791,90.0,2025-03-20,36.0
V017952,U00386,S0045,190.0,2024-03-19,78.0
V017953,U01516,S0493,161.0,2024-08-17,68.0
V017954,U01939,S0342,176.0,2024-02-03,21.0
V017955,U00491,S0367,31.0,2024-11-23,37.0
V017956,U00975,S0613,500.0,2025-01-20,98.0
V017957,U00387,S0662,219.0,2025-03-02,86.0
V017958,U01871,S0103,500.0,2024-11-19,39.0
V017959,U00775,S0755,6.0,2024-01-07,57.0
V017960,U00541,S0530,197.0,2024-07-20,20.0
V017961,U00856,S0391,211.0,2025-01-29,18.0
V017962,U00677,S0853,500.0,2024-07-30,19.0
V017963,U00909,S0548,500.0,2025-03-04,76.0
V017964,U00382,S0182,500.0,2025-12-03,19.0
V017965,U00532,S0585,500.0,2025-04-29,28.0
V017966,U00127,S0070,20.0,2024-10-30,41.0
V017967,U01491,S0159,500.0,2024-05-24,69.0
V017968,U00742,S0668,500.0,2024-09-17,36.0
V017969,U01031,S0981,93.0,2025-05-25,90.0
V017970,U01017,S0570,500.0,2025-06-23,100.0
V017971,U01384,S0520,49.0,2024-02-23,64.0
V017972,U00210,S0379,500.0,2025-03-05,56.0
V017973,U01104,S0789,500.0,2025-04-19,35.0
V017974,U00055,S0799,34.0,2024-11-11,81.0
V017975,U01437,S0240,92.0,2024-04-12,26.0
V017976,U00917,S0305,500.0,2025-01-20,95.0
V017977,U01423,S0721,12.0,2024-02-25,23.0
V017978,U00174,S0217,500.0,2024-12-18,71.0
V017979,U01542,S0962,500.0,2025-02-03,35.0
V017980,U01453,S0102,30.0,2024-01-02,13.0
V017981,U01016,S0034,116.0,2024-04-02,45.0
V017982,U00149,S0468,21.0,2025-05-22,82.0
V017983,U01375,S0980,6.0,2025-04-19,100.0
V017984,U00351,S0048,53.0,2025-06-17,87.0
V017985,U00182,S0903,500.0,2024-09-29,50.0
V017986,U00734,S0904,143.0,2025-05-18,86.0
V017987,U01185,S0012,500.0,2024-11-30,68.0
V017988,U00377,S0751,500.0,2024-11-19,81.0
V017989,U00468,S0695,500.0,2024-11-10,45.0
V017990,U01895,S0603,31.0,2024-07-01,43.0
V017991,U01602,S0568,500.0,2025-06-16,39.0
V017992,U00530,S0272,74.0,2024-07-05,65.0
V017993,U01751,S0068,500.0,2025-06-19,70.0
V017994,U00301,S0504,500.0,2025-04-30,47.0
V017995,U00440,S0042,69.0,2025-06-05,100.0
V017996,U00747,S0525,500.0,2024-09-11,56.0
V017997,U00012,S0022,122.0,2025-04-17,65.0
V017998,U01841,S0058,500.0,2025-03-16,59.0
V017999,U01821,S0397,157.0,2025-01-26,81.0
V018000,U00249,S0769,13.0,2024-12-17,77.0
V018001,U00997,S0929,500.0,2024-03-24,97.0
V018002,U01866,S0945,28.0,2025-06-24,55.0
V018003,U01678,S0412,500.0,2025-05-04,100.0
V018004,U00730,S0410,500.0,2024-07-14,65.0
V018005,U00309,S0835,500.0,2024-08-15,92.0
V018006,U01385,S0250,500.0,2024-11-20,93.0
V018007,U00294,S0738,500.0,2024-05-16,81.0
V018008,U00574,S0898,500.0,2025-06-18,84.0
V018009,U00115,S0304,500.0,2024-08-02,67.0
V018010,U00650,S0936,500.0,2024-11-14,96.0
V018011,U00916,S0746,60.0,2025-06-20,49.0
V018012,U01907,S0644,73.0,2024-06-28,34.0
V018013,U00194,S0604,219.0,2024-01-10,79.0
V018014,U01102,S0941,30.0,2024-12-25,26.0
V018015,U00255,S0682,104.0,2024-02-15,66.0
V018016,U01079,S0323,500.0,2025-03-07,10.0
V018017,U01519,S0884,500.0,2024-06-08,96.0
V018018,U00032,S0546,500.0,2024-11-19,44.0
V018019,U01718,S0817,7.0,2025-01-17,51.0
V018020,U00563,S0929,500.0,2024-04-11,77.0
V018021,U00369,S0117,108.0,2025-01-16,86.0
V018022,U00467,S0072,500.0,2025-03-07,49.0
V018023,U01691,S0956,141.0,2024-01-16,65.0
V018024,U00776,S0035,155.0,2024-04-16,65.0
V018025,U01807,S0549,119.0,2025-05-20,98.0
V018026,U00975,S0571,26.0,2024-08-16,83.0
V018027,U01987,S0295,500.0,2024-03-24,52.0
V018028,U01821,S0760,500.0,2024-08-10,23.0
V018029,U00106,S0276,500.0,2024-02-15,67.0
V018030,U00209,S0298,18.0,2024-08-29,86.0
V018031,U01718,S0990,500.0,2024-01-18,51.0
V018032,U00371,S0193,500.0,2024-10-25,56.0
V018033,U01564,S0070,200.0,2025-06-04,59.0
V018034,U00322,S0573,163.0,2025-02-04,10.0
V018035,U01328,S0364,500.0,2024-06-25,81.0
V018036,U01122,S0475,212.0,2024-12-01,63.0
V018037,U00305,S0939,500.0,2024-03-19,58.0
V018038,U00340,S0873,39.0,2024-10-15,79.0
V018039,U00321,S0569,500.0,2024-06-26,75.0
V018040,U01869,S0785,500.0,2025-09-02,28.0
V018041,U00036,S0204,219.0,2024-06-12,35.0
V018042,U00174,S0299,500.0,2024-01-10,18.0
V018043,U01794,S0907,151.0,2024-08-08,20.0
V018044,U00942,S0004,500.0,2025-05-17,70.0
V018045,U01759,S0732,500.0,2025-02-26,56.0
V018046,U01892,S0379,172.0,2025-01-18,56.0
V018047,U01937,S0775,33.0,2024-11-28,92.0
V018048,U01574,S0909,209.0,2025-06-09,73.0
V018049,U00413,S0859,500.0,2024-11-03,80.0
V018050,U01136,S0629,219.0,2024-02-19,40.0
V018051,U00494,S0519,9.0,2024-10-10,29.0
V018052,U00286,S0874,36.0,2025-03-24,15.0
V018053,U01441,S0099,500.0,2025-04-22,95.0
V018054,U01722,S0580,500.0,2024-04-12,51.0
V018055,U00085,S0462,219.0,2024-04-29,71.0
V018056,U01469,S0751,31.0,2024-04-14,26.0
V018057,U01916,S0980,31.0,2024-08-08,62.0
V018058,U00759,S0219,500.0,2024-09-23,73.0
V018059,U00649,S0374,500.0,2024-09-28,42.0
V018060,U00946,S0989,76.0,2024-03-31,85.0
V018061,U01884,S0454,42.0,2024-12-17,54.0
V018062,U01969,S0493,500.0,2024-07-29,60.0
V018063,U01851,S0443,500.0,2025-05-29,56.0
V018064,U00674,S0361,500.0,2024-11-24,56.0
V018065,U00391,S0148,48.0,2024-09-14,75.0
V018066,U01025,S0170,141.0,2024-08-31,68.0
V018067,U01243,S0497,500.0,2024-04-14,57.0
V018068,U01534,S0429,66.0,2024-10-07,44.0
V018069,U01904,S0158,500.0,2024-11-12,13.0
V018070,U01535,S0703,500.0,2024-06-16,61.0
V018071,U01259,S0345,17.0,2025-01-17,98.0
V018072,U00031,S0434,28.0,2024-06-20,62.0
V018073,U00548,S0070,5.0,2025-05-14,33.0
V018074,U01364,S0815,500.0,2025-03-08,21.0
V018075,U00680,S0486,57.0,2024-06-10,63.0
V018076,U01314,S0229,167.0,2024-12-03,14.0
V018077,U01729,S0852,152.0,2025-04-30,71.0
V018078,U01144,S0141,204.0,2024-10-13,22.0
V018079,U01414,S0132,47.0,2024-03-13,55.0
V018080,U00435,S0613,500.0,2024-02-27,47.0
V018081,U01350,S0737,202.0,2024-04-21,20.0
V018082,U01729,S0453,500.0,2024-08-11,76.0
V018083,U00725,S0604,119.0,2025-05-14,85.0
V018084,U00112,S0922,500.0,2024-07-15,35.0
V018085,U00558,S0255,182.0,2024-06-15,88.0
V018086,U00466,S0301,72.0,2025-05-18,15.0
V018087,U00133,S0164,47.0,2025-08-04,27.0
V018088,U00176,S0317,96.0,2024-10-28,27.0
V018089,U01662,S0307,500.0,2024-05-13,19.0
V018090,U00307,S0584,93.0,2025-03-03,91.0
V018091,U01173,S0189,69.0,2024-12-02,73.0
V018092,U00559,S0292,166.0,2024-07-06,66.0
V018093,U01661,S0005,500.0,2024-01-07,52.0
V018094,U00557,S0997,500.0,2024-02-08,39.0
V018095,U01735,S0365,500.0,2025-03-23,76.0
V018096,U01649,S0603,75.0,2024-01-26,46.0
V018097,U00979,S0143,500.0,2025-08-05,92.0
V018098,U00777,S0461,201.0,2024-11-24,16.0
V018099,U01027,S0805,500.0,2025-06-19,67.0
V018100,U01585,S0898,99.0,2025-04-04,40.0
V018101,U00422,S0201,151.0,2024-11-10,73.0
V018102,U00385,S0388,92.0,2024-04-19,83.0
V018103,U00831,S0944,182.0,2024-05-03,83.0
V018104,U01221,S0123,179.0,2025-01-28,99.0
V018105,U01525,S0034,500.0,2024-10-22,35.0
V018106,U01249,S0099,500.0,2025-03-25,17.0
V018107,U01822,S0658,152.0,2024-08-13,43.0
V018108,U02000,S0698,83.0,2024-02-18,26.0
V018109,U01798,S0243,216.0,2024-07-17,40.0
V018110,U01068,S0450,500.0,2025-11-01,28.0
V018111,U00831,S0010,500.0,2024-10-29,97.0
V018112,U00126,S0988,500.0,2024-02-20,11.0
V018113,U00021,S0087,42.0,2024-07-15,17.0
V018114,U01894,S0035,219.0,2024-02-04,68.0
V018115,U00282,S0941,500.0,2025-04-23,70.0
V018116,U01703,S0726,55.0,2024-01-30,29.0
V018117,U00168,S0788,18.0,2024-10-21,65.0
V018118,U01436,S0539,219.0,2024-12-24,29.0
V018119,U00347,S0069,215.0,2024-05-24,58.0
V018120,U00156,S0343,500.0,2024-03-28,37.0
V018121,U00192,S0436,500.0,2024-04-22,76.0
V018122,U01972,S0898,146.0,2025-03-17,55.0
V018123,U00997,S0010,500.0,2025-06-15,86.0
V018124,U01007,S0237,500.0,2025-05-26,26.0
V018125,U01585,S0605,500.0,2024-08-07,47.0
V018126,U00999,S0534,500.0,2024-04-13,58.0
V018127,U00581,S0889,500.0,2024-12-03,97.0
V018128,U00920,S0983,24.0,2024-11-01,40.0
V018129,U00244,S0898,500.0,2024-07-07,64.0
V018130,U01149,S0637,500.0,2024-05-25,40.0
V018131,U01714,S0555,24.0,2024-09-12,42.0
V018132,U00785,S0553,500.0,2025-02-05,45.0
V018133,U01394,S0213,500.0,2024-04-24,90.0
V018134,U00311,S0931,500.0,2024-10-13,62.0
V018135,U01333,S0601,201.0,2025-01-24,36.0
V018136,U01051,S0460,44.0,2024-06-05,32.0
V018137,U01221,S0346,500.0,2024-04-09,20.0
V018138,U01170,S0796,134.0,2024-07-17,34.0
V018139,U00910,S0226,119.0,2025-05-22,41.0
V018140,U00228,S0224,500.0,2024-03-18,56.0
V018141,U00570,S0694,212.0,2024-08-13,100.0
V018142,U00740,S0945,207.0,2025-01-23,28.0
V018143,U01149,S0837,196.0,2025-04-07,31.0
V018144,U00171,S0212,101.0,2024-03-11,17.0
V018145,U00508,S0355,219.0,2025-06-04,79.0
V018146,U01933,S0435,500.0,2024-08-03,69.0
V018147,U00611,S0817,500.0,2024-08-19,77.0
V018148,U00925,S0506,500.0,2024-08-23,68.0
V018149,U01243,S0476,500.0,2025-05-10,70.0
V018150,U00439,S0130,219.0,2024-02-05,50.0
V018151,U01625,S0900,57.0,2025-10-01,95.0
V018152,U00131,S0867,111.0,2024-10-05,18.0
V018153,U01800,S0274,10.0,2025-09-06,36.0
V018154,U01772,S0797,500.0,2025-04-02,13.0
V018155,U01811,S0795,500.0,2025-04-16,37.0
V018156,U00247,S0287,18.0,2024-06-01,75.0
V018157,U00311,S0686,500.0,2024-02-19,33.0
V018158,U00865,S0509,500.0,2024-12-25,15.0
V018159,U01778,S0784,50.0,2024-07-04,76.0
V018160,U01785,S0949,500.0,2025-05-08,74.0
V018161,U00414,S0010,28.0,2024-03-18,95.0
V018162,U00730,S0210,500.0,2024-02-12,36.0
V018163,U01135,S0240,56.0,2024-04-01,83.0
V018164,U01885,S0628,500.0,2024-12-28,84.0
V018165,U00946,S0037,500.0,2024-06-21,26.0
V018166,U01292,S0260,500.0,2025-01-01,76.0
V018167,U01533,S0952,500.0,2025-06-06,71.0
V018168,U01984,S0901,113.0,2024-12-18,78.0
V018169,U01195,S0635,500.0,2024-10-19,63.0
V018170,U00181,S0711,500.0,2024-08-19,10.0
V018171,U00645,S0058,149.0,2024-10-18,72.0
V018172,U00542,S0455,174.0,2025-05-23,63.0
V018173,U00111,S0069,500.0,2024-04-06,48.0
V018174,U00924,S0949,500.0,2025-06-24,97.0
V018175,U00882,S0161,100.0,2024-05-31,88.0
V018176,U01308,S0043,500.0,2024-12-07,13.0
V018177,U01517,S0085,500.0,2024-06-02,90.0
V018178,U01898,S0701,500.0,2024-11-21,96.0
V018179,U00031,S0172,87.0,2024-03-23,90.0
V018180,U01598,S0365,500.0,2025-03-27,56.0
V018181,U00848,S0244,500.0,2025-08-01,96.0
V018182,U01879,S0289,500.0,2024-03-16,32.0
V018183,U00070,S0777,500.0,2024-11-02,96.0
V018184,U00023,S0168,30.0,2024-09-16,42.0
V018185,U00927,S0925,500.0,2024-10-11,40.0
V018186,U01247,S0862,500.0,2024-10-31,54.0
V018187,U01345,S0213,11.0,2025-04-28,70.0
V018188,U00117,S0958,500.0,2024-03-10,11.0
V018189,U00448,S0472,45.0,2025-05-18,92.0
V018190,U00461,S0310,61.0,2025-05-13,53.0
V018191,U00728,S0747,500.0,2025-04-29,82.0
V018192,U01670,S0826,500.0,2025-01-02,72.0
V018193,U00275,S0743,62.0,2025-05-17,96.0
V018194,U01239,S0056,500.0,2024-05-26,86.0
V018195,U01651,S0739,207.0,2025-02-17,76.0
V018196,U00565,S0210,500.0,2025-11-05,50.0
V018197,U00745,S0977,500.0,2024-08-18,93.0
V018198,U00892,S0311,500.0,2024-07-27,57.0
V018199,U01199,S0025,500.0,2025-02-18,51.0
V018200,U01483,S0160,500.0,2025-03-11,68.0
V018201,U01210,S0581,500.0,2025-01-14,25.0
V018202,U01742,S0783,72.0,2025-02-15,98.0
V018203,U00775,S0533,21.0,2024-02-05,56.0
V018204,U00790,S0739,500.0,2025-09-01,41.0
V018205,U01269,S0734,99.0,2024-02-01,59.0
V018206,U00826,S0873,150.0,2024-10-03,76.0
V018207,U00493,S0119,124.0,2024-09-17,94.0
V018208,U00485,S0392,148.0,2024-05-21,73.0
V018209,U01316,S0240,500.0,2024-04-05,11.0
V018210,U01727,S0912,124.0,2024-12-13,75.0
V018211,U01827,S0995,136.0,2024-11-28,68.0
V018212,U01505,S0026,18.0,2024-02-26,49.0
V018213,U00924,S0850,500.0,2025-01-12,62.0
V018214,U00564,S0978,500.0,2024-06-01,56.0
V018215,U00314,S0384,500.0,2025-02-23,34.0
V018216,U01653,S0459,500.0,2024-08-12,98.0
V018217,U00370,S0658,500.0,2024-11-13,58.0
V018218,U01737,S0557,33.0,2024-09-18,97.0
V018219,U01189,S0898,215.0,2024-09-07,100.0
V018220,U01447,S0958,500.0,2024-06-05,28.0
V018221,U01198,S0978,500.0,2024-10-08,85.0
V018222,U00574,S0139,500.0,2024-03-25,97.0
V018223,U00166,S0463,500.0,2025-01-01,36.0
V018224,U01122,S0348,219.0,2024-06-25,72.0
V018225,U00754,S0882,500.0,2025-04-25,43.0
V018226,U01649,S0403,500.0,2024-08-17,76.0
V018227,U01160,S0061,148.0,2024-07-20,49.0
V018228,U00428,S0202,178.0,2024-12-28,75.0
V018229,U01874,S0451,98.0,2024-12-09,15.0
V018230,U00480,S0766,184.0,2024-09-02,57.0
V018231,U01043,S0621,82.0,2024-01-30,86.0
V018232,U01517,S0964,110.0,2025-08-04,80.0
V018233,U00711,S0434,13.0,2024-06-28,58.0
V018234,U00481,S0199,103.0,2024-02-02,55.0
V018235,U00441,S0606,48.0,2025-04-24,44.0
V018236,U00587,S0265,134.0,2024-04-07,85.0
V018237,U00221,S0693,500.0,2024-10-26,15.0
V018238,U00746,S0127,210.0,2024-07-02,39.0
V018239,U00373,S0618,500.0,2024-10-12,48.0
V018240,U01526,S0783,500.0,2025-02-24,37.0
V018241,U01406,S0143,73.0,2024-12-01,93.0
V018242,U01159,S0176,500.0,2024-04-24,37.0
V018243,U00171,S0832,500.0,2024-08-09,70.0
V018244,U01745,S0100,219.0,2024-11-01,87.0
V018245,U01972,S0716,500.0,2024-07-27,70.0
V018246,U01965,S0866,29.0,2024-12-21,18.0
V018247,U00004,S0252,500.0,2024-03-14,59.0
V018248,U00456,S0863,500.0,2024-04-14,72.0
V018249,U00462,S0116,31.0,2024-01-17,79.0
V018250,U00348,S0785,156.0,2024-07-08,40.0
V018251,U00523,S0875,500.0,2025-01-09,69.0
V018252,U01975,S0783,91.0,2024-01-28,67.0
V018253,U01749,S0700,500.0,2024-06-03,43.0
V018254,U00474,S0771,105.0,2024-02-04,94.0
V018255,U01022,S0124,500.0,2024-02-01,56.0
V018256,U00296,S0901,106.0,2024-02-29,55.0
V018257,U01845,S0001,500.0,2024-04-20,62.0
V018258,U00137,S0096,34.0,2024-05-31,99.0
V018259,U01351,S0584,500.0,2025-05-31,94.0
V018260,U00425,S0273,500.0,2024-04-30,53.0
V018261,U01583,S0318,111.0,2024-07-26,41.0
V018262,U00918,S0912,500.0,2024-07-03,95.0
V018263,U01333,S0872,500.0,2024-09-28,99.0
V018264,U01514,S0338,157.0,2024-01-19,44.0
V018265,U01073,S0478,500.0,2024-09-22,27.0
V018266,U01330,S0293,500.0,2024-11-10,44.0
V018267,U00666,S0909,500.0,2024-07-09,90.0
V018268,U00769,S0733,214.0,2024-03-14,57.0
V018269,U01234,S0176,48.0,2025-05-01,63.0
V018270,U01492,S0521,126.0,2025-05-27,12.0
V018271,U01019,S0401,500.0,2024-05-17,56.0
V018272,U01005,S0593,500.0,2024-12-29,40.0
V018273,U01581,S0213,144.0,2024-10-25,32.0
V018274,U01105,S0547,76.0,2024-08-07,55.0
V018275,U00846,S0569,500.0,2025-07-01,85.0
V018276,U00606,S0564,143.0,2024-07-08,24.0
V018277,U01928,S0990,500.0,2025-03-23,48.0
V018278,U00934,S0714,92.0,2024-05-25,95.0
V018279,U01583,S0373,115.0,2025-06-16,98.0
V018280,U00137,S0986,44.0,2024-08-08,59.0
V018281,U01757,S0599,134.0,2024-09-25,20.0
V018282,U00501,S0988,500.0,2025-08-01,32.0
V018283,U01351,S0027,56.0,2024-04-12,28.0
V018284,U00111,S0791,126.0,2025-07-05,32.0
V018285,U00327,S0500,29.0,2025-04-25,99.0
V018286,U00051,S0228,500.0,2025-06-19,12.0
V018287,U01840,S0313,21.0,2024-06-15,52.0
V018288,U00042,S0149,20.0,2024-07-07,78.0
V018289,U01976,S0345,500.0,2024-12-25,49.0
V018290,U01368,S0077,500.0,2024-10-24,63.0
V018291,U01270,S0458,121.0,2024-01-03,73.0
V018292,U00676,S0542,500.0,2024-02-17,56.0
V018293,U00187,S0042,28.0,2024-07-30,52.0
V018294,U00688,S0327,39.0,2024-11-26,30.0
V018295,U01565,S0378,186.0,2025-01-31,26.0
V018296,U01408,S0414,500.0,2025-01-14,55.0
V018297,U01526,S0996,84.0,2024-12-05,46.0
V018298,U00924,S0317,177.0,2025-05-12,72.0
V018299,U00802,S0109,500.0,2024-11-21,44.0
V018300,U01383,S0070,157.0,2024-07-06,59.0
V018301,U01254,S0613,184.0,2024-02-26,42.0
V018302,U01036,S0174,500.0,2025-04-22,56.0
V018303,U01438,S0637,500.0,2024-09-29,93.0
V018304,U00295,S0677,500.0,2024-08-25,98.0
V018305,U00571,S0287,172.0,2024-05-17,66.0
V018306,U00027,S0722,160.0,2024-06-14,47.0
V018307,U01669,S0056,219.0,2024-09-21,37.0
V018308,U01007,S0206,91.0,2025-04-09,52.0
V018309,U01919,S0279,500.0,2024-02-25,22.0
V018310,U01531,S0395,148.0,2024-04-10,55.0
V018311,U00428,S0410,219.0,2024-05-06,86.0
V018312,U00087,S0988,165.0,2025-04-10,22.0
V018313,U01135,S0506,500.0,2025-01-04,56.0
V018314,U01484,S0492,500.0,2024-05-20,88.0
V018315,U00006,S0271,128.0,2024-02-15,97.0
V018316,U01825,S0712,500.0,2025-06-13,10.0
V018317,U00990,S0717,12.0,2024-03-16,37.0
V018318,U01293,S0560,500.0,2024-06-05,39.0
V018319,U01648,S0800,124.0,2024-04-04,90.0
V018320,U01202,S0425,94.0,2024-02-05,47.0
V018321,U01636,S0258,500.0,2024-06-22,67.0
V018322,U00322,S0199,196.0,2025-01-20,19.0
V018323,U00915,S0683,500.0,2025-09-03,18.0
V018324,U00911,S0512,78.0,2024-05-31,10.0
V018325,U01492,S0323,203.0,2024-10-14,54.0
V018326,U01758,S0739,500.0,2025-05-07,72.0
V018327,U00796,S0683,500.0,2024-09-29,30.0
V018328,U01342,S0620,122.0,2024-03-27,58.0
V018329,U01419,S0895,500.0,2024-06-18,30.0
V018330,U00924,S0710,84.0,2025-01-13,19.0
V018331,U00443,S0583,7.0,2025-05-30,45.0
V018332,U00734,S0992,102.0,2024-11-09,86.0
V018333,U00652,S0027,500.0,2024-07-06,62.0
V018334,U00082,S0652,500.0,2025-06-03,61.0
V018335,U00904,S0153,500.0,2024-12-17,100.0
V018336,U00094,S0345,500.0,2024-06-15,68.0
V018337,U00372,S0623,500.0,2024-10-14,14.0
V018338,U01262,S0011,21.0,2024-12-13,11.0
V018339,U00610,S0158,68.0,2024-11-24,71.0
V018340,U00379,S0322,93.0,2025-02-28,69.0
V018341,U00644,S0857,500.0,2025-05-23,11.0
V018342,U00936,S0862,206.0,2024-09-12,23.0
V018343,U01092,S0836,500.0,2024-07-03,28.0
V018344,U00285,S0310,219.0,2024-08-05,18.0
V018345,U01204,S0368,50.0,2024-01-13,16.0
V018346,U01104,S0077,500.0,2024-09-30,24.0
V018347,U00491,S0259,500.0,2025-05-30,56.0
V018348,U01177,S0766,500.0,2024-04-16,56.0
V018349,U00431,S0825,210.0,2024-07-17,38.0
V018350,U00361,S0191,105.0,2025-01-31,66.0
V018351,U00803,S0503,186.0,2024-07-24,59.0
V018352,U00113,S0550,101.0,2025-04-12,85.0
V018353,U00144,S0035,500.0,2024-08-21,69.0
V018354,U01281,S0854,500.0,2024-12-09,17.0
V018355,U01077,S0823,500.0,2024-10-08,98.0
V018356,U00305,S0697,35.0,2025-04-15,59.0
V018357,U00351,S0646,219.0,2025-07-02,38.0
V018358,U00116,S0855,154.0,2024-10-31,90.0
V018359,U01018,S0538,500.0,2025-03-11,22.0
V018360,U01818,S0302,163.0,2025-03-17,79.0
V018361,U00047,S0390,220.0,2024-02-04,22.0
V018362,U00247,S0474,196.0,2024-10-01,94.0
V018363,U01814,S0847,500.0,2024-05-29,44.0
V018364,U00438,S0731,143.0,2024-06-22,65.0
V018365,U01076,S0353,27.0,2024-02-09,72.0
V018366,U01785,S0327,500.0,2024-10-28,59.0
V018367,U01837,S0096,218.0,2024-03-20,73.0
V018368,U01071,S0112,500.0,2025-04-14,85.0
V018369,U00136,S0286,500.0,2024-02-10,95.0
V018370,U01571,S0264,112.0,2024-05-21,89.0
V018371,U01478,S0372,37.0,2025-05-17,21.0
V018372,U01196,S0769,500.0,2024-06-19,29.0
V018373,U01472,S0796,500.0,2024-06-01,46.0
V018374,U01867,S0397,219.0,2024-05-11,93.0
V018375,U01795,S0286,167.0,2024-02-12,14.0
V018376,U01559,S0226,500.0,2024-02-08,37.0
V018377,U01496,S0952,500.0,2024-07-09,46.0
V018378,U00893,S0514,500.0,2025-05-02,97.0
V018379,U01570,S0589,500.0,2024-08-26,98.0
V018380,U00830,S0503,142.0,2024-08-21,23.0
V018381,U00802,S0138,500.0,2024-01-03,48.0
V018382,U00572,S0110,110.0,2025-04-23,74.0
V018383,U00509,S0344,500.0,2024-05-25,99.0
V018384,U01046,S0661,18.0,2024-08-24,96.0
V018385,U00584,S0656,500.0,2024-01-31,25.0
V018386,U01598,S0534,219.0,2025-04-06,11.0
V018387,U01561,S0864,500.0,2025-06-15,56.0
V018388,U00657,S0459,500.0,2024-11-12,87.0
V018389,U00945,S0193,5.0,2024-02-08,36.0
V018390,U01693,S0951,500.0,2024-03-11,13.0
V018391,U01629,S0333,123.0,2024-08-23,85.0
V018392,U01406,S0844,141.0,2025-06-20,85.0
V018393,U00025,S0570,500.0,2025-05-20,45.0
V018394,U01722,S0291,500.0,2024-10-09,87.0
V018395,U00636,S0382,219.0,2024-06-13,56.0
V018396,U00033,S0256,500.0,2024-11-20,66.0
V018397,U00175,S0351,212.0,2025-06-14,90.0
V018398,U00259,S0769,116.0,2025-03-15,33.0
V018399,U00338,S0058,500.0,2024-04-29,31.0
V018400,U01521,S0392,500.0,2024-11-20,20.0
V018401,U00594,S0354,160.0,2025-02-06,98.0
V018402,U01661,S0537,500.0,2024-02-16,26.0
V018403,U00516,S0970,182.0,2025-01-17,92.0
V018404,U00259,S0404,219.0,2024-09-22,99.0
V018405,U01316,S0180,41.0,2024-12-18,68.0
V018406,U01214,S0296,500.0,2024-01-29,59.0
V018407,U00645,S0373,500.0,2025-01-24,34.0
V018408,U00852,S0765,68.0,2024-07-05,58.0
V018409,U01698,S0088,147.0,2025-03-16,42.0
V018410,U01331,S0679,500.0,2024-03-29,53.0
V018411,U00470,S0076,500.0,2024-07-28,10.0
V018412,U01254,S0984,88.0,2025-03-17,49.0
V018413,U00287,S0374,500.0,2024-10-16,65.0
V018414,U01852,S0854,500.0,2025-05-19,44.0
V018415,U01352,S0541,140.0,2024-10-22,12.0
V018416,U00268,S0244,118.0,2025-02-07,72.0
V018417,U00073,S0699,500.0,2025-05-02,59.0
V018418,U01987,S0691,500.0,2024-10-03,16.0
V018419,U01185,S0081,32.0,2024-11-03,83.0
V018420,U00769,S0163,134.0,2025-04-12,23.0
V018421,U01976,S0999,500.0,2024-01-15,74.0
V018422,U00238,S0917,64.0,2024-04-13,64.0
V018423,U00215,S0861,133.0,2024-04-02,45.0
V018424,U01237,S0386,96.0,2025-09-02,11.0
V018425,U01797,S0903,500.0,2024-07-12,21.0
V018426,U00949,S0783,500.0,2024-11-02,97.0
V018427,U01817,S0325,500.0,2024-08-30,73.0
V018428,U01606,S0869,219.0,2025-01-15,23.0
V018429,U01594,S0172,208.0,2024-08-25,83.0
V018430,U01883,S0378,151.0,2024-02-12,17.0
V018431,U01393,S0804,500.0,2024-01-29,40.0
V018432,U00348,S0629,113.0,2025-01-19,98.0
V018433,U01544,S0795,500.0,2024-10-21,48.0
V018434,U01244,S0420,500.0,2024-12-21,27.0
V018435,U00054,S0669,500.0,2024-08-22,32.0
V018436,U01990,S0289,500.0,2025-09-06,87.0
V018437,U00507,S0318,500.0,2025-05-21,24.0
V018438,U01462,S0200,500.0,2025-02-06,14.0
V018439,U00392,S0265,500.0,2024-08-12,43.0
V018440,U00991,S0890,140.0,2024-05-24,33.0
V018441,U00073,S0100,500.0,2025-01-15,73.0
V018442,U00923,S0607,73.0,2025-06-15,21.0
V018443,U00568,S0639,135.0,2025-03-26,62.0
V018444,U00419,S0036,206.0,2025-05-20,78.0
V018445,U00529,S0742,180.0,2024-11-23,91.0
V018446,U00951,S0594,32.0,2025-03-31,19.0
V018447,U01552,S0029,500.0,2024-02-10,40.0
V018448,U01456,S0292,191.0,2025-04-04,94.0
V018449,U01962,S0388,500.0,2024-10-23,24.0
V018450,U01301,S0002,500.0,2025-04-29,56.0
V018451,U01410,S0170,500.0,2024-12-21,52.0
V018452,U00936,S0484,500.0,2025-01-10,92.0
V018453,U01895,S0117,75.0,2025-04-26,71.0
V018454,U01232,S0753,500.0,2025-04-16,29.0
V018455,U01938,S0783,220.0,2025-02-09,40.0
V018456,U00208,S0361,129.0,2024-01-29,98.0
V018457,U01706,S0229,168.0,2025-06-24,77.0
V018458,U00503,S0894,212.0,2024-06-24,20.0
V018459,U00640,S0342,195.0,2025-06-24,53.0
V018460,U01168,S0927,500.0,2024-06-28,83.0
V018461,U00245,S0674,142.0,2024-09-15,18.0
V018462,U01105,S0623,175.0,2024-07-29,30.0
V018463,U01403,S0474,219.0,2024-08-12,26.0
V018464,U01645,S0883,500.0,2024-07-27,60.0
V018465,U01186,S0981,178.0,2024-05-25,28.0
V018466,U00671,S0443,500.0,2024-03-07,65.0
V018467,U00656,S0803,134.0,2024-07-04,71.0
V018468,U01697,S0682,217.0,2024-09-05,58.0
V018469,U01985,S0707,500.0,2025-08-01,64.0
V018470,U00352,S0001,219.0,2024-04-21,47.0
V018471,U01489,S0568,500.0,2024-05-16,86.0
V018472,U01442,S0991,70.0,2025-04-29,54.0
V018473,U01731,S0113,500.0,2024-09-04,67.0
V018474,U00036,S0309,96.0,2024-02-12,72.0
V018475,U01268,S0998,500.0,2025-05-02,91.0
V018476,U00328,S0758,500.0,2025-05-21,21.0
V018477,U01078,S0804,500.0,2024-11-06,41.0
V018478,U00265,S0691,8.0,2024-07-20,84.0
V018479,U01891,S0867,66.0,2025-09-03,64.0
V018480,U00204,S0342,59.0,2024-01-18,58.0
V018481,U01046,S0125,24.0,2025-07-04,11.0
V018482,U00987,S0658,500.0,2024-09-02,42.0
V018483,U01712,S0058,500.0,2025-01-23,56.0
V018484,U00600,S0407,500.0,2025-08-01,46.0
V018485,U00581,S0379,124.0,2024-09-02,73.0
V018486,U00947,S0802,500.0,2024-01-06,94.0
V018487,U00831,S0312,500.0,2024-04-21,87.0
V018488,U01108,S0011,500.0,2024-11-21,36.0
V018489,U00550,S0974,164.0,2024-12-21,77.0
V018490,U00879,S0755,26.0,2024-11-11,10.0
V018491,U00013,S0852,500.0,2024-06-05,37.0
V018492,U00730,S0126,500.0,2024-02-11,26.0
V018493,U00001,S0689,500.0,2024-04-04,76.0
V018494,U00155,S0810,138.0,2025-04-19,35.0
V018495,U00589,S0607,500.0,2024-09-23,21.0
V018496,U01547,S0788,105.0,2025-03-31,64.0
V018497,U01165,S0237,500.0,2024-10-28,89.0
V018498,U01994,S0125,500.0,2024-02-01,92.0
V018499,U01042,S0473,500.0,2024-07-05,42.0
V018500,U00100,S0275,186.0,2024-09-20,100.0
V018501,U01743,S0950,73.0,2024-05-18,44.0
V018502,U01109,S0902,500.0,2025-04-13,14.0
V018503,U01174,S0285,500.0,2025-10-05,96.0
V018504,U00976,S0659,500.0,2024-06-18,12.0
V018505,U01573,S0902,500.0,2024-10-04,40.0
V018506,U01520,S0479,500.0,2024-12-22,75.0
V018507,U00671,S0179,500.0,2024-09-02,70.0
V018508,U00082,S0063,500.0,2024-09-09,78.0
V018509,U00817,S0397,163.0,2024-02-23,49.0
V018510,U00647,S0171,34.0,2024-02-09,61.0
V018511,U01645,S0722,500.0,2024-06-16,93.0
V018512,U01498,S0562,106.0,2024-04-03,26.0
V018513,U01572,S0082,13.0,2024-11-08,21.0
V018514,U00395,S0383,500.0,2024-03-30,92.0
V018515,U00316,S0925,61.0,2025-04-22,58.0
V018516,U00882,S0389,500.0,2025-08-02,52.0
V018517,U00105,S0590,183.0,2024-12-06,11.0
V018518,U00030,S0570,500.0,2024-03-28,77.0
V018519,U00780,S0368,85.0,2024-02-21,51.0
V018520,U00036,S0499,13.0,2024-02-27,39.0
V018521,U00141,S0004,41.0,2025-10-04,70.0
V018522,U01604,S0429,20.0,2024-11-27,56.0
V018523,U01336,S0105,219.0,2024-03-31,53.0
V018524,U01119,S0433,500.0,2024-08-28,100.0
V018525,U01978,S0934,119.0,2024-09-12,79.0
V018526,U00980,S0868,109.0,2024-10-19,82.0
V018527,U00193,S0763,500.0,2024-02-10,31.0
V018528,U00421,S0793,500.0,2025-05-19,63.0
V018529,U01059,S0225,143.0,2024-06-07,41.0
V018530,U01952,S0504,500.0,2024-07-27,56.0
V018531,U00949,S0605,500.0,2024-03-20,82.0
V018532,U00301,S0619,500.0,2024-05-02,30.0
V018533,U01912,S0779,500.0,2025-01-13,69.0
V018534,U01854,S0649,219.0,2024-06-29,14.0
V018535,U01453,S0714,500.0,2024-12-14,35.0
V018536,U01309,S0456,500.0,2024-08-09,68.0
V018537,U00381,S0417,193.0,2024-07-23,45.0
V018538,U01711,S0838,500.0,2024-11-07,20.0
V018539,U01582,S0199,107.0,2025-02-01,95.0
V018540,U01584,S0901,500.0,2024-02-28,89.0
V018541,U00754,S0489,191.0,2024-01-02,14.0
V018542,U00852,S0099,10.0,2024-06-14,77.0
V018543,U00084,S0532,137.0,2024-08-09,75.0
V018544,U01198,S0413,70.0,2025-03-17,87.0
V018545,U00696,S0509,200.0,2024-02-15,16.0
V018546,U00845,S0637,500.0,2025-05-18,88.0
V018547,U00746,S0645,500.0,2024-06-21,95.0
V018548,U00906,S0674,66.0,2024-01-26,23.0
V018549,U00603,S0287,500.0,2024-05-15,25.0
V018550,U01990,S0846,128.0,2025-03-26,29.0
V018551,U01626,S0775,500.0,2025-03-03,90.0
V018552,U01739,S0317,500.0,2024-12-05,89.0
V018553,U01767,S0404,500.0,2024-10-02,42.0
V018554,U01916,S0313,500.0,2024-11-30,53.0
V018555,U01079,S0829,70.0,2025-04-19,19.0
V018556,U00575,S0276,90.0,2024-04-20,96.0
V018557,U00611,S0937,125.0,2024-07-07,31.0
V018558,U00848,S0374,500.0,2024-07-30,61.0
V018559,U00914,S0960,219.0,2025-06-01,29.0
V018560,U01539,S0824,500.0,2025-09-03,56.0
V018561,U00761,S0066,500.0,2025-04-19,45.0
V018562,U00781,S0003,19.0,2025-02-11,86.0
V018563,U01706,S0142,205.0,2025-04-04,21.0
V018564,U01215,S0670,500.0,2024-02-09,100.0
V018565,U01619,S0796,208.0,2024-05-12,86.0
V018566,U00483,S0899,149.0,2024-11-15,95.0
V018567,U01252,S0033,192.0,2025-04-01,57.0
V018568,U00663,S0425,500.0,2024-10-29,37.0
V018569,U00042,S0311,11.0,2024-06-09,23.0
V018570,U00237,S0724,177.0,2024-02-28,20.0
V018571,U01960,S0997,500.0,2024-05-04,22.0
V018572,U00883,S0031,500.0,2024-08-04,56.0
V018573,U00461,S0007,70.0,2025-02-25,63.0
V018574,U00227,S0009,500.0,2024-03-09,29.0
V018575,U00792,S0114,66.0,2024-03-05,51.0
V018576,U00894,S0361,500.0,2024-02-09,72.0
V018577,U01108,S0204,16.0,2024-10-25,68.0
V018578,U01018,S0825,500.0,2024-12-03,31.0
V018579,U00137,S0011,500.0,2024-05-13,41.0
V018580,U01707,S0937,500.0,2025-06-21,67.0
V018581,U01550,S0594,178.0,2024-03-17,96.0
V018582,U00038,S0042,219.0,2024-12-18,57.0
V018583,U00099,S0024,500.0,2025-10-04,87.0
V018584,U01714,S0766,169.0,2025-02-21,66.0
V018585,U00160,S0520,195.0,2025-05-06,68.0
V018586,U01463,S0046,151.0,2025-03-25,88.0
V018587,U01679,S0618,500.0,2025-04-10,42.0
V018588,U00438,S0585,500.0,2024-02-19,98.0
V018589,U00501,S0268,76.0,2024-05-24,52.0
V018590,U00742,S0408,500.0,2024-10-14,75.0
V018591,U00859,S0098,500.0,2025-02-15,26.0
V018592,U00521,S0214,184.0,2024-09-29,15.0
V018593,U01262,S0438,77.0,2024-09-19,10.0
V018594,U01245,S0417,500.0,2024-03-05,94.0
V018595,U01534,S0876,500.0,2025-12-04,63.0
V018596,U00662,S0780,218.0,2024-01-01,28.0
V018597,U00358,S0114,500.0,2024-12-18,65.0
V018598,U01669,S0024,219.0,2024-07-29,45.0
V018599,U00167,S0618,500.0,2024-11-22,83.0
V018600,U00509,S0275,500.0,2024-05-29,57.0
V018601,U01238,S0473,179.0,2025-01-28,60.0
V018602,U01177,S0120,500.0,2024-09-05,31.0
V018603,U00634,S0589,26.0,2025-03-21,53.0
V018604,U01841,S0939,500.0,2024-07-21,39.0
V018605,U01897,S0960,500.0,2024-11-08,63.0
V018606,U01595,S0363,97.0,2024-08-01,24.0
V018607,U00420,S0849,155.0,2024-05-31,20.0
V018608,U01595,S0513,212.0,2024-09-14,29.0
V018609,U01961,S0852,168.0,2024-09-04,69.0
V018610,U01161,S0540,500.0,2024-04-25,100.0
V018611,U01237,S0049,500.0,2024-01-19,58.0
V018612,U00507,S0480,500.0,2024-01-30,25.0
V018613,U01124,S0865,500.0,2024-04-16,62.0
V018614,U00963,S0572,32.0,2024-07-03,42.0
V018615,U00758,S0494,96.0,2024-07-14,65.0
V018616,U00827,S0960,219.0,2025-11-05,36.0
V018617,U00389,S0380,138.0,2025-01-20,80.0
V018618,U01292,S0050,500.0,2024-11-17,64.0
V018619,U00216,S0094,48.0,2025-05-21,63.0
V018620,U01370,S0485,184.0,2025-01-31,52.0
V018621,U00882,S0855,77.0,2024-08-23,11.0
V018622,U00884,S0505,178.0,2025-02-13,90.0
V018623,U01274,S0420,72.0,2025-02-15,23.0
V018624,U00661,S0844,219.0,2024-10-25,99.0
V018625,U01634,S0549,59.0,2024-05-20,27.0
V018626,U00123,S0878,42.0,2025-03-15,47.0
V018627,U01049,S0866,144.0,2025-03-18,46.0
V018628,U01297,S0251,84.0,2024-06-23,92.0
V018629,U00742,S0568,120.0,2025-01-06,66.0
V018630,U01441,S0232,500.0,2025-03-22,69.0
V018631,U01133,S0029,219.0,2024-07-11,64.0
V018632,U01389,S0782,213.0,2025-09-04,32.0
V018633,U00923,S0919,194.0,2025-01-04,27.0
V018634,U01377,S0758,500.0,2024-06-23,56.0
V018635,U00775,S0369,500.0,2024-12-14,56.0
V018636,U00962,S0796,168.0,2024-09-15,68.0
V018637,U01830,S0193,500.0,2024-06-16,86.0
V018638,U00556,S0904,500.0,2024-11-20,36.0
V018639,U01139,S0529,87.0,2025-03-14,58.0
V018640,U00676,S0299,80.0,2025-03-04,79.0
V018641,U01838,S0308,178.0,2025-06-18,54.0
V018642,U01093,S0702,7.0,2024-09-22,22.0
V018643,U01820,S0843,500.0,2025-06-13,85.0
V018644,U00119,S0118,500.0,2024-12-04,50.0
V018645,U00378,S0204,500.0,2024-02-17,76.0
V018646,U01210,S0594,500.0,2024-09-16,56.0
V018647,U00665,S0037,219.0,2024-12-04,26.0
V018648,U01289,S0330,500.0,2024-10-02,91.0
V018649,U01942,S0973,500.0,2024-02-17,81.0
V018650,U01238,S0815,500.0,2025-02-04,90.0
V018651,U00981,S0390,500.0,2024-05-08,71.0
V018652,U01695,S0797,500.0,2024-02-15,87.0
V018653,U00447,S0580,500.0,2024-09-07,30.0
V018654,U01189,S0557,500.0,2024-05-07,77.0
V018655,U01536,S0062,500.0,2024-03-15,51.0
V018656,U01095,S0518,500.0,2025-02-03,77.0
V018657,U01353,S0308,40.0,2024-08-27,30.0
V018658,U01745,S0185,84.0,2025-01-27,69.0
V018659,U01238,S0525,101.0,2024-04-01,56.0
V018660,U00185,S0643,174.0,2025-04-17,73.0
V018661,U00910,S0341,500.0,2025-02-22,30.0
V018662,U00449,S0010,500.0,2024-04-13,59.0
V018663,U01901,S0935,186.0,2025-04-20,40.0
V018664,U01409,S0207,219.0,2025-04-05,25.0
V018665,U00283,S0612,500.0,2024-12-28,50.0
V018666,U01921,S0368,171.0,2024-06-12,82.0
V018667,U01120,S0669,500.0,2025-04-27,29.0
V018668,U01383,S0152,58.0,2024-06-14,86.0
V018669,U01424,S0673,500.0,2024-12-10,35.0
V018670,U01392,S0107,55.0,2024-06-17,33.0
V018671,U01677,S0907,500.0,2024-03-04,26.0
V018672,U00071,S0939,500.0,2024-03-20,19.0
V018673,U00864,S0838,500.0,2024-09-28,42.0
V018674,U00706,S0864,500.0,2024-11-25,92.0
V018675,U01261,S0081,500.0,2025-03-06,92.0
V018676,U01707,S0089,500.0,2024-02-05,87.0
V018677,U01228,S0048,94.0,2025-01-18,94.0
V018678,U00801,S0725,219.0,2024-10-16,93.0
V018679,U00481,S0958,219.0,2024-03-19,94.0
V018680,U01495,S0652,64.0,2024-01-15,59.0
V018681,U00779,S0883,188.0,2024-04-06,67.0
V018682,U01152,S0656,500.0,2024-10-15,21.0
V018683,U01486,S0599,90.0,2025-05-20,30.0
V018684,U01110,S0475,500.0,2024-05-08,78.0
V018685,U01039,S0924,500.0,2024-02-16,56.0
V018686,U01973,S0777,63.0,2024-05-07,86.0
V018687,U01296,S0356,500.0,2024-03-28,59.0
V018688,U01919,S0497,155.0,2025-06-19,78.0
V018689,U01730,S0397,500.0,2024-07-20,25.0
V018690,U01346,S0194,136.0,2025-06-04,100.0
V018691,U00772,S0116,133.0,2024-04-28,80.0
V018692,U01818,S0199,500.0,2025-02-06,96.0
V018693,U00459,S0397,162.0,2024-09-07,42.0
V018694,U00843,S0563,37.0,2025-09-02,92.0
V018695,U00992,S0839,500.0,2024-05-13,80.0
V018696,U00831,S0169,500.0,2025-06-06,79.0
V018697,U01616,S0359,500.0,2024-08-23,38.0
V018698,U01793,S0240,10.0,2025-02-26,55.0
V018699,U01854,S0226,109.0,2025-01-15,70.0
V018700,U01219,S0044,500.0,2025-02-06,52.0
V018701,U00384,S0009,500.0,2024-04-16,25.0
V018702,U01999,S0758,81.0,2024-06-13,89.0
V018703,U01379,S0768,98.0,2024-05-22,73.0
V018704,U01195,S0107,182.0,2024-02-27,31.0
V018705,U01469,S0387,36.0,2025-06-02,35.0
V018706,U00489,S0831,78.0,2024-12-02,35.0
V018707,U00755,S0556,500.0,2024-07-15,54.0
V018708,U01965,S0572,28.0,2024-12-14,79.0
V018709,U00282,S0110,83.0,2025-04-13,16.0
V018710,U01668,S0422,193.0,2025-06-22,56.0
V018711,U01753,S0607,500.0,2024-04-28,25.0
V018712,U01102,S0791,500.0,2025-03-23,90.0
V018713,U00617,S0021,500.0,2024-01-02,93.0
V018714,U01740,S0851,500.0,2024-05-23,10.0
V018715,U00995,S0789,115.0,2025-04-11,37.0
V018716,U00932,S0084,84.0,2024-01-16,75.0
V018717,U00433,S0130,500.0,2025-03-15,97.0
V018718,U00418,S0842,172.0,2024-12-12,80.0
V018719,U00954,S0339,42.0,2024-01-13,64.0
V018720,U01238,S0948,172.0,2024-11-03,40.0
V018721,U01851,S0938,16.0,2024-06-15,45.0
V018722,U00184,S0014,197.0,2025-01-18,44.0
V018723,U00290,S0548,500.0,2025-02-06,76.0
V018724,U01888,S0356,165.0,2024-01-01,43.0
V018725,U00158,S0108,51.0,2024-01-08,20.0
V018726,U01471,S0746,136.0,2024-02-26,72.0
V018727,U01108,S0593,500.0,2024-09-22,58.0
V018728,U00267,S0965,500.0,2024-11-05,87.0
V018729,U01662,S0114,117.0,2025-03-01,20.0
V018730,U01127,S0920,500.0,2024-04-21,97.0
V018731,U01859,S0379,500.0,2024-04-25,70.0
V018732,U00457,S0718,158.0,2024-07-04,50.0
V018733,U00061,S0983,500.0,2024-05-19,55.0
V018734,U01800,S0207,31.0,2025-02-18,40.0
V018735,U00750,S0309,105.0,2024-04-01,94.0
V018736,U01068,S0894,105.0,2024-06-28,45.0
V018737,U01757,S0042,500.0,2024-10-24,24.0
V018738,U01599,S0265,119.0,2024-05-08,78.0
V018739,U00002,S0320,197.0,2025-04-02,56.0
V018740,U01190,S0279,500.0,2025-05-28,79.0
V018741,U00955,S0013,500.0,2025-01-14,71.0
V018742,U01040,S0555,28.0,2024-09-06,98.0
V018743,U01600,S0760,219.0,2025-10-02,39.0
V018744,U01988,S0117,20.0,2024-05-14,18.0
V018745,U01686,S0583,500.0,2024-12-02,73.0
V018746,U01099,S0532,500.0,2025-02-20,64.0
V018747,U01190,S0159,181.0,2025-02-09,49.0
V018748,U00871,S0330,500.0,2024-06-21,52.0
V018749,U01438,S0294,500.0,2024-02-26,57.0
V018750,U00355,S0109,110.0,2024-09-11,50.0
V018751,U00552,S0851,500.0,2024-01-04,76.0
V018752,U00376,S0067,500.0,2024-04-09,46.0
V018753,U01058,S0854,112.0,2025-01-25,62.0
V018754,U01662,S0630,34.0,2024-11-13,31.0
V018755,U00137,S0090,500.0,2024-04-03,47.0
V018756,U00725,S0057,500.0,2025-03-06,67.0
V018757,U00308,S0989,219.0,2024-07-06,21.0
V018758,U01072,S0915,160.0,2024-12-21,59.0
V018759,U00527,S0788,500.0,2024-01-15,56.0
V018760,U01827,S0700,199.0,2025-03-03,22.0
V018761,U01833,S0269,81.0,2024-06-30,85.0
V018762,U00864,S0612,176.0,2025-03-23,94.0
V018763,U00507,S0179,147.0,2025-03-18,93.0
V018764,U00640,S0630,140.0,2025-04-18,17.0
V018765,U01711,S0710,500.0,2024-11-23,67.0
V018766,U00481,S0649,500.0,2024-10-09,73.0
V018767,U00614,S0887,201.0,2024-05-13,55.0
V018768,U00139,S0631,201.0,2024-06-10,83.0
V018769,U01000,S0655,500.0,2024-09-02,46.0
V018770,U00538,S0582,124.0,2024-12-11,50.0
V018771,U01404,S0298,67.0,2025-05-31,77.0
V018772,U00329,S0296,133.0,2024-05-24,19.0
V018773,U01439,S0265,212.0,2025-04-24,46.0
V018774,U00340,S0902,500.0,2024-02-03,25.0
V018775,U01622,S0738,500.0,2024-10-05,90.0
V018776,U01259,S0731,500.0,2025-10-06,93.0
V018777,U01536,S0215,500.0,2024-08-31,71.0
V018778,U00070,S0268,204.0,2025-09-04,24.0
V018779,U01786,S0973,500.0,2025-08-05,12.0
V018780,U01854,S0735,173.0,2024-08-20,83.0
V018781,U01669,S0378,105.0,2024-03-08,17.0
V018782,U00557,S0360,500.0,2024-03-08,56.0
V018783,U01299,S0334,119.0,2024-06-05,56.0
V018784,U01368,S0286,500.0,2024-07-11,72.0
V018785,U01443,S0537,500.0,2024-09-05,24.0
V018786,U00803,S0290,97.0,2024-09-15,69.0
V018787,U00252,S0771,138.0,2024-12-06,53.0
V018788,U00262,S0943,219.0,2025-07-06,43.0
V018789,U00786,S0675,63.0,2024-12-29,28.0
V018790,U01568,S0958,13.0,2024-10-13,72.0
V018791,U00162,S0146,500.0,2024-04-02,59.0
V018792,U01702,S0012,500.0,2025-03-25,74.0
V018793,U01155,S0319,17.0,2024-05-07,96.0
V018794,U00569,S0141,500.0,2024-04-07,51.0
V018795,U00862,S0877,35.0,2024-11-08,86.0
V018796,U01448,S0851,52.0,2024-04-30,32.0
V018797,U01774,S0586,500.0,2024-07-21,58.0
V018798,U00410,S0671,500.0,2025-06-01,77.0
V018799,U01647,S0472,500.0,2024-01-01,63.0
V018800,U01080,S0070,86.0,2024-05-03,96.0
V018801,U00665,S0071,500.0,2024-10-29,44.0
V018802,U00313,S0275,500.0,2024-02-04,12.0
V018803,U00349,S0689,500.0,2024-02-17,65.0
V018804,U00379,S0440,500.0,2024-12-27,16.0
V018805,U00370,S0122,500.0,2024-11-05,17.0
V018806,U01480,S0212,500.0,2024-10-07,100.0
V018807,U00424,S0265,500.0,2025-01-06,13.0
V018808,U01966,S0348,210.0,2024-07-05,17.0
V018809,U00441,S0485,500.0,2024-05-06,91.0
V018810,U01272,S0008,500.0,2024-02-04,65.0
V018811,U01045,S0240,130.0,2024-12-07,93.0
V018812,U01569,S0161,500.0,2025-03-11,76.0
V018813,U00980,S0269,500.0,2024-06-22,33.0
V018814,U00415,S0522,46.0,2024-05-25,66.0
V018815,U01759,S0287,500.0,2024-03-31,49.0
V018816,U01870,S0039,203.0,2025-04-15,78.0
V018817,U01375,S0104,215.0,2025-01-31,54.0
V018818,U00832,S0731,500.0,2025-05-15,100.0
V018819,U01671,S0020,500.0,2024-08-28,22.0
V018820,U00013,S0193,500.0,2024-03-31,19.0
V018821,U00764,S0763,500.0,2024-01-19,26.0
V018822,U01315,S0901,19.0,2025-03-28,63.0
V018823,U01981,S0015,171.0,2024-07-27,56.0
V018824,U01370,S0073,500.0,2024-08-23,86.0
V018825,U00255,S0722,21.0,2024-10-02,32.0
V018826,U01925,S0840,216.0,2024-08-24,50.0
V018827,U00142,S0853,8.0,2024-05-08,20.0
V018828,U00036,S0403,500.0,2024-11-28,85.0
V018829,U01302,S0863,29.0,2025-06-08,35.0
V018830,U00979,S0423,500.0,2025-01-03,42.0
V018831,U00322,S0912,55.0,2025-03-01,72.0
V018832,U00370,S0831,132.0,2024-11-17,41.0
V018833,U01984,S0875,500.0,2025-11-02,47.0
V018834,U01074,S0949,115.0,2025-03-18,33.0
V018835,U01590,S0931,162.0,2024-11-17,51.0
V018836,U01165,S0731,500.0,2024-01-30,67.0
V018837,U01142,S0906,94.0,2024-04-11,96.0
V018838,U01927,S0928,157.0,2025-08-06,35.0
V018839,U00236,S0099,38.0,2024-04-11,45.0
V018840,U01224,S0626,172.0,2025-04-19,41.0
V018841,U00154,S0934,500.0,2024-01-10,49.0
V018842,U01364,S0261,500.0,2024-01-29,78.0
V018843,U00343,S0010,500.0,2025-05-10,31.0
V018844,U01353,S0791,500.0,2024-10-21,65.0
V018845,U00535,S0793,500.0,2024-03-05,46.0
V018846,U00220,S0921,99.0,2024-01-18,69.0
V018847,U00726,S0881,72.0,2024-08-06,40.0
V018848,U01997,S0934,169.0,2024-10-24,52.0
V018849,U00516,S0489,500.0,2024-07-14,68.0
V018850,U01632,S0511,21.0,2025-02-16,83.0
V018851,U01958,S0441,500.0,2024-06-04,28.0
V018852,U00700,S0946,100.0,2025-12-02,92.0
V018853,U00634,S0772,500.0,2024-09-13,71.0
V018854,U01856,S0168,500.0,2024-05-04,59.0
V018855,U01855,S0390,90.0,2024-05-17,74.0
V018856,U00511,S0687,500.0,2024-11-26,10.0
V018857,U01810,S0509,37.0,2025-03-24,61.0
V018858,U01868,S0704,175.0,2025-01-14,94.0
V018859,U01496,S0626,69.0,2025-04-14,56.0
V018860,U01712,S0921,500.0,2024-07-06,77.0
V018861,U00221,S0405,83.0,2024-08-08,85.0
V018862,U00071,S0195,152.0,2024-10-10,91.0
V018863,U00321,S0060,36.0,2024-02-21,41.0
V018864,U00417,S0060,500.0,2025-03-26,57.0
V018865,U01481,S0809,500.0,2024-02-08,91.0
V018866,U00594,S0665,500.0,2024-01-24,16.0
V018867,U01139,S0110,219.0,2024-02-26,84.0
V018868,U01300,S0453,187.0,2024-12-19,59.0
V018869,U00811,S0802,500.0,2024-09-11,37.0
V018870,U01428,S0611,500.0,2025-04-15,41.0
V018871,U00427,S0558,500.0,2024-11-29,81.0
V018872,U01270,S0216,500.0,2024-05-17,56.0
V018873,U01333,S0104,152.0,2024-03-08,55.0
V018874,U00738,S0050,500.0,2024-01-18,39.0
V018875,U00258,S0999,36.0,2024-05-09,28.0
V018876,U00960,S0087,500.0,2024-04-17,97.0
V018877,U01223,S0276,219.0,2024-04-26,12.0
V018878,U00291,S0894,82.0,2024-04-08,49.0
V018879,U01902,S0453,172.0,2024-11-25,26.0
V018880,U00718,S0724,500.0,2024-04-27,35.0
V018881,U00940,S0291,66.0,2024-09-22,12.0
V018882,U01973,S0415,148.0,2024-03-26,85.0
V018883,U01935,S0460,500.0,2025-06-04,81.0
V018884,U01978,S0183,141.0,2024-03-27,64.0
V018885,U01685,S0491,74.0,2025-07-02,22.0
V018886,U01534,S0163,86.0,2024-12-28,99.0
V018887,U01363,S0547,500.0,2025-07-01,88.0
V018888,U00023,S0875,500.0,2024-05-25,28.0
V018889,U00858,S0301,165.0,2024-12-16,56.0
V018890,U01511,S0050,500.0,2024-04-12,83.0
V018891,U00786,S0139,42.0,2024-11-19,53.0
V018892,U00940,S0529,219.0,2025-05-21,45.0
V018893,U00960,S0278,180.0,2024-06-17,56.0
V018894,U00288,S0004,500.0,2024-11-29,79.0
V018895,U00945,S0915,104.0,2024-07-22,44.0
V018896,U00455,S0146,500.0,2024-09-05,70.0
V018897,U01023,S0074,20.0,2024-05-18,76.0
V018898,U01899,S0130,155.0,2024-08-29,11.0
V018899,U01527,S0626,500.0,2025-01-23,39.0
V018900,U01155,S0716,500.0,2024-05-18,72.0
V018901,U00129,S0339,500.0,2024-06-28,70.0
V018902,U01484,S0904,95.0,2025-04-21,53.0
V018903,U00787,S0843,500.0,2024-02-10,39.0
V018904,U01815,S0298,113.0,2024-12-16,54.0
V018905,U00982,S0402,500.0,2024-04-21,57.0
V018906,U00469,S0532,126.0,2025-06-18,98.0
V018907,U01767,S0453,500.0,2024-10-09,81.0
V018908,U00404,S0757,196.0,2024-05-16,58.0
V018909,U01230,S0124,123.0,2025-01-06,60.0
V018910,U00938,S0568,120.0,2024-03-27,16.0
V018911,U01618,S0473,500.0,2024-09-07,44.0
V018912,U00132,S0209,150.0,2024-01-26,10.0
V018913,U01840,S0404,91.0,2024-08-04,65.0
V018914,U01351,S0901,500.0,2025-06-03,64.0
V018915,U00195,S0195,37.0,2024-10-15,72.0
V018916,U01380,S0932,125.0,2024-09-09,74.0
V018917,U00022,S0794,500.0,2024-05-16,35.0
V018918,U01800,S0748,96.0,2024-02-01,72.0
V018919,U01452,S0887,500.0,2024-11-22,56.0
V018920,U00952,S0028,500.0,2025-06-15,49.0
V018921,U00971,S0880,500.0,2024-12-20,46.0
V018922,U01659,S0761,28.0,2025-10-02,42.0
V018923,U01465,S0757,500.0,2024-01-19,83.0
V018924,U01946,S0876,500.0,2024-12-12,81.0
V018925,U00304,S0739,500.0,2025-02-10,14.0
V018926,U00048,S0898,500.0,2024-03-08,13.0
V018927,U01350,S0833,500.0,2025-11-05,87.0
V018928,U01214,S0856,112.0,2025-03-03,90.0
V018929,U01960,S0001,45.0,2024-07-15,52.0
V018930,U01423,S0970,500.0,2024-04-08,13.0
V018931,U00439,S0376,500.0,2025-02-06,99.0
V018932,U01755,S0330,208.0,2025-05-04,18.0
V018933,U00727,S1000,214.0,2024-11-23,32.0
V018934,U01046,S0459,219.0,2024-04-05,42.0
V018935,U00237,S0464,500.0,2024-04-06,54.0
V018936,U01404,S0358,500.0,2024-12-29,59.0
V018937,U01948,S0198,219.0,2024-02-28,34.0
V018938,U01785,S0379,97.0,2024-09-01,12.0
V018939,U01742,S0196,500.0,2024-01-20,63.0
V018940,U00324,S0992,500.0,2024-11-05,39.0
V018941,U01405,S0344,500.0,2024-08-14,64.0
V018942,U01012,S0998,148.0,2024-07-14,15.0
V018943,U01675,S0041,500.0,2025-04-02,88.0
V018944,U00145,S0799,500.0,2024-07-14,40.0
V018945,U00140,S0576,71.0,2024-04-01,82.0
V018946,U00237,S0500,152.0,2025-01-02,80.0
V018947,U00556,S0198,500.0,2024-01-19,30.0
V018948,U00097,S0159,500.0,2024-10-24,39.0
V018949,U00241,S0460,500.0,2025-05-28,96.0
V018950,U00730,S0398,108.0,2024-10-27,95.0
V018951,U00410,S0995,135.0,2024-10-03,58.0
V018952,U00649,S0567,114.0,2024-03-27,54.0
V018953,U00586,S0719,500.0,2024-10-21,55.0
V018954,U01464,S0395,58.0,2024-07-20,65.0
V018955,U00954,S0828,164.0,2025-06-14,77.0
V018956,U00228,S0977,75.0,2024-08-26,63.0
V018957,U00964,S0125,157.0,2025-03-05,55.0
V018958,U00594,S0918,130.0,2025-05-14,58.0
V018959,U01285,S0573,59.0,2025-11-05,63.0
V018960,U01824,S0114,500.0,2025-12-03,31.0
V018961,U00334,S0404,67.0,2024-10-20,20.0
V018962,U00450,S0566,95.0,2024-12-03,78.0
V018963,U01063,S0403,500.0,2025-07-05,20.0
V018964,U01861,S0776,190.0,2024-01-10,43.0
V018965,U00831,S0864,75.0,2024-10-21,98.0
V018966,U00721,S0752,205.0,2024-09-22,74.0
V018967,U01778,S0393,186.0,2025-01-20,13.0
V018968,U00610,S0195,103.0,2025-03-23,91.0
V018969,U01675,S0261,500.0,2024-08-26,19.0
V018970,U00285,S0662,500.0,2025-03-23,26.0
V018971,U00705,S0423,500.0,2024-07-23,81.0
V018972,U00491,S0011,109.0,2025-06-04,67.0
V018973,U01783,S0563,500.0,2024-07-07,94.0
V018974,U00460,S0310,68.0,2024-09-27,13.0
V018975,U01533,S0110,500.0,2024-03-14,97.0
V018976,U00122,S0676,155.0,2024-05-26,25.0
V018977,U01062,S0409,219.0,2025-02-06,29.0
V018978,U00574,S0737,500.0,2024-01-08,33.0
V018979,U01794,S0703,500.0,2024-11-25,37.0
V018980,U01309,S0850,500.0,2025-03-03,43.0
V018981,U00437,S0637,114.0,2024-12-01,62.0
V018982,U00510,S0850,110.0,2025-04-30,13.0
V018983,U00223,S0224,10.0,2025-07-05,80.0
V018984,U00263,S0657,500.0,2024-06-17,66.0
V018985,U01584,S0670,500.0,2024-06-26,65.0
V018986,U01132,S0974,167.0,2024-12-23,22.0
V018987,U00522,S0623,127.0,2025-04-16,33.0
V018988,U00403,S0291,35.0,2024-01-27,56.0
V018989,U00383,S0322,500.0,2024-12-29,49.0
V018990,U00234,S0462,45.0,2025-03-28,56.0
V018991,U01145,S0424,500.0,2025-05-30,87.0
V018992,U00797,S0808,500.0,2024-06-29,29.0
V018993,U00569,S0400,500.0,2025-05-20,97.0
V018994,U01959,S0530,45.0,2024-04-28,82.0
V018995,U01860,S0287,500.0,2024-03-08,22.0
V018996,U01520,S0748,500.0,2025-02-27,69.0
V018997,U00342,S0534,500.0,2024-03-16,76.0
V018998,U01870,S0532,35.0,2024-05-01,100.0
V018999,U01540,S0227,78.0,2024-06-20,35.0
V019000,U00837,S0677,500.0,2024-10-13,80.0
V019001,U01997,S0654,500.0,2025-04-16,10.0
V019002,U00543,S0744,49.0,2025-01-18,63.0
V019003,U01388,S0924,181.0,2024-10-26,39.0
V019004,U01278,S0063,136.0,2024-02-06,20.0
V019005,U01978,S0632,47.0,2024-07-05,95.0
V019006,U00841,S0491,500.0,2024-04-04,78.0
V019007,U00347,S0486,500.0,2024-09-28,81.0
V019008,U01951,S0427,174.0,2024-12-16,23.0
V019009,U01472,S0526,500.0,2024-01-14,96.0
V019010,U00942,S0462,500.0,2024-12-01,27.0
V019011,U00229,S0001,123.0,2024-11-01,33.0
V019012,U00311,S0075,144.0,2024-05-18,56.0
V019013,U01128,S0447,500.0,2024-12-10,68.0
V019014,U01792,S0646,69.0,2025-06-23,28.0
V019015,U01875,S0821,500.0,2024-11-10,89.0
V019016,U00856,S0985,62.0,2024-07-23,96.0
V019017,U00556,S0602,147.0,2024-05-24,49.0
V019018,U00052,S0822,500.0,2024-09-29,73.0
V019019,U00128,S0938,500.0,2025-05-19,31.0
V019020,U00840,S0173,500.0,2024-04-25,76.0
V019021,U01381,S0995,500.0,2025-02-01,13.0
V019022,U00013,S0775,500.0,2025-04-15,93.0
V019023,U00292,S0755,500.0,2024-09-06,94.0
V019024,U01195,S0708,80.0,2024-05-31,28.0
V019025,U00013,S0348,500.0,2025-05-29,76.0
V019026,U01013,S0078,500.0,2024-11-15,33.0
V019027,U01281,S0122,500.0,2025-02-26,18.0
V019028,U00212,S0960,102.0,2024-05-22,96.0
V019029,U00174,S0419,500.0,2024-10-24,78.0
V019030,U00940,S0742,143.0,2024-05-05,20.0
V019031,U01419,S0585,150.0,2024-07-05,56.0
V019032,U01653,S0481,165.0,2025-05-13,42.0
V019033,U00025,S0619,500.0,2024-01-07,10.0
V019034,U00506,S0251,181.0,2024-10-11,75.0
V019035,U01193,S0308,193.0,2025-04-24,73.0
V019036,U01322,S0245,219.0,2024-06-18,10.0
V019037,U00726,S0244,500.0,2025-05-28,24.0
V019038,U01434,S0297,500.0,2024-08-25,35.0
V019039,U00689,S0521,500.0,2024-10-24,31.0
V019040,U01379,S0184,215.0,2024-03-05,12.0
V019041,U00323,S0357,500.0,2024-06-08,11.0
V019042,U00883,S0419,209.0,2024-05-10,89.0
V019043,U00866,S0929,500.0,2024-06-04,30.0
V019044,U01802,S0480,81.0,2024-09-27,32.0
V019045,U01035,S0278,500.0,2024-06-06,19.0
V019046,U01521,S0585,49.0,2024-09-27,24.0
V019047,U01474,S0126,500.0,2024-03-09,82.0
V019048,U00635,S0185,219.0,2024-08-23,60.0
V019049,U00605,S0135,500.0,2025-03-06,71.0
V019050,U01178,S0915,54.0,2025-07-03,67.0
V019051,U01465,S0499,500.0,2025-04-07,34.0
V019052,U01785,S0203,500.0,2024-03-01,33.0
V019053,U00734,S0751,42.0,2025-04-15,45.0
V019054,U01238,S0370,500.0,2024-02-02,69.0
V019055,U00972,S0504,112.0,2024-03-10,95.0
V019056,U00466,S0511,71.0,2024-12-08,68.0
V019057,U01379,S0239,219.0,2025-04-16,35.0
V019058,U01954,S0117,500.0,2024-11-26,73.0
V019059,U00156,S0590,190.0,2024-08-19,16.0
V019060,U00914,S0443,192.0,2025-01-30,16.0
V019061,U00793,S0097,500.0,2024-05-12,46.0
V019062,U00690,S0533,53.0,2025-01-18,78.0
V019063,U00428,S0054,166.0,2024-08-06,24.0
V019064,U01895,S0012,80.0,2025-05-05,63.0
V019065,U00894,S0263,500.0,2024-12-03,19.0
V019066,U01797,S0599,106.0,2025-01-17,73.0
V019067,U01156,S0767,500.0,2024-02-17,96.0
V019068,U01747,S0354,90.0,2025-03-28,91.0
V019069,U00743,S0093,77.0,2024-06-23,73.0
V019070,U00813,S0097,500.0,2024-05-04,10.0
V019071,U00167,S0824,65.0,2024-08-11,68.0
V019072,U01918,S0165,76.0,2025-03-31,47.0
V019073,U01630,S0674,500.0,2024-11-27,40.0
V019074,U00129,S0171,48.0,2024-05-17,85.0
V019075,U00220,S0022,500.0,2024-03-10,50.0
V019076,U01203,S0841,500.0,2024-07-14,46.0
V019077,U01742,S0721,172.0,2024-03-29,95.0
V019078,U00872,S0673,73.0,2024-11-19,27.0
V019079,U01098,S0206,500.0,2025-03-31,42.0
V019080,U00475,S0813,500.0,2024-07-15,74.0
V019081,U00104,S0820,161.0,2024-09-21,56.0
V019082,U01637,S0682,500.0,2025-03-23,63.0
V019083,U01230,S0248,125.0,2024-01-24,24.0
V019084,U01675,S0258,179.0,2024-09-22,58.0
V019085,U00690,S0311,500.0,2024-01-31,59.0
V019086,U01273,S0369,500.0,2024-01-01,76.0
V019087,U01612,S0066,219.0,2024-01-25,83.0
V019088,U01333,S0052,45.0,2025-06-10,17.0
V019089,U00848,S0796,186.0,2024-03-28,73.0
V019090,U00316,S0685,500.0,2024-01-03,18.0
V019091,U00091,S0926,500.0,2024-06-09,56.0
V019092,U00910,S0857,500.0,2024-06-10,47.0
V019093,U00264,S0555,193.0,2024-09-10,20.0
V019094,U00535,S0732,500.0,2024-06-25,40.0
V019095,U00259,S0259,136.0,2024-02-12,80.0
V019096,U00950,S0416,500.0,2024-05-12,97.0
V019097,U01525,S0273,120.0,2024-11-08,76.0
V019098,U01019,S0545,146.0,2024-12-22,86.0
V019099,U00124,S0594,49.0,2024-12-26,59.0
V019100,U01223,S0097,67.0,2024-11-01,86.0
V019101,U01939,S0240,500.0,2025-02-08,31.0
V019102,U01041,S0782,147.0,2024-07-17,52.0
V019103,U01217,S0029,500.0,2024-10-17,87.0
V019104,U01715,S0203,500.0,2024-04-22,56.0
V019105,U00220,S0466,83.0,2024-02-13,32.0
V019106,U01073,S0751,124.0,2024-10-10,71.0
V019107,U01188,S0929,500.0,2024-12-18,52.0
V019108,U01258,S0333,500.0,2025-06-03,79.0
V019109,U00696,S0812,24.0,2024-07-27,28.0
V019110,U01206,S0344,500.0,2024-09-11,86.0
V019111,U01664,S0433,135.0,2025-05-06,62.0
V019112,U01014,S0962,160.0,2024-12-12,94.0
V019113,U00380,S0115,500.0,2024-02-02,80.0
V019114,U00097,S0276,147.0,2025-01-24,78.0
V019115,U01620,S0693,500.0,2025-02-03,84.0
V019116,U00787,S0043,500.0,2025-04-12,18.0
V019117,U01382,S0637,500.0,2024-10-13,70.0
V019118,U01318,S0700,500.0,2024-05-11,97.0
V019119,U00162,S0278,174.0,2025-04-11,47.0
V019120,U00564,S0819,167.0,2024-08-16,40.0
V019121,U00464,S0888,500.0,2024-06-26,29.0
V019122,U01017,S0782,500.0,2025-05-09,95.0
V019123,U01311,S0880,500.0,2024-03-28,20.0
V019124,U00190,S0462,61.0,2024-08-25,14.0
V019125,U00497,S0785,14.0,2024-09-02,63.0
V019126,U01404,S0390,138.0,2024-10-19,68.0
V019127,U00636,S0741,138.0,2024-02-22,87.0
V019128,U01081,S0514,59.0,2025-05-03,20.0
V019129,U01806,S0981,199.0,2025-05-21,74.0
V019130,U00822,S0904,32.0,2025-05-16,16.0
V019131,U01170,S0732,500.0,2024-05-18,42.0
V019132,U01432,S0590,500.0,2024-08-28,39.0
V019133,U01049,S0976,219.0,2024-05-20,56.0
V019134,U00319,S0963,500.0,2024-07-11,15.0
V019135,U00438,S0034,500.0,2024-11-14,94.0
V019136,U01200,S0832,500.0,2024-10-26,18.0
V019137,U01964,S0133,500.0,2024-03-25,56.0
V019138,U01280,S0101,177.0,2025-06-01,19.0
V019139,U01786,S0672,500.0,2024-02-26,65.0
V019140,U01260,S0547,22.0,2024-03-22,55.0
V019141,U01872,S0126,136.0,2025-11-01,79.0
V019142,U00055,S0877,500.0,2024-05-22,11.0
V019143,U00662,S0759,7.0,2025-05-04,14.0
V019144,U00482,S0476,104.0,2024-11-04,83.0
V019145,U01353,S0186,211.0,2024-02-04,81.0
V019146,U00873,S0274,219.0,2024-07-29,71.0
V019147,U01929,S0726,500.0,2024-09-12,48.0
V019148,U00825,S0154,500.0,2024-09-05,51.0
V019149,U00493,S0676,147.0,2025-04-29,84.0
V019150,U00223,S0953,500.0,2024-04-20,84.0
V019151,U01309,S0983,500.0,2024-09-18,54.0
V019152,U00112,S0646,53.0,2025-06-13,70.0
V019153,U00727,S0527,500.0,2024-03-14,17.0
V019154,U01379,S0126,207.0,2024-04-03,51.0
V019155,U00661,S0186,217.0,2024-10-09,62.0
V019156,U01537,S0246,189.0,2025-04-03,94.0
V019157,U00965,S0994,27.0,2024-09-29,60.0
V019158,U01512,S0817,500.0,2024-05-13,26.0
V019159,U01893,S0986,500.0,2025-04-22,88.0
V019160,U01622,S0901,84.0,2024-10-19,50.0
V019161,U01197,S0982,119.0,2024-07-28,47.0
V019162,U00218,S0671,8.0,2024-08-30,92.0
V019163,U00941,S0844,192.0,2024-09-20,23.0
V019164,U01205,S0341,219.0,2025-02-05,58.0
V019165,U01245,S0392,72.0,2024-04-03,44.0
V019166,U00223,S0995,500.0,2024-07-27,92.0
V019167,U01723,S0075,500.0,2024-12-18,51.0
V019168,U00214,S0755,152.0,2024-10-09,66.0
V019169,U01183,S0257,124.0,2024-02-28,89.0
V019170,U00321,S0567,76.0,2024-01-18,99.0
V019171,U01672,S0923,33.0,2024-12-26,82.0
V019172,U01735,S0860,218.0,2024-09-24,46.0
V019173,U00230,S0448,500.0,2024-04-25,12.0
V019174,U00139,S0594,500.0,2024-12-01,66.0
V019175,U00031,S0071,117.0,2025-01-19,12.0
V019176,U00514,S0681,126.0,2024-08-21,81.0
V019177,U00262,S0346,500.0,2025-02-21,22.0
V019178,U00308,S0855,500.0,2025-11-04,69.0
V019179,U01065,S0015,135.0,2025-04-10,14.0
V019180,U00270,S0707,500.0,2024-08-18,50.0
V019181,U01269,S0947,117.0,2025-06-05,28.0
V019182,U00619,S0414,169.0,2025-01-10,89.0
V019183,U00153,S0530,111.0,2024-08-24,72.0
V019184,U00119,S0020,175.0,2025-01-20,79.0
V019185,U00704,S0982,37.0,2024-06-30,24.0
V019186,U01047,S0958,131.0,2024-02-15,27.0
V019187,U01250,S0220,155.0,2024-07-07,73.0
V019188,U00784,S0563,203.0,2025-05-08,49.0
V019189,U00509,S0733,500.0,2024-07-31,85.0
V019190,U01323,S0779,500.0,2024-11-08,47.0
V019191,U01248,S0239,500.0,2024-05-29,32.0
V019192,U01474,S0091,50.0,2025-04-19,56.0
V019193,U01255,S0741,219.0,2024-04-02,83.0
V019194,U00798,S0664,500.0,2024-10-22,96.0
V019195,U00291,S0745,111.0,2025-05-19,56.0
V019196,U00231,S0927,500.0,2024-10-16,50.0
V019197,U01628,S0975,198.0,2024-02-28,60.0
V019198,U00499,S0863,38.0,2024-12-16,96.0
V019199,U00854,S0569,40.0,2024-10-25,76.0
V019200,U01041,S0378,36.0,2025-04-14,44.0
V019201,U01679,S0938,500.0,2025-05-26,92.0
V019202,U00186,S0703,219.0,2024-11-14,95.0
V019203,U01185,S0649,91.0,2025-03-13,32.0
V019204,U01635,S0094,500.0,2025-06-19,51.0
V019205,U01114,S0445,93.0,2025-02-05,56.0
V019206,U01541,S0816,93.0,2024-02-24,35.0
V019207,U00081,S0361,194.0,2025-02-25,13.0
V019208,U01223,S0116,500.0,2024-02-12,86.0
V019209,U01117,S0948,32.0,2024-05-08,43.0
V019210,U00159,S0938,500.0,2024-08-22,43.0
V019211,U00821,S0209,139.0,2024-02-08,78.0
V019212,U01303,S0164,219.0,2024-07-01,68.0
V019213,U00826,S0530,95.0,2025-04-04,55.0
V019214,U01465,S0565,219.0,2024-01-03,42.0
V019215,U01897,S0089,13.0,2024-01-06,27.0
V019216,U01662,S0232,12.0,2024-10-24,29.0
V019217,U01062,S0895,12.0,2024-02-01,17.0
V019218,U00920,S0377,500.0,2025-09-04,88.0
V019219,U01861,S0311,500.0,2024-12-06,40.0
V019220,U00197,S0592,500.0,2024-02-04,86.0
V019221,U01846,S0184,500.0,2024-05-14,86.0
V019222,U01641,S0651,28.0,2024-12-15,67.0
V019223,U00766,S0686,77.0,2024-07-22,56.0
V019224,U01784,S0551,174.0,2025-06-05,54.0
V019225,U00643,S0478,34.0,2024-09-22,56.0
V019226,U00258,S0303,500.0,2024-04-02,71.0
V019227,U00916,S0444,500.0,2024-02-07,99.0
V019228,U00902,S0929,106.0,2024-09-06,56.0
V019229,U01751,S0176,219.0,2025-07-02,54.0
V019230,U00680,S0005,500.0,2024-05-17,34.0
V019231,U01711,S0124,500.0,2024-07-15,13.0
V019232,U00681,S0088,22.0,2024-04-11,61.0
V019233,U00551,S0321,500.0,2024-06-16,16.0
V019234,U01633,S0579,53.0,2025-06-22,52.0
V019235,U00280,S0739,130.0,2025-05-19,66.0
V019236,U00135,S0062,500.0,2024-09-10,65.0
V019237,U01289,S0740,500.0,2025-02-24,76.0
V019238,U01608,S0257,219.0,2024-03-24,85.0
V019239,U01396,S0454,500.0,2024-07-27,43.0
V019240,U00375,S0526,132.0,2025-01-16,66.0
V019241,U01160,S0197,500.0,2024-12-13,37.0
V019242,U00481,S0903,500.0,2025-09-01,72.0
V019243,U00852,S0469,500.0,2025-02-22,100.0
V019244,U00126,S0666,130.0,2025-12-03,53.0
V019245,U00967,S0425,219.0,2024-07-01,53.0
V019246,U01809,S0110,500.0,2024-08-11,75.0
V019247,U00676,S0103,135.0,2024-09-16,95.0
V019248,U01664,S0133,500.0,2025-05-01,86.0
V019249,U00068,S0126,219.0,2024-08-06,44.0
V019250,U00342,S0061,161.0,2025-06-12,73.0
V019251,U01859,S0587,500.0,2025-12-02,83.0
V019252,U01227,S0216,500.0,2024-08-19,21.0
V019253,U00425,S0980,144.0,2025-05-23,39.0
V019254,U00566,S0957,72.0,2024-11-15,78.0
V019255,U00008,S0865,66.0,2024-01-14,56.0
V019256,U01228,S0567,194.0,2024-05-03,76.0
V019257,U01331,S0135,500.0,2024-04-02,92.0
V019258,U01564,S0251,500.0,2024-11-25,68.0
V019259,U00541,S0896,12.0,2025-01-11,65.0
V019260,U00551,S0865,500.0,2024-01-29,24.0
V019261,U00279,S0828,34.0,2024-03-10,34.0
V019262,U00354,S0919,500.0,2024-09-23,77.0
V019263,U00453,S0960,500.0,2024-02-21,32.0
V019264,U01543,S0334,39.0,2024-12-12,56.0
V019265,U00439,S0845,500.0,2025-06-24,96.0
V019266,U00643,S0564,32.0,2024-12-26,31.0
V019267,U01510,S0040,500.0,2025-03-04,22.0
V019268,U00069,S0085,142.0,2025-02-15,28.0
V019269,U00134,S0637,500.0,2025-02-05,48.0
V019270,U01550,S0633,109.0,2024-05-12,21.0
V019271,U01455,S0220,145.0,2024-09-27,84.0
V019272,U00173,S0605,126.0,2024-12-08,62.0
V019273,U00138,S0993,500.0,2025-01-17,25.0
V019274,U01647,S0977,217.0,2024-09-10,70.0
V019275,U00501,S0727,41.0,2024-07-04,71.0
V019276,U01785,S0205,102.0,2024-07-05,23.0
V019277,U00692,S0049,500.0,2024-02-22,87.0
V019278,U00450,S0741,219.0,2024-02-24,87.0
V019279,U00579,S0461,147.0,2024-12-02,47.0
V019280,U01210,S0126,6.0,2024-04-21,38.0
V019281,U00426,S0015,98.0,2025-03-18,95.0
V019282,U01786,S0797,41.0,2025-03-27,51.0
V019283,U00919,S0088,68.0,2024-09-20,50.0
V019284,U01991,S0411,128.0,2024-11-07,88.0
V019285,U01606,S0608,176.0,2025-05-12,80.0
V019286,U00622,S0667,500.0,2024-05-27,31.0
V019287,U01242,S0733,500.0,2025-03-04,26.0
V019288,U01641,S0270,500.0,2024-12-17,42.0
V019289,U00380,S0760,131.0,2025-12-05,94.0
V019290,U00290,S0110,219.0,2025-05-26,10.0
V019291,U01822,S0971,500.0,2025-05-31,24.0
V019292,U00583,S0447,15.0,2025-02-23,38.0
V019293,U00325,S0492,500.0,2025-05-11,85.0
V019294,U00523,S0439,164.0,2024-10-28,55.0
V019295,U00805,S0717,34.0,2025-03-15,26.0
V019296,U01356,S0179,159.0,2025-03-08,60.0
V019297,U00534,S0285,211.0,2024-05-18,47.0
V019298,U01782,S0095,12.0,2025-03-29,14.0
V019299,U01088,S0566,220.0,2024-11-22,45.0
V019300,U00139,S0506,150.0,2024-06-04,91.0
V019301,U01052,S0090,96.0,2024-04-14,45.0
V019302,U00104,S0252,500.0,2024-01-03,27.0
V019303,U01479,S0764,500.0,2024-04-01,29.0
V019304,U01478,S0284,500.0,2025-05-17,68.0
V019305,U00830,S0127,500.0,2024-10-12,59.0
V019306,U00281,S0983,500.0,2025-02-15,20.0
V019307,U01316,S0291,33.0,2024-04-26,35.0
V019308,U00842,S0637,8.0,2025-04-20,33.0
V019309,U01906,S0890,219.0,2025-04-04,14.0
V019310,U01321,S0072,47.0,2024-06-20,66.0
V019311,U01205,S0867,196.0,2025-04-30,24.0
V019312,U00880,S0097,500.0,2025-01-15,83.0
V019313,U01493,S0416,60.0,2024-01-27,51.0
V019314,U01587,S0476,175.0,2024-07-28,61.0
V019315,U01838,S0644,149.0,2024-02-22,57.0
V019316,U01284,S0039,500.0,2025-04-29,95.0
V019317,U01011,S0200,500.0,2024-07-04,99.0
V019318,U01723,S0320,500.0,2024-07-18,51.0
V019319,U01758,S0414,500.0,2024-08-06,62.0
V019320,U01423,S0163,166.0,2024-04-06,43.0
V019321,U01857,S0890,143.0,2024-07-09,87.0
V019322,U01757,S0657,500.0,2024-08-10,85.0
V019323,U00835,S0003,500.0,2025-02-23,83.0
V019324,U01408,S0049,168.0,2025-04-13,99.0
V019325,U01283,S0453,164.0,2024-10-18,83.0
V019326,U01071,S0701,500.0,2024-10-31,15.0
V019327,U01517,S0921,500.0,2024-06-07,52.0
V019328,U01812,S0651,500.0,2024-05-27,73.0
V019329,U01433,S0627,11.0,2024-11-24,41.0
V019330,U01639,S0511,500.0,2024-10-23,63.0
V019331,U00899,S0977,153.0,2025-02-11,100.0
V019332,U00328,S0303,500.0,2024-03-13,56.0
V019333,U00568,S0148,500.0,2024-03-17,42.0
V019334,U00374,S0654,500.0,2024-04-09,70.0
V019335,U01208,S0319,500.0,2025-07-04,56.0
V019336,U00075,S0732,500.0,2024-04-16,27.0
V019337,U01934,S0698,500.0,2024-09-27,35.0
V019338,U00299,S0503,500.0,2024-04-12,94.0
V019339,U00174,S0186,500.0,2024-05-05,42.0
V019340,U01648,S0470,80.0,2024-03-28,22.0
V019341,U01618,S0350,118.0,2025-04-11,18.0
V019342,U00226,S0569,500.0,2024-03-09,26.0
V019343,U01674,S0401,68.0,2024-03-24,55.0
V019344,U01200,S0670,500.0,2024-10-29,24.0
V019345,U00576,S0055,140.0,2025-03-30,87.0
V019346,U01992,S0804,500.0,2024-12-01,80.0
V019347,U00919,S0339,500.0,2024-12-24,63.0
V019348,U00004,S0672,184.0,2025-06-15,81.0
V019349,U01940,S0835,500.0,2024-04-19,45.0
V019350,U00798,S0943,6.0,2024-02-20,29.0
V019351,U00929,S0916,500.0,2024-10-04,48.0
V019352,U00809,S0034,500.0,2024-07-13,50.0
V019353,U01969,S0919,500.0,2025-11-01,61.0
V019354,U00251,S0166,116.0,2025-05-01,37.0
V019355,U01454,S0369,500.0,2024-04-23,99.0
V019356,U00740,S0984,121.0,2025-03-02,82.0
V019357,U00512,S0104,500.0,2024-05-26,23.0
V019358,U01346,S0101,500.0,2024-02-08,31.0
V019359,U00465,S0319,500.0,2025-12-02,92.0
V019360,U00093,S0871,500.0,2025-06-05,56.0
V019361,U00886,S0005,500.0,2025-06-16,41.0
V019362,U00635,S0498,42.0,2024-06-11,86.0
V019363,U00987,S0071,152.0,2025-06-20,36.0
V019364,U00687,S0371,201.0,2024-11-07,59.0
V019365,U00307,S0594,500.0,2024-02-10,73.0
V019366,U00533,S0937,500.0,2024-06-29,19.0
V019367,U00636,S0382,500.0,2024-10-11,71.0
V019368,U01730,S0749,220.0,2025-06-06,17.0
V019369,U01026,S0933,500.0,2025-04-03,48.0
V019370,U01040,S0864,63.0,2024-09-10,98.0
V019371,U00142,S0054,215.0,2024-07-06,25.0
V019372,U00732,S0559,32.0,2024-01-17,51.0
V019373,U01851,S0067,500.0,2024-06-21,69.0
V019374,U00372,S0836,500.0,2024-04-16,79.0
V019375,U00640,S0710,500.0,2025-03-14,67.0
V019376,U00933,S0829,102.0,2024-06-26,75.0
V019377,U00155,S0576,219.0,2024-12-26,10.0
V019378,U00402,S0943,95.0,2024-02-28,88.0
V019379,U00195,S0964,110.0,2024-02-01,95.0
V019380,U01481,S0555,500.0,2025-02-10,16.0
V019381,U00684,S0299,500.0,2024-09-29,26.0
V019382,U01476,S0469,500.0,2024-11-02,86.0
V019383,U01004,S0360,500.0,2024-02-10,12.0
V019384,U01592,S0211,96.0,2024-10-13,33.0
V019385,U01818,S0362,500.0,2024-03-21,56.0
V019386,U01668,S0854,178.0,2025-01-09,54.0
V019387,U01800,S0810,500.0,2024-05-07,88.0
V019388,U01385,S0690,107.0,2025-04-18,18.0
V019389,U00631,S0921,102.0,2025-06-19,80.0
V019390,U00025,S0948,110.0,2024-02-13,54.0
V019391,U01129,S0256,500.0,2024-12-31,17.0
V019392,U01237,S0014,500.0,2024-05-12,49.0
V019393,U00320,S0936,500.0,2024-09-07,16.0
V019394,U00662,S0042,172.0,2025-06-05,38.0
V019395,U01085,S0162,500.0,2025-04-23,85.0
V019396,U01186,S0355,147.0,2025-04-01,83.0
V019397,U00132,S0137,141.0,2024-09-13,93.0
V019398,U01941,S0746,47.0,2025-06-07,53.0
V019399,U01602,S0643,500.0,2024-10-03,74.0
V019400,U00992,S0790,163.0,2024-01-25,89.0
V019401,U01453,S0601,77.0,2024-06-27,52.0
V019402,U01263,S0087,96.0,2024-08-25,64.0
V019403,U01797,S0808,170.0,2025-03-04,69.0
V019404,U00194,S0824,500.0,2024-09-18,77.0
V019405,U01844,S0572,106.0,2024-06-18,85.0
V019406,U00980,S0579,159.0,2024-10-16,46.0
V019407,U00408,S0815,144.0,2024-01-02,56.0
V019408,U00444,S0035,219.0,2025-06-20,67.0
V019409,U00591,S0908,500.0,2024-01-29,85.0
V019410,U00910,S0592,500.0,2024-11-08,40.0
V019411,U01851,S0482,18.0,2025-11-01,11.0
V019412,U01897,S0541,500.0,2025-01-19,73.0
V019413,U01658,S0836,500.0,2024-11-13,85.0
V019414,U00823,S0305,500.0,2024-10-04,73.0
V019415,U01255,S0906,176.0,2024-07-30,68.0
V019416,U01564,S0302,26.0,2024-06-13,61.0
V019417,U01420,S0364,46.0,2024-09-15,87.0
V019418,U01414,S0441,500.0,2025-10-06,56.0
V019419,U01982,S0415,500.0,2024-03-15,84.0
V019420,U01921,S0631,207.0,2024-11-11,60.0
V019421,U00093,S0016,216.0,2025-06-09,70.0
V019422,U00663,S0087,219.0,2024-02-02,90.0
V019423,U01069,S0410,177.0,2025-01-18,73.0
V019424,U00625,S0630,500.0,2025-02-04,11.0
V019425,U01826,S0056,500.0,2025-02-22,17.0
V019426,U01029,S0219,500.0,2024-08-06,74.0
V019427,U00582,S0248,500.0,2024-09-04,64.0
V019428,U00883,S0293,500.0,2024-11-20,60.0
V019429,U01749,S0268,500.0,2024-10-01,94.0
V019430,U01870,S0569,500.0,2024-10-14,13.0
V019431,U00091,S0419,219.0,2025-04-26,62.0
V019432,U00052,S0863,500.0,2025-07-05,71.0
V019433,U01018,S0683,51.0,2025-02-20,47.0
V019434,U01641,S0757,500.0,2025-01-13,100.0
V019435,U01145,S0713,500.0,2024-06-30,82.0
V019436,U01960,S0343,500.0,2024-04-29,15.0
V019437,U01994,S0495,90.0,2024-02-22,56.0
V019438,U01277,S0391,500.0,2025-01-26,69.0
V019439,U01712,S0356,500.0,2024-04-02,19.0
V019440,U00440,S0366,500.0,2024-05-17,55.0
V019441,U00824,S0194,196.0,2024-01-14,25.0
V019442,U00843,S0296,500.0,2024-02-13,76.0
V019443,U01906,S0287,500.0,2024-09-29,10.0
V019444,U01041,S0684,77.0,2024-03-14,14.0
V019445,U01018,S0538,135.0,2025-02-27,11.0
V019446,U00299,S0107,24.0,2024-02-20,85.0
V019447,U00319,S0205,219.0,2024-08-27,100.0
V019448,U01650,S0890,500.0,2024-03-28,36.0
V019449,U00639,S0819,500.0,2024-04-06,87.0
V019450,U00387,S0302,500.0,2025-05-29,22.0
V019451,U00413,S0412,500.0,2024-12-20,14.0
V019452,U00288,S0805,500.0,2024-06-17,64.0
V019453,U01810,S0409,500.0,2024-03-03,99.0
V019454,U01013,S0574,500.0,2024-01-13,82.0
V019455,U01725,S0640,178.0,2024-10-06,72.0
V019456,U00584,S0952,500.0,2024-04-14,83.0
V019457,U01050,S0740,500.0,2025-02-07,30.0
V019458,U01787,S0452,500.0,2024-09-27,30.0
V019459,U00899,S0477,157.0,2024-06-18,73.0
V019460,U01141,S0645,89.0,2024-03-09,18.0
V019461,U01498,S0970,500.0,2025-06-18,51.0
V019462,U00051,S0471,500.0,2025-08-01,79.0
V019463,U00795,S0055,171.0,2024-04-09,32.0
V019464,U00310,S0775,142.0,2024-12-24,11.0
V019465,U01257,S0873,500.0,2024-04-19,23.0
V019466,U01890,S0460,154.0,2024-11-07,80.0
V019467,U01505,S0938,219.0,2025-04-28,100.0
V019468,U00530,S0925,500.0,2025-03-13,89.0
V019469,U01661,S0642,35.0,2025-04-06,31.0
V019470,U00735,S0110,500.0,2025-09-04,25.0
V019471,U01098,S0991,500.0,2024-01-15,100.0
V019472,U00924,S0867,103.0,2024-11-23,70.0
V019473,U00459,S0265,500.0,2024-10-16,73.0
V019474,U00719,S0094,500.0,2025-08-05,74.0
V019475,U01863,S0417,126.0,2024-10-06,70.0
V019476,U00665,S0248,31.0,2025-01-25,56.0
V019477,U01631,S0829,42.0,2024-03-15,13.0
V019478,U01184,S0488,131.0,2024-03-17,29.0
V019479,U01244,S0728,500.0,2025-04-17,93.0
V019480,U00373,S0716,159.0,2025-01-27,41.0
V019481,U01357,S0570,500.0,2024-04-10,12.0
V019482,U00720,S0890,500.0,2024-09-19,63.0
V019483,U01661,S0267,500.0,2024-11-12,46.0
V019484,U00010,S0117,500.0,2025-06-02,71.0
V019485,U00828,S0475,500.0,2024-07-10,70.0
V019486,U01785,S0502,500.0,2025-01-03,82.0
V019487,U00628,S0511,140.0,2024-04-14,49.0
V019488,U00094,S0899,148.0,2025-04-08,60.0
V019489,U00493,S0182,9.0,2024-08-27,49.0
V019490,U01563,S0625,193.0,2024-07-21,54.0
V019491,U00013,S0577,39.0,2025-02-14,36.0
V019492,U01776,S0145,99.0,2024-09-27,71.0
V019493,U01770,S0246,122.0,2024-12-05,34.0
V019494,U00724,S0891,500.0,2025-05-01,11.0
V019495,U01561,S0384,99.0,2024-12-11,15.0
V019496,U01051,S0798,500.0,2025-01-24,24.0
V019497,U01489,S0567,500.0,2025-02-21,60.0
V019498,U01836,S0012,500.0,2025-05-20,64.0
V019499,U01886,S0031,500.0,2024-08-01,99.0
V019500,U01007,S0416,500.0,2024-10-21,49.0
V019501,U01987,S0722,500.0,2025-06-19,69.0
V019502,U00475,S0126,151.0,2025-02-22,31.0
V019503,U00525,S0217,177.0,2025-02-19,58.0
V019504,U01061,S0941,500.0,2024-10-12,69.0
V019505,U01064,S0357,94.0,2024-08-04,89.0
V019506,U00139,S0925,219.0,2024-02-13,97.0
V019507,U01088,S0317,219.0,2025-03-15,43.0
V019508,U01933,S0103,178.0,2024-01-11,74.0
V019509,U00631,S0303,165.0,2024-09-29,95.0
V019510,U01697,S0190,109.0,2024-02-18,82.0
V019511,U01104,S0150,219.0,2024-06-13,71.0
V019512,U01669,S0587,204.0,2024-03-14,63.0
V019513,U01441,S0673,500.0,2024-04-01,47.0
V019514,U00605,S0211,49.0,2024-12-07,48.0
V019515,U00634,S0768,500.0,2024-10-01,62.0
V019516,U01250,S0686,201.0,2024-05-14,70.0
V019517,U00722,S0602,500.0,2024-12-11,56.0
V019518,U01317,S0327,212.0,2024-03-24,23.0
V019519,U01221,S0201,85.0,2025-04-30,50.0
V019520,U00001,S0007,500.0,2024-01-29,36.0
V019521,U01275,S0550,500.0,2024-05-25,67.0
V019522,U01582,S0158,105.0,2024-10-12,73.0
V019523,U01475,S0901,151.0,2024-01-31,56.0
V019524,U00894,S0109,190.0,2025-01-06,18.0
V019525,U01452,S0505,57.0,2024-07-23,17.0
V019526,U00581,S0395,500.0,2025-03-06,50.0
V019527,U01340,S0019,500.0,2024-09-04,76.0
V019528,U00102,S0631,158.0,2025-12-02,80.0
V019529,U00216,S0394,53.0,2024-01-28,64.0
V019530,U00810,S0585,500.0,2025-07-03,63.0
V019531,U01171,S0268,148.0,2024-04-24,82.0
V019532,U00470,S0620,139.0,2025-06-14,74.0
V019533,U00074,S0316,500.0,2024-11-30,62.0
V019534,U00308,S0323,500.0,2024-03-12,85.0
V019535,U01673,S0728,135.0,2024-04-03,54.0
V019536,U00317,S0173,157.0,2025-04-23,79.0
V019537,U00707,S0165,500.0,2025-03-04,87.0
V019538,U00384,S0591,500.0,2024-02-11,38.0
V019539,U00467,S0320,500.0,2024-06-17,62.0
V019540,U01675,S0308,115.0,2024-07-12,77.0
V019541,U01005,S0884,500.0,2024-11-04,12.0
V019542,U00285,S0280,86.0,2024-10-20,41.0
V019543,U00316,S0238,9.0,2024-09-08,38.0
V019544,U01790,S0042,500.0,2024-07-03,61.0
V019545,U01267,S0947,500.0,2024-04-02,32.0
V019546,U00076,S0259,500.0,2025-03-23,68.0
V019547,U00033,S0782,147.0,2024-02-11,76.0
V019548,U00485,S0583,187.0,2025-06-24,58.0
V019549,U00780,S0923,39.0,2024-12-12,55.0
V019550,U01982,S0050,158.0,2024-02-07,60.0
V019551,U00582,S0695,500.0,2025-01-24,72.0
V019552,U01712,S0172,500.0,2024-01-18,49.0
V019553,U01126,S0590,173.0,2024-06-12,100.0
V019554,U00342,S0340,101.0,2024-03-24,77.0
V019555,U01149,S0789,500.0,2025-02-26,29.0
V019556,U00182,S0398,500.0,2024-12-22,89.0
V019557,U01434,S0592,19.0,2024-03-17,68.0
V019558,U00275,S0768,500.0,2024-03-27,100.0
V019559,U01421,S0798,212.0,2024-03-22,56.0
V019560,U01311,S0090,500.0,2024-07-14,61.0
V019561,U01703,S0518,58.0,2024-04-28,48.0
V019562,U01478,S0866,86.0,2024-10-03,67.0
V019563,U00360,S0956,31.0,2024-08-28,32.0
V019564,U00322,S0197,187.0,2025-04-05,16.0
V019565,U00880,S0341,183.0,2024-03-25,43.0
V019566,U00421,S0927,500.0,2025-05-18,51.0
V019567,U00434,S0380,101.0,2024-06-11,25.0
V019568,U01260,S0137,123.0,2024-06-22,28.0
V019569,U00322,S0320,13.0,2024-02-08,12.0
V019570,U00417,S0403,147.0,2024-05-31,56.0
V019571,U01109,S0354,53.0,2024-10-15,90.0
V019572,U00746,S0788,500.0,2025-04-04,46.0
V019573,U01919,S0393,500.0,2025-02-04,23.0
V019574,U00961,S0395,500.0,2024-04-14,39.0
V019575,U00937,S0167,207.0,2025-09-05,88.0
V019576,U00447,S0711,500.0,2024-04-17,37.0
V019577,U00336,S0653,500.0,2024-05-03,95.0
V019578,U01908,S0708,167.0,2025-06-17,62.0
V019579,U00037,S0100,500.0,2024-09-29,56.0
V019580,U00788,S0443,216.0,2024-05-07,45.0
V019581,U01548,S0033,187.0,2024-03-20,45.0
V019582,U01688,S0866,23.0,2024-02-13,82.0
V019583,U01924,S0278,500.0,2024-11-03,13.0
V019584,U01555,S0479,500.0,2025-03-19,27.0
V019585,U01280,S0674,9.0,2025-04-19,69.0
V019586,U01086,S0844,500.0,2024-05-16,94.0
V019587,U01306,S0756,500.0,2025-04-15,30.0
V019588,U01954,S0632,165.0,2024-02-10,73.0
V019589,U01135,S0260,500.0,2024-03-14,61.0
V019590,U00708,S0789,500.0,2024-11-19,69.0
V019591,U00079,S0147,219.0,2024-04-15,71.0
V019592,U01588,S0779,7.0,2024-01-28,84.0
V019593,U00631,S0579,500.0,2024-08-08,44.0
V019594,U00620,S0251,107.0,2025-04-30,22.0
V019595,U01266,S0320,500.0,2024-02-07,68.0
V019596,U01821,S0044,500.0,2024-03-27,99.0
V019597,U01628,S0820,500.0,2024-04-10,73.0
V019598,U01444,S0925,500.0,2024-08-03,69.0
V019599,U00676,S0701,500.0,2025-01-20,22.0
V019600,U01314,S0328,50.0,2024-04-04,90.0
V019601,U01514,S0715,172.0,2024-08-29,34.0
V019602,U00470,S0892,500.0,2024-11-21,70.0
V019603,U01118,S0678,500.0,2025-01-05,20.0
V019604,U00050,S0397,500.0,2024-06-05,47.0
V019605,U00278,S0734,500.0,2024-02-24,27.0
V019606,U00080,S0937,108.0,2025-09-04,31.0
V019607,U00891,S0823,71.0,2025-01-06,52.0
V019608,U01988,S0839,62.0,2024-08-18,13.0
V019609,U00583,S0737,37.0,2024-02-07,24.0
V019610,U00395,S0117,193.0,2025-01-08,83.0
V019611,U01944,S0442,219.0,2024-03-15,23.0
V019612,U01034,S0677,500.0,2025-03-06,24.0
V019613,U01083,S0650,66.0,2024-06-28,29.0
V019614,U00285,S0392,500.0,2024-04-06,50.0
V019615,U00237,S0328,500.0,2024-08-04,56.0
V019616,U01816,S0151,500.0,2024-12-20,52.0
V019617,U00549,S0895,24.0,2025-03-23,19.0
V019618,U00557,S0199,500.0,2024-12-27,28.0
V019619,U00795,S0758,113.0,2024-06-19,47.0
V019620,U01372,S0954,500.0,2024-04-11,34.0
V019621,U00063,S0242,500.0,2024-05-23,96.0
V019622,U00287,S0429,40.0,2025-02-20,33.0
V019623,U00924,S0290,97.0,2024-04-08,26.0
V019624,U00390,S0307,95.0,2024-10-21,13.0
V019625,U00677,S0656,122.0,2024-01-29,82.0
V019626,U00297,S0556,500.0,2024-02-09,90.0
V019627,U00856,S0437,500.0,2025-04-23,96.0
V019628,U01252,S0707,500.0,2024-09-17,56.0
V019629,U00191,S0100,94.0,2024-07-03,15.0
V019630,U01516,S0147,500.0,2025-02-16,95.0
V019631,U01891,S0112,500.0,2024-08-09,86.0
V019632,U01918,S0279,152.0,2024-04-29,77.0
V019633,U00229,S0932,153.0,2025-06-09,50.0
V019634,U01453,S0280,47.0,2024-03-22,15.0
V019635,U01215,S0502,500.0,2024-08-01,64.0
V019636,U01529,S0555,192.0,2024-11-02,59.0
V019637,U00455,S0222,141.0,2024-03-09,29.0
V019638,U01729,S0849,500.0,2024-04-16,78.0
V019639,U01515,S0949,91.0,2024-07-08,95.0
V019640,U00687,S0233,500.0,2024-07-24,38.0
V019641,U00939,S0286,500.0,2024-09-29,31.0
V019642,U00144,S0713,161.0,2024-01-24,83.0
V019643,U01382,S0067,40.0,2024-01-22,65.0
V019644,U01938,S0992,500.0,2025-01-27,73.0
V019645,U00131,S0977,500.0,2024-01-18,18.0
V019646,U00416,S0093,36.0,2024-03-26,15.0
V019647,U00143,S0263,177.0,2024-04-17,44.0
V019648,U01971,S0587,500.0,2025-06-12,93.0
V019649,U00432,S0670,56.0,2025-01-09,19.0
V019650,U01072,S0085,500.0,2024-12-11,51.0
V019651,U01852,S0634,210.0,2025-05-24,57.0
V019652,U00916,S0524,163.0,2025-02-15,47.0
V019653,U01357,S0806,31.0,2025-03-08,94.0
V019654,U00405,S0347,70.0,2024-10-14,62.0
V019655,U00363,S0043,85.0,2024-07-31,84.0
V019656,U00305,S0548,116.0,2025-05-10,12.0
V019657,U00633,S0539,500.0,2024-03-26,70.0
V019658,U00023,S0111,500.0,2025-02-13,12.0
V019659,U00248,S0017,24.0,2025-12-04,76.0
V019660,U00175,S0511,500.0,2024-01-31,58.0
V019661,U01333,S0569,97.0,2024-06-14,82.0
V019662,U00793,S0872,500.0,2024-01-23,57.0
V019663,U01496,S0370,147.0,2024-12-03,51.0
V019664,U01015,S0658,500.0,2024-12-03,30.0
V019665,U00656,S0703,83.0,2025-08-01,44.0
V019666,U00646,S0034,42.0,2024-02-25,13.0
V019667,U01107,S0053,500.0,2024-09-15,26.0
V019668,U01436,S0362,206.0,2024-04-13,100.0
V019669,U01332,S0619,114.0,2024-07-22,97.0
V019670,U00859,S0021,207.0,2025-01-05,76.0
V019671,U01858,S0221,29.0,2024-02-14,48.0
V019672,U01025,S0423,500.0,2024-02-01,23.0
V019673,U00214,S0975,203.0,2024-08-09,84.0
V019674,U00525,S0845,500.0,2024-06-01,66.0
V019675,U01271,S0307,88.0,2024-11-19,30.0
V019676,U00511,S0475,500.0,2024-03-25,47.0
V019677,U01235,S0526,120.0,2024-10-31,93.0
V019678,U00176,S0166,500.0,2024-03-02,86.0
V019679,U01954,S0238,500.0,2025-02-19,74.0
V019680,U01360,S0896,500.0,2025-02-26,31.0
V019681,U01028,S0019,118.0,2025-04-30,34.0
V019682,U00619,S0525,500.0,2024-06-21,80.0
V019683,U01402,S0056,158.0,2024-06-20,17.0
V019684,U01441,S0636,178.0,2025-01-19,22.0
V019685,U00475,S0536,39.0,2024-11-06,22.0
V019686,U00226,S0964,500.0,2024-03-26,48.0
V019687,U00258,S0657,17.0,2024-06-18,81.0
V019688,U01257,S0559,500.0,2025-01-08,76.0
V019689,U01290,S0075,500.0,2024-08-31,91.0
V019690,U01308,S0516,101.0,2024-12-05,10.0
V019691,U01833,S0221,202.0,2024-12-11,30.0
V019692,U00374,S0690,500.0,2025-06-20,74.0
V019693,U01984,S0623,128.0,2025-05-04,83.0
V019694,U00633,S0343,500.0,2025-01-23,88.0
V019695,U00835,S0765,115.0,2025-07-03,85.0
V019696,U01409,S0201,38.0,2024-04-26,57.0
V019697,U01999,S0287,500.0,2024-05-21,53.0
V019698,U00446,S0425,113.0,2024-05-24,62.0
V019699,U00895,S0116,500.0,2025-01-26,91.0
V019700,U00763,S0249,79.0,2025-03-16,45.0
V019701,U01196,S0758,500.0,2024-12-10,45.0
V019702,U00740,S0158,105.0,2024-12-16,96.0
V019703,U01690,S0780,500.0,2025-06-23,80.0
V019704,U00820,S0999,151.0,2025-04-23,24.0
V019705,U01023,S0888,500.0,2024-08-31,56.0
V019706,U00215,S0928,174.0,2024-03-12,88.0
V019707,U00498,S0226,185.0,2025-05-31,56.0
V019708,U01358,S0270,500.0,2024-12-03,74.0
V019709,U00081,S0731,500.0,2024-03-06,43.0
V019710,U00740,S0213,500.0,2024-04-21,43.0
V019711,U00003,S0308,171.0,2025-03-14,72.0
V019712,U00779,S0994,500.0,2025-01-30,22.0
V019713,U01377,S0514,500.0,2024-06-06,44.0
V019714,U01758,S0747,125.0,2024-08-22,14.0
V019715,U00406,S0196,500.0,2024-07-09,86.0
V019716,U00989,S0097,500.0,2025-03-21,75.0
V019717,U01407,S0625,219.0,2025-01-30,84.0
V019718,U01898,S0432,500.0,2025-03-06,64.0
V019719,U00249,S0252,500.0,2025-05-24,80.0
V019720,U00741,S0811,500.0,2024-07-04,39.0
V019721,U01477,S0999,218.0,2025-03-07,83.0
V019722,U01113,S0772,500.0,2024-04-30,99.0
V019723,U00175,S0913,22.0,2025-04-02,93.0
V019724,U01106,S0139,81.0,2025-05-31,65.0
V019725,U01805,S0979,500.0,2024-09-22,99.0
V019726,U00085,S0048,206.0,2024-09-19,19.0
V019727,U01715,S0882,500.0,2024-12-16,29.0
V019728,U00547,S0830,500.0,2024-12-19,11.0
V019729,U00903,S0512,500.0,2024-11-18,59.0
V019730,U00229,S0243,39.0,2024-10-16,52.0
V019731,U01990,S0681,35.0,2024-04-20,38.0
V019732,U00577,S0778,500.0,2024-12-01,99.0
V019733,U00082,S0690,500.0,2025-12-03,81.0
V019734,U01886,S0415,219.0,2024-07-23,25.0
V019735,U00999,S0588,125.0,2024-09-18,48.0
V019736,U00721,S0644,95.0,2024-05-11,52.0
V019737,U00179,S0044,219.0,2024-01-25,62.0
V019738,U01340,S0545,500.0,2024-10-09,84.0
V019739,U00030,S0592,219.0,2024-04-18,70.0
V019740,U01630,S0718,15.0,2025-04-14,64.0
V019741,U00912,S0355,500.0,2024-02-18,36.0
V019742,U01680,S0829,500.0,2025-03-18,49.0
V019743,U01869,S0698,500.0,2025-05-10,84.0
V019744,U01109,S0457,500.0,2024-09-22,51.0
V019745,U00959,S0764,219.0,2025-02-07,89.0
V019746,U01482,S0668,54.0,2025-06-23,13.0
V019747,U00959,S0242,23.0,2024-10-30,92.0
V019748,U00686,S0800,500.0,2024-07-08,22.0
V019749,U00406,S0037,219.0,2024-01-07,51.0
V019750,U01097,S0790,500.0,2024-08-12,56.0
V019751,U00019,S0550,500.0,2024-10-04,90.0
V019752,U00983,S0059,207.0,2025-04-06,15.0
V019753,U01946,S0975,93.0,2025-01-18,17.0
V019754,U00455,S0012,500.0,2025-12-02,57.0
V019755,U01053,S0614,500.0,2025-02-28,70.0
V019756,U00046,S0514,205.0,2024-04-28,49.0
V019757,U01353,S0732,94.0,2025-05-21,49.0
V019758,U01303,S0057,500.0,2024-03-03,18.0
V019759,U00582,S0267,500.0,2025-02-22,45.0
V019760,U01318,S0008,500.0,2024-02-26,96.0
V019761,U00025,S0086,46.0,2024-12-20,25.0
V019762,U00177,S0115,500.0,2024-11-09,15.0
V019763,U01058,S0130,500.0,2025-01-11,50.0
V019764,U01008,S0357,27.0,2024-03-19,54.0
V019765,U00698,S0932,173.0,2025-04-12,87.0
V019766,U00283,S0365,129.0,2024-11-29,22.0
V019767,U00435,S0306,500.0,2024-11-15,27.0
V019768,U00576,S0334,500.0,2025-05-11,59.0
V019769,U00557,S0661,500.0,2024-07-08,32.0
V019770,U00861,S0149,91.0,2024-03-17,46.0
V019771,U01512,S0679,500.0,2024-01-28,56.0
V019772,U01824,S0511,113.0,2025-05-13,56.0
V019773,U01899,S0792,137.0,2024-05-26,86.0
V019774,U00527,S0460,500.0,2025-02-15,49.0
V019775,U01709,S0853,500.0,2024-03-16,73.0
V019776,U01733,S0880,177.0,2025-02-13,94.0
V019777,U00807,S0912,217.0,2025-05-17,80.0
V019778,U00105,S0632,157.0,2024-08-13,66.0
V019779,U00344,S0786,500.0,2024-06-26,17.0
V019780,U01222,S0966,105.0,2024-08-08,91.0
V019781,U00048,S0522,500.0,2024-12-27,66.0
V019782,U00559,S0570,205.0,2025-08-04,82.0
V019783,U01508,S0346,143.0,2024-10-16,59.0
V019784,U00223,S0503,123.0,2024-01-18,16.0
V019785,U00526,S0413,9.0,2024-11-26,86.0
V019786,U01357,S0931,500.0,2024-07-06,34.0
V019787,U00379,S0497,102.0,2025-03-23,99.0
V019788,U00858,S0942,500.0,2024-09-25,14.0
V019789,U01278,S0193,500.0,2024-12-27,63.0
V019790,U00704,S0672,69.0,2024-05-18,81.0
V019791,U00863,S0163,500.0,2024-10-22,73.0
V019792,U01957,S0738,500.0,2025-08-02,66.0
V019793,U00935,S0080,500.0,2024-09-27,92.0
V019794,U00598,S0029,500.0,2024-05-19,38.0
V019795,U00702,S0003,500.0,2024-04-01,99.0
V019796,U00382,S0385,52.0,2025-04-28,21.0
V019797,U01348,S0802,182.0,2024-01-03,21.0
V019798,U00033,S0149,500.0,2025-04-28,81.0
V019799,U00479,S0069,500.0,2024-10-25,44.0
V019800,U00807,S0127,500.0,2024-07-25,99.0
V019801,U00926,S0035,110.0,2024-09-14,21.0
V019802,U00059,S0798,124.0,2025-06-16,25.0
V019803,U00842,S0054,500.0,2024-06-29,58.0
V019804,U01961,S0343,500.0,2024-06-20,31.0
V019805,U00569,S0473,164.0,2024-12-07,17.0
V019806,U01252,S0774,500.0,2024-02-28,97.0
V019807,U01843,S0900,34.0,2024-12-29,90.0
V019808,U00197,S0472,219.0,2024-06-12,38.0
V019809,U01946,S0545,81.0,2024-11-25,14.0
V019810,U01769,S0376,69.0,2024-10-14,44.0
V019811,U01128,S0549,500.0,2025-06-14,92.0
V019812,U01116,S0695,500.0,2024-11-04,43.0
V019813,U01546,S0753,500.0,2024-11-26,77.0
V019814,U00533,S0068,61.0,2024-03-08,37.0
V019815,U01503,S0794,15.0,2024-03-01,54.0
V019816,U00710,S0570,135.0,2024-07-09,64.0
V019817,U01725,S0402,500.0,2024-01-14,77.0
V019818,U01069,S0730,142.0,2024-01-18,46.0
V019819,U01342,S0227,80.0,2024-12-16,10.0
V019820,U01619,S0426,500.0,2024-03-10,74.0
V019821,U01103,S0088,218.0,2024-09-10,86.0
V019822,U00227,S0194,500.0,2024-06-29,19.0
V019823,U00642,S0129,60.0,2025-01-05,26.0
V019824,U01798,S0087,500.0,2024-10-23,20.0
V019825,U01355,S0564,500.0,2024-12-27,69.0
V019826,U00852,S0104,137.0,2024-01-29,56.0
V019827,U00674,S0745,27.0,2024-06-09,56.0
V019828,U01589,S0350,500.0,2025-01-11,17.0
V019829,U01934,S0682,219.0,2025-05-01,73.0
V019830,U01477,S0913,500.0,2024-04-26,28.0
V019831,U00799,S0086,119.0,2024-09-03,82.0
V019832,U00525,S0129,500.0,2024-12-31,55.0
V019833,U00539,S0082,500.0,2024-07-12,99.0
V019834,U01516,S0009,219.0,2024-06-07,68.0
V019835,U01346,S0436,22.0,2024-09-26,81.0
V019836,U00645,S0171,500.0,2024-04-26,67.0
V019837,U01196,S0979,102.0,2024-10-05,47.0
V019838,U01635,S0499,152.0,2024-03-09,69.0
V019839,U00263,S0484,91.0,2025-02-19,21.0
V019840,U01657,S0815,215.0,2024-05-17,75.0
V019841,U00232,S0797,500.0,2025-07-06,79.0
V019842,U01318,S0936,69.0,2024-05-26,56.0
V019843,U00682,S0760,122.0,2025-02-28,97.0
V019844,U01275,S0725,500.0,2024-10-15,81.0
V019845,U01304,S0046,500.0,2024-12-06,56.0
V019846,U00165,S0281,500.0,2025-11-04,51.0
V019847,U01248,S0099,500.0,2025-03-18,45.0
V019848,U01612,S0515,59.0,2025-02-28,100.0
V019849,U01687,S0721,201.0,2024-06-07,62.0
V019850,U01103,S0039,500.0,2024-05-24,54.0
V019851,U01637,S0967,83.0,2024-09-02,94.0
V019852,U00341,S0247,138.0,2025-05-13,11.0
V019853,U01214,S0256,500.0,2024-08-09,34.0
V019854,U00365,S0024,500.0,2025-05-27,24.0
V019855,U00881,S0370,167.0,2025-03-22,90.0
V019856,U01377,S0384,500.0,2024-02-16,92.0
V019857,U00083,S0138,208.0,2024-05-05,61.0
V019858,U00197,S0088,79.0,2024-06-12,96.0
V019859,U00592,S0812,500.0,2024-02-23,56.0
V019860,U00472,S0999,500.0,2024-03-18,51.0
V019861,U01848,S0043,102.0,2024-06-16,41.0
V019862,U00362,S0296,83.0,2024-06-07,69.0
V019863,U00225,S0625,147.0,2024-07-23,32.0
V019864,U01191,S0951,183.0,2024-05-27,25.0
V019865,U01107,S0881,500.0,2024-05-01,83.0
V019866,U00064,S0789,500.0,2024-06-23,67.0
V019867,U01684,S0834,500.0,2024-07-12,60.0
V019868,U00616,S0362,500.0,2025-05-02,11.0
V019869,U00309,S0345,500.0,2025-10-06,23.0
V019870,U00901,S0657,12.0,2025-06-24,80.0
V019871,U01944,S0437,193.0,2024-06-30,65.0
V019872,U01500,S0266,219.0,2024-06-23,40.0
V019873,U00922,S0728,500.0,2024-03-29,73.0
V019874,U01918,S0327,53.0,2024-03-17,64.0
V019875,U01831,S0361,89.0,2025-09-01,25.0
V019876,U01628,S0863,218.0,2024-01-04,15.0
V019877,U00694,S0300,500.0,2025-12-02,70.0
V019878,U01297,S0126,12.0,2024-06-02,90.0
V019879,U01206,S0714,75.0,2024-05-01,19.0
V019880,U01805,S0915,500.0,2025-01-01,60.0
V019881,U01466,S0482,211.0,2024-05-14,83.0
V019882,U00991,S0688,500.0,2025-04-22,16.0
V019883,U00073,S0356,500.0,2025-05-22,69.0
V019884,U00606,S0152,212.0,2024-01-05,98.0
V019885,U00814,S0172,65.0,2024-08-21,50.0
V019886,U01556,S0413,190.0,2025-04-15,94.0
V019887,U00767,S0715,110.0,2024-11-04,99.0
V019888,U01018,S0671,500.0,2024-05-20,39.0
V019889,U00262,S0237,91.0,2025-05-23,10.0
V019890,U00445,S0838,500.0,2024-12-22,16.0
V019891,U00186,S0023,204.0,2024-07-06,56.0
V019892,U01277,S0595,500.0,2024-11-02,13.0
V019893,U00566,S0875,500.0,2024-05-30,18.0
V019894,U01462,S0969,500.0,2024-04-02,79.0
V019895,U01969,S0606,55.0,2024-05-21,41.0
V019896,U00248,S0744,40.0,2025-03-26,18.0
V019897,U01615,S0164,500.0,2025-06-07,22.0
V019898,U00369,S0940,500.0,2025-01-31,52.0
V019899,U01251,S0163,500.0,2025-04-23,76.0
V019900,U01847,S0125,165.0,2025-05-20,59.0
V019901,U00623,S0881,75.0,2024-07-11,43.0
V019902,U00094,S0344,500.0,2024-10-10,45.0
V019903,U00242,S0564,75.0,2024-11-28,35.0
V019904,U01007,S0646,35.0,2025-04-05,11.0
V019905,U01762,S0267,219.0,2024-09-09,90.0
V019906,U01084,S0874,500.0,2024-03-29,15.0
V019907,U00857,S0920,500.0,2024-12-02,72.0
V019908,U01129,S0534,187.0,2024-02-14,87.0
V019909,U01411,S0735,500.0,2024-05-24,82.0
V019910,U01704,S0444,500.0,2024-11-29,63.0
V019911,U00382,S0889,209.0,2024-10-13,98.0
V019912,U00262,S0865,219.0,2024-06-09,71.0
V019913,U00280,S0718,75.0,2024-12-06,18.0
V019914,U00961,S0823,500.0,2024-04-10,13.0
V019915,U00995,S0759,173.0,2024-03-07,17.0
V019916,U01198,S0087,500.0,2024-01-27,28.0
V019917,U00559,S0438,500.0,2024-01-12,63.0
V019918,U00750,S0882,500.0,2024-04-27,64.0
V019919,U01563,S0804,127.0,2025-03-03,28.0
V019920,U01509,S0994,500.0,2024-06-27,31.0
V019921,U01630,S0985,75.0,2024-11-02,70.0
V019922,U01567,S0132,500.0,2025-04-04,94.0
V019923,U00576,S0532,500.0,2025-02-06,56.0
V019924,U01297,S0729,69.0,2025-05-29,30.0
V019925,U01496,S0686,500.0,2024-08-05,16.0
V019926,U01859,S0255,500.0,2024-06-14,43.0
V019927,U01473,S0490,500.0,2024-12-10,72.0
V019928,U00612,S0855,132.0,2024-08-05,97.0
V019929,U00114,S0074,500.0,2025-01-06,61.0
V019930,U00761,S0969,500.0,2024-01-30,64.0
V019931,U01014,S0150,189.0,2024-10-31,32.0
V019932,U00281,S0044,500.0,2025-05-31,30.0
V019933,U01172,S0167,219.0,2024-10-05,15.0
V019934,U01725,S0031,160.0,2024-11-01,95.0
V019935,U01503,S0784,500.0,2024-11-15,88.0
V019936,U01745,S0448,500.0,2025-05-07,11.0
V019937,U00396,S0516,40.0,2024-06-01,41.0
V019938,U00833,S0190,500.0,2025-05-20,30.0
V019939,U00097,S0455,73.0,2025-03-07,55.0
V019940,U01434,S0631,188.0,2025-04-07,56.0
V019941,U00135,S0223,220.0,2025-05-15,83.0
V019942,U01581,S0400,500.0,2025-03-25,15.0
V019943,U00380,S0205,210.0,2024-11-17,51.0
V019944,U00686,S0116,176.0,2025-03-31,100.0
V019945,U00120,S0049,500.0,2024-07-08,26.0
V019946,U00827,S0052,140.0,2025-09-03,14.0
V019947,U00556,S0241,500.0,2025-02-02,36.0
V019948,U00745,S0568,37.0,2024-12-03,30.0
V019949,U00005,S0858,70.0,2024-03-16,22.0
V019950,U01445,S0447,116.0,2024-09-04,56.0
V019951,U01435,S0969,500.0,2025-02-11,22.0
V019952,U01735,S0694,219.0,2024-02-09,48.0
V019953,U01373,S0703,500.0,2024-04-12,33.0
V019954,U00964,S0092,195.0,2024-08-03,56.0
V019955,U00428,S0557,500.0,2024-04-01,92.0
V019956,U01049,S0142,175.0,2024-05-08,97.0
V019957,U00750,S0745,11.0,2024-03-16,43.0
V019958,U00140,S0372,500.0,2024-12-01,22.0
V019959,U00308,S0890,42.0,2024-07-29,63.0
V019960,U01000,S0100,500.0,2024-10-07,32.0
V019961,U00907,S0517,500.0,2025-03-18,31.0
V019962,U01561,S0035,194.0,2024-08-14,72.0
V019963,U00554,S0123,177.0,2024-03-03,99.0
V019964,U00027,S0180,35.0,2025-05-19,18.0
V019965,U00574,S0871,152.0,2024-02-16,68.0
V019966,U00319,S0756,500.0,2025-04-01,29.0
V019967,U00823,S0153,500.0,2024-04-11,12.0
V019968,U01048,S0418,13.0,2024-04-01,84.0
V019969,U00739,S0522,500.0,2024-12-13,25.0
V019970,U01722,S0038,500.0,2024-02-24,40.0
V019971,U01459,S0317,500.0,2024-12-12,70.0
V019972,U00274,S0718,27.0,2024-06-23,70.0
V019973,U00412,S0154,500.0,2024-08-08,50.0
V019974,U01729,S0694,500.0,2024-07-01,24.0
V019975,U01889,S0599,500.0,2024-04-16,70.0
V019976,U01255,S0568,500.0,2024-06-02,31.0
V019977,U00431,S0772,500.0,2024-12-16,93.0
V019978,U01536,S0060,500.0,2024-11-13,80.0
V019979,U01273,S0937,165.0,2024-06-23,56.0
V019980,U00278,S0531,500.0,2024-05-08,84.0
V019981,U01027,S0815,500.0,2024-08-30,52.0
V019982,U00842,S0320,53.0,2024-06-25,69.0
V019983,U01285,S0446,500.0,2024-12-26,78.0
V019984,U01115,S0159,500.0,2024-04-12,45.0
V019985,U01371,S0394,500.0,2024-05-26,36.0
V019986,U00700,S0198,98.0,2025-07-01,68.0
V019987,U00621,S0418,103.0,2024-01-25,56.0
V019988,U00604,S0277,500.0,2025-05-08,96.0
V019989,U00015,S0195,135.0,2024-11-29,39.0
V019990,U01942,S0543,500.0,2024-10-06,94.0
V019991,U01061,S0910,500.0,2024-09-08,41.0
V019992,U00123,S0137,32.0,2024-10-12,66.0
V019993,U01426,S0017,167.0,2025-01-17,29.0
V019994,U01808,S0425,500.0,2024-12-09,29.0
V019995,U00613,S0634,500.0,2025-03-03,82.0
V019996,U01078,S0488,153.0,2024-09-01,98.0
V019997,U01625,S0789,119.0,2025-05-21,33.0
V019998,U01904,S0006,500.0,2024-08-07,88.0
V019999,U00923,S0529,500.0,2024-08-11,12.0
V020000,U01631,S0063,44.0,2025-01-19,12.0
