user_id,join_date,plan_type,subscription_status,cancel_date,last_login_date
U00001,2024-05-18,Premimum,Active,---,2025-05-10
U00002,2024-06-13,Standard,Active,---,2024-06-20
U00003,2023-04-06,Basic,Active,---,2023-08-22
U00004,2024-09-27,Standard,Cancelled,2025-09-03,2024-09-30
U00005,2024-12-20,Standard,Cancelled,2025-11-10,2025-09-15
U00006,2022-08-22,Premium,Active,---,2022-09-06
U00007,2023-01-19,Mobile,Active,---,2023-07-06
U00008,2023-04-24,Standard,Active,---,2023-08-24
U00009,2022-02-19,Premium,Cancelled,2022-09-15,2022-04-26
U00010,2025-02-16,Premimum,Active,---,2025-09-22
U00011,2024-11-02,Standard,Active,---,2024-02-12
U00012,2022-09-19,Premium,Active,---,2023-07-11
U00013,2022-03-11,Standrd,Cancelled,2023-06-14,2023-01-03
U00014,2024-07-13,Standard,Active,---,2024-10-24
U00015,2023-02-19,Premimum,Active,---,2023-03-17
U00016,2022-09-24,Premium,Active,---,2023-09-17
U00017,2022-02-16,Mobile,Active,---,2022-08-03
U00018,2022-06-30,Basic,Cancelled,2023-03-03,2022-10-25
U00019,2023-06-25,Premimum,Active,---,2023-09-03
U00020,2023-08-03,Basic,Active,---,2023-04-10
U00021,2024-09-12,Standard,Active,---,2025-07-18
U00022,2023-01-14,Premimum,Active,---,2023-04-20
U00023,2022-09-27,Mobile,Active,---,2023-06-17
U00024,2023-06-01,Premimum,Active,---,2024-05-01
U00025,2022-08-20,Mobile,Cancelled,2023-01-05,2022-10-17
U00026,2022-03-06,Basic,Active,---,2022-10-01
U00027,2022-02-25,Premium,Cancelled,2022-12-16,2022-04-11
U00028,2024-06-21,Mobile,Cancelled,2024-10-19,2024-09-14
U00029,2025-02-03,Standard,Active,---,2025-09-11
U00030,2023-03-06,Premimum,Cancelled,2024-04-26,2024-03-27
U00031,2025-02-26,Standard,Active,---,2026-01-04
U00032,2022-01-10,Premium,Active,---,2023-09-04
U00033,2023-06-30,Standrd,Active,---,2023-12-02
U00034,2024-08-22,Premimum,Cancelled,2025-04-02,2024-10-17
U00035,2022-03-03,Mobile,Active,---,2022-03-24
U00036,2025-03-30,Standrd,Active,---,2025-11-08
U00037,2023-09-11,Standard,Cancelled,2024-07-23,2023-12-11
U00038,2023-04-04,Basic,Active,---,2023-05-10
U00039,2022-06-28,Mobile,Active,---,2022-08-29
U00040,2022-04-21,Standrd,Active,---,2022-11-13
U00041,2023-03-04,Standrd,Active,---,2023-07-19
U00042,2022-03-20,Mobile,Cancelled,2022-10-01,2022-05-13
U00043,2022-01-19,Standrd,Cancelled,2022-03-29,2022-01-21
U00044,2025-02-27,Standard,Active,---,2025-10-07
U00045,2025-03-29,Standrd,Active,---,2026-01-16
U00046,2024-08-15,Premimum,Cancelled,2024-12-08,2024-08-28
U00047,2023-04-30,Premium,Active,---,2024-03-22
U00048,2022-06-01,Mobile,Active,---,2022-05-28
U00049,2023-07-07,Basic,Active,---,2024-05-17
U00050,2022-03-24,Premium,Active,---,2022-12-04
U00051,2023-02-05,Premimum,Cancelled,2023-09-14,2023-06-03
U00052,2022-12-05,Mobile,Active,---,2023-03-06
U00053,2022-08-16,Standard,Cancelled,2023-05-05,2023-05-05
U00054,2023-05-21,Premium,Active,---,2023-09-18
U00055,2023-04-25,Standrd,Active,---,2023-06-26
U00056,2022-11-15,Premimum,Cancelled,2023-04-03,2023-03-17
U00057,2022-09-11,Basic,Active,---,2023-08-08
U00058,2022-11-13,Basic,Active,---,2023-07-09
U00059,2024-10-31,Standard,Active,---,2025-10-29
U00060,2022-06-30,Standrd,Active,---,2023-06-12
U00061,2024-05-02,Basic,Cancelled,2024-11-06,2024-07-11
U00062,2022-07-04,Standrd,Active,---,2023-01-12
U00063,2024-04-24,Basic,Active,---,2025-01-14
U00064,2022-05-12,Premium,Cancelled,2022-08-31,2022-08-20
U00065,2023-12-28,Standard,Cancelled,2024-10-21,2024-04-27
U00066,2022-09-06,Standrd,Active,---,2023-02-14
U00067,2024-04-11,Premium,Cancelled,2024-12-21,2024-11-17
U00068,2022-07-04,Mobile,Active,---,2023-02-12
U00069,2022-10-14,Mobile,Active,---,2023-06-22
U00070,2024-04-20,Mobile,Active,---,2024-09-16
U00071,2023-01-29,Standard,Active,---,2023-12-22
U00072,2023-08-07,Basic,Active,---,2024-06-22
U00073,2022-06-27,Standard,Active,---,2022-12-31
U00074,2023-12-18,Standard,Cancelled,2024-05-25,2024-02-10
U00075,2022-11-07,Standrd,Active,---,2022-12-29
U00076,2023-09-29,Basic,Active,---,2024-05-03
U00077,2025-01-13,Standrd,Active,---,2025-05-21
U00078,2025-01-03,Premium,Active,---,2026-02-03
U00079,2022-10-06,Standrd,Cancelled,2023-03-14,2022-08-18
U00080,2023-08-18,Standard,Active,---,2024-08-07
U00081,2024-02-21,Standrd,Cancelled,2024-06-19,2024-05-15
U00082,2025-03-27,Premium,Active,---,2025-07-02
U00083,2022-07-18,Mobile,Active,---,2022-10-16
U00084,2024-02-28,Mobile,Active,---,2024-12-26
U00085,2022-10-17,Standard,Cancelled,2023-10-09,2023-05-07
U00086,2023-10-22,Standard,Active,---,2024-03-31
U00087,2023-12-02,Standard,Cancelled,2023-10-29,2023-03-12
U00088,2022-06-10,Standrd,Active,---,2023-08-25
U00089,2025-04-05,Standrd,Active,---,2025-12-03
U00090,2022-05-25,Premium,Active,---,2023-02-05
U00091,2025-02-18,Standrd,Active,---,2025-11-19
U00092,2022-03-24,Standard,Cancelled,2022-07-02,2022-05-01
U00093,2022-01-27,Standrd,Cancelled,2022-08-16,2022-07-21
U00094,2024-08-14,Standrd,Active,---,2025-02-18
U00095,2025-04-12,Standard,Cancelled,2026-02-05,2025-09-02
U00096,2024-10-11,Premimum,Active,---,2025-06-04
U00097,2023-08-12,Basic,Cancelled,2024-04-12,2024-02-16
U00098,2023-08-20,Mobile,Cancelled,2023-11-05,2023-10-23
U00099,2024-01-18,Premimum,Active,---,2024-09-20
U00100,2025-01-03,Premium,Cancelled,2025-10-01,2025-03-13
U00101,2024-07-19,Basic,Active,---,2025-06-24
U00102,2022-01-22,Standrd,Cancelled,2022-06-05,2022-04-30
U00103,2022-08-28,Standard,Cancelled,2023-01-29,2022-11-30
U00104,2025-05-01,Premimum,Active,---,2025-04-16
U00105,2024-10-14,Basic,Active,---,2025-06-29
U00106,2024-05-06,Mobile,Active,---,2025-04-03
U00107,2022-01-29,Basic,Cancelled,2023-01-23,2023-01-16
U00108,2023-07-03,Standrd,Active,---,2024-01-27
U00109,2025-02-11,Premimum,Active,---,2025-09-03
U00110,2022-06-06,Basic,Active,---,2022-10-27
U00111,2023-08-16,Standrd,Active,---,2024-03-01
U00112,2024-05-18,Premium,Cancelled,2025-03-17,2024-05-18
U00113,2023-10-19,Standrd,Active,---,2024-08-28
U00114,2022-02-10,Premium,Active,---,2022-11-20
U00115,2024-12-18,Mobile,Active,---,2025-05-29
U00116,2025-02-19,Premimum,Active,---,2025-09-15
U00117,2022-04-19,Standard,Active,---,2022-06-01
U00118,2022-07-18,Premimum,Active,---,2022-09-06
U00119,2023-10-10,Standard,Active,---,2023-11-16
U00120,2024-07-01,Basic,Active,---,2024-12-22
U00121,2022-03-15,Standard,Active,---,2022-09-19
U00122,2023-04-21,Standard,Cancelled,2023-09-08,2023-06-01
U00123,2023-05-02,Standard,Active,---,2023-09-02
U00124,2022-02-26,Mobile,Active,---,2022-07-16
U00125,2025-04-14,Mobile,Active,---,2025-12-18
U00126,2025-02-09,Premimum,Active,---,2025-07-10
U00127,2024-12-03,Mobile,Active,---,2024-05-04
U00128,2022-06-08,Premimum,Cancelled,2022-12-27,2022-11-07
U00129,2023-01-31,Standard,Cancelled,2024-01-25,2023-09-20
U00130,2023-09-29,Premium,Active,---,2023-11-14
U00131,2022-07-07,Standard,Active,---,2022-10-12
U00132,2022-02-12,Standard,Cancelled,2023-02-18,2023-01-21
U00133,2024-11-13,Premium,Cancelled,2025-10-28,2024-11-18
U00134,2023-05-25,Basic,Active,---,2023-10-29
U00135,2023-02-03,Standrd,Active,---,2023-07-28
U00136,2023-07-31,Premium,Active,---,2024-03-01
U00137,2022-05-23,Standard,Cancelled,2022-11-02,2022-09-27
U00138,2024-10-25,Standard,Active,---,2025-08-20
U00139,2023-07-19,Premium,Active,---,2023-12-24
U00140,2023-01-04,Premium,Cancelled,2024-03-30,2024-03-05
U00141,2024-04-25,Mobile,Active,---,2025-03-01
U00142,2023-10-28,Standard,Cancelled,2024-06-20,2023-11-28
U00143,2023-04-26,Basic,Active,---,2023-05-28
U00144,2023-12-20,Premium,Active,---,2024-06-26
U00145,2024-11-07,Mobile,Cancelled,2025-05-13,2025-01-18
U00146,2022-08-07,Premimum,Active,---,2023-06-10
U00147,2023-09-16,Basic,Cancelled,2024-01-24,2023-10-22
U00148,2024-10-13,Standard,Cancelled,2024-12-19,2024-12-11
U00149,2023-09-15,Premimum,Active,---,2023-09-25
U00150,2025-01-11,Standard,Active,---,2025-03-05
U00151,2022-02-11,Premimum,Active,---,2023-01-12
U00152,2024-12-29,Standrd,Active,---,2025-01-01
U00153,2024-03-19,Basic,Cancelled,2024-06-27,2024-06-27
U00154,2022-06-16,Standrd,Cancelled,2022-11-13,2022-10-31
U00155,2022-09-01,Standard,Active,---,2022-12-30
U00156,2023-07-21,Mobile,Active,---,2024-03-13
U00157,2023-05-24,Premium,Active,---,2023-11-05
U00158,2024-12-26,Premium,Active,---,2025-07-01
U00159,2022-03-08,Premimum,Active,---,2023-02-23
U00160,2024-06-06,Mobile,Active,---,2024-07-30
U00161,2023-12-22,Premimum,Cancelled,2024-11-20,2024-10-28
U00162,2023-09-09,Basic,Active,---,2024-06-25
U00163,2023-08-29,Premium,Cancelled,2024-08-17,2023-08-29
U00164,2025-02-03,Standard,Active,---,2025-05-01
U00165,2023-05-17,Basic,Active,---,2023-10-25
U00166,2022-03-18,Standrd,Active,---,2022-04-15
U00167,2024-08-21,Premimum,Cancelled,2024-10-28,2024-10-10
U00168,2024-11-08,Premimum,Active,---,2024-11-12
U00169,2024-03-13,Basic,Active,---,2024-07-09
U00170,2023-04-14,Premium,Active,---,2023-10-04
U00171,2025-03-26,Mobile,Cancelled,2026-01-12,2025-08-17
U00172,2025-02-14,Premium,Active,---,2025-03-31
U00173,2022-02-17,Mobile,Active,---,2022-10-13
U00174,2024-09-25,Standrd,Active,---,2024-11-25
U00175,2024-09-24,Premium,Active,---,2025-02-10
U00176,2022-01-29,Mobile,Active,---,2022-02-26
U00177,2023-06-30,Mobile,Cancelled,2024-06-26,2024-01-24
U00178,2022-11-28,Premium,Cancelled,2023-08-26,2023-04-12
U00179,2024-03-28,Premium,Cancelled,2024-12-13,2024-10-08
U00180,2022-01-07,Standard,Active,---,2023-04-21
U00181,2023-03-24,Premium,Active,---,2024-02-15
U00182,2024-10-15,Premimum,Cancelled,2025-08-23,2025-01-24
U00183,2025-02-01,Premium,Active,---,2025-12-02
U00184,2023-07-28,Mobile,Active,---,2024-07-15
U00185,2023-09-27,Basic,Active,---,2023-12-22
U00186,2023-12-18,Standard,Active,---,2024-04-14
U00187,2022-02-21,Mobile,Active,---,2022-11-15
U00188,2023-01-23,Basic,Active,---,2023-04-09
U00189,2023-04-13,Basic,Active,---,2024-03-18
U00190,2022-04-17,Standard,Active,---,2022-11-12
U00191,2024-08-07,Basic,Active,---,2024-12-30
U00192,2023-07-20,Standard,Active,---,2024-02-11
U00193,2023-11-22,Standrd,Active,---,2024-02-07
U00194,2023-01-05,Premium,Active,---,2023-04-26
U00195,2025-08-01,Standrd,Active,---,2025-07-10
U00196,2024-12-17,Premimum,Active,---,2025-07-07
U00197,2024-01-08,Premimum,Active,---,2024-12-22
U00198,2022-08-14,Mobile,Cancelled,2023-05-26,2023-03-30
U00199,2023-01-10,Premium,Active,---,2024-08-30
U00200,2023-02-20,Premimum,Active,---,2023-08-08
U00201,2023-11-18,Premimum,Active,---,2024-02-27
U00202,2024-12-21,Standard,Active,---,2025-07-19
U00203,2022-10-09,Premium,Active,---,2022-11-08
U00204,2022-07-18,Premium,Cancelled,2023-06-25,2022-12-02
U00205,2024-05-12,Mobile,Active,---,2025-05-06
U00206,2024-05-19,Standrd,Cancelled,2025-04-19,2024-07-04
U00207,2023-10-09,Standrd,Active,---,2023-11-14
U00208,2022-03-24,Premimum,Active,---,2022-03-25
U00209,2023-06-30,Mobile,Active,---,2023-07-18
U00210,2024-03-25,Standrd,Active,---,2024-09-18
U00211,2023-01-01,Premimum,Active,---,2023-02-01
U00212,2023-07-26,Basic,Cancelled,2024-07-06,2024-03-24
U00213,2023-12-15,Premium,Cancelled,2024-12-04,2024-08-22
U00214,2023-03-14,Standard,Cancelled,2023-11-16,2023-10-31
U00215,2022-10-23,Premium,Cancelled,2023-10-14,2022-11-21
U00216,2022-04-14,Premium,Active,---,2022-05-20
U00217,2024-02-12,Standrd,Cancelled,2024-05-17,2024-02-18
U00218,2025-09-04,Premimum,Active,---,2025-10-04
U00219,2023-03-16,Premimum,Active,---,2024-03-06
U00220,2023-08-20,Standard,Active,---,2023-10-05
U00221,2023-01-24,Standard,Active,---,2023-11-02
U00222,2023-10-06,Basic,Active,---,2024-06-19
U00223,2024-07-17,Mobile,Active,---,2024-10-21
U00224,2022-08-21,Standard,Active,---,2022-12-01
U00225,2024-03-25,Premium,Cancelled,2024-06-01,2024-05-09
U00226,2024-12-29,Premimum,Active,---,2025-04-20
U00227,2022-03-20,Mobile,Cancelled,2022-05-25,2022-05-04
U00228,2024-06-25,Standard,Active,---,2025-01-14
U00229,2025-08-03,Premium,Cancelled,2025-12-12,2025-06-03
U00230,2025-02-27,Basic,Active,---,2025-04-24
U00231,2023-07-21,Mobile,Active,---,2024-05-20
U00232,2023-06-04,Premimum,Cancelled,2024-05-02,2023-12-31
U00233,2023-01-26,Mobile,Active,---,2023-11-07
U00234,2024-11-16,Standard,Cancelled,2025-06-22,2025-01-17
U00235,2025-02-19,Premium,Cancelled,2025-12-27,2025-11-17
U00236,2023-11-16,Mobile,Active,---,2024-04-18
U00237,2023-11-17,Premimum,Active,---,2023-11-29
U00238,2023-02-03,Standrd,Active,---,2024-02-06
U00239,2024-01-15,Basic,Active,---,2024-12-31
U00240,2024-02-01,Basic,Active,---,2024-07-11
U00241,2024-05-12,Basic,Active,---,2025-02-20
U00242,2024-05-29,Premium,Active,---,2024-12-17
U00243,2024-01-30,Mobile,Active,---,2024-03-12
U00244,2025-03-03,Premimum,Active,---,2025-06-27
U00245,2022-12-25,Basic,Active,---,2023-07-02
U00246,2024-12-30,Premium,Active,---,2025-04-20
U00247,2024-05-18,Mobile,Cancelled,2024-06-18,2024-06-02
U00248,2024-10-04,Mobile,Cancelled,2025-07-04,2025-03-11
U00249,2024-07-10,Standard,Cancelled,2025-02-25,2024-12-22
U00250,2025-02-21,Premimum,Cancelled,2025-08-15,2025-07-10
U00251,2024-07-18,Standrd,Active,---,2024-08-11
U00252,2023-03-04,Mobile,Active,---,2023-09-25
U00253,2023-10-24,Basic,Cancelled,2024-10-22,2024-01-15
U00254,2022-07-03,Premium,Cancelled,2022-08-04,2022-07-18
U00255,2024-04-09,Mobile,Cancelled,2025-02-13,2024-07-05
U00256,2025-04-15,Premium,Active,---,2025-11-16
U00257,2023-04-02,Standard,Active,---,2024-01-19
U00258,2023-08-13,Standrd,Active,---,2023-09-02
U00259,2022-04-17,Premimum,Cancelled,2023-02-11,2022-05-02
U00260,2024-08-05,Standard,Cancelled,2025-02-07,2024-05-18
U00261,2022-07-02,Basic,Active,---,2023-01-26
U00262,2023-07-11,Standard,Active,---,2023-11-28
U00263,2024-06-05,Standard,Cancelled,2025-02-19,2024-09-30
U00264,2022-10-18,Standard,Active,---,2023-09-25
U00265,2024-12-02,Standard,Cancelled,2025-02-08,2024-12-16
U00266,2024-05-21,Premimum,Active,---,2025-01-19
U00267,2022-03-25,Standard,Cancelled,2022-10-08,2022-06-20
U00268,2025-02-15,Premium,Active,---,2025-05-28
U00269,2023-06-09,Mobile,Active,---,2024-01-09
U00270,2023-01-29,Premium,Active,---,2023-08-18
U00271,2022-09-09,Premium,Active,---,2023-02-21
U00272,2024-08-21,Basic,Cancelled,2025-05-27,2025-04-30
U00273,2024-07-14,Basic,Cancelled,2025-07-07,2024-09-24
U00274,2025-04-15,Premimum,Active,---,2026-04-05
U00275,2023-08-12,Premium,Cancelled,2024-03-01,2024-02-08
U00276,2024-11-10,Basic,Active,---,2024-11-27
U00277,2024-04-22,Mobile,Cancelled,2024-06-11,2024-05-15
U00278,2024-09-21,Premimum,Active,---,2024-12-30
U00279,2022-03-27,Premium,Cancelled,2022-06-03,2022-03-27
U00280,2023-08-27,Premium,Cancelled,2024-06-13,2024-04-01
U00281,2024-06-03,Mobile,Cancelled,2025-05-02,2025-01-06
U00282,2022-12-23,Premimum,Active,---,2023-12-02
U00283,2022-04-26,Premium,Active,---,2022-09-08
U00284,2024-02-27,Basic,Active,---,2025-01-14
U00285,2022-03-26,Standrd,Active,---,2023-02-05
U00286,2023-11-14,Standard,Active,---,2024-10-16
U00287,2022-03-01,Premium,Active,---,2022-02-23
U00288,2023-04-09,Standrd,Cancelled,2024-06-17,2024-02-17
U00289,2022-06-04,Standrd,Cancelled,2022-05-19,2022-04-25
U00290,2024-12-02,Basic,Cancelled,2024-05-31,2024-05-04
U00291,2023-11-15,Standrd,Active,---,2024-08-24
U00292,2023-05-06,Basic,Cancelled,2024-01-11,2023-08-23
U00293,2025-02-24,Basic,Active,---,2025-05-21
U00294,2024-01-20,Standrd,Active,---,2024-05-12
U00295,2024-04-25,Standrd,Active,---,2024-11-09
U00296,2024-03-23,Mobile,Cancelled,2024-10-22,2024-08-10
U00297,2024-11-24,Mobile,Active,---,2025-10-25
U00298,2023-07-21,Premimum,Active,---,2024-02-27
U00299,2023-08-07,Premimum,Active,---,2024-06-06
U00300,2023-10-02,Standrd,Active,---,2023-02-13
U00301,2022-03-30,Standrd,Active,---,2022-12-27
U00302,2024-01-05,Premium,Active,---,2024-08-31
U00303,2023-05-25,Standard,Active,---,2023-11-01
U00304,2022-12-31,Basic,Active,---,2023-05-10
U00305,2024-11-15,Premimum,Active,---,2025-01-15
U00306,2023-10-03,Basic,Active,---,2024-01-26
U00307,2024-12-14,Premium,Cancelled,2025-10-04,2025-06-24
U00308,2023-10-01,Premimum,Cancelled,2024-05-02,2023-11-14
U00309,2025-01-19,Premium,Cancelled,2025-06-12,2025-04-26
U00310,2022-01-10,Standard,Cancelled,2022-12-30,2022-10-13
U00311,2022-01-14,Basic,Active,---,2022-06-28
U00312,2024-04-23,Mobile,Active,---,2024-05-31
U00313,2024-02-28,Mobile,Active,---,2025-01-01
U00314,2022-06-25,Standard,Active,---,2023-04-30
U00315,2025-04-13,Mobile,Active,---,2025-10-29
U00316,2022-10-22,Standrd,Cancelled,2023-09-28,2023-03-31
U00317,2022-12-23,Basic,Active,---,2023-12-01
U00318,2024-09-13,Basic,Cancelled,2024-11-23,2024-10-31
U00319,2022-10-12,Standrd,Active,---,2023-02-17
U00320,2025-03-17,Mobile,Active,---,2025-05-14
U00321,2024-03-03,Basic,Active,---,2024-12-12
U00322,2025-03-25,Premimum,Active,---,2025-05-09
U00323,2022-05-24,Premimum,Active,---,2022-08-30
U00324,2024-11-04,Basic,Active,---,2024-10-12
U00325,2024-04-12,Standrd,Cancelled,2024-05-13,2024-05-04
U00326,2024-06-21,Mobile,Active,---,2024-09-10
U00327,2022-05-27,Premimum,Cancelled,2022-09-02,2022-06-06
U00328,2022-10-30,Standrd,Active,---,2023-08-21
U00329,2023-03-09,Standrd,Active,---,2023-11-01
U00330,2022-07-14,Basic,Active,---,2023-06-10
U00331,2022-04-17,Premium,Active,---,2023-01-22
U00332,2024-09-21,Standard,Cancelled,2025-05-21,2024-09-26
U00333,2022-03-28,Standard,Active,---,2022-10-08
U00334,2024-05-02,Standrd,Active,---,2025-01-11
U00335,2023-03-29,Standrd,Active,---,2024-01-05
U00336,2024-09-01,Premium,Active,---,2024-12-18
U00337,2023-01-14,Mobile,Active,---,2023-05-07
U00338,2023-10-06,Premimum,Cancelled,2024-08-12,2023-12-17
U00339,2023-10-23,Standrd,Active,---,2024-03-20
U00340,2022-10-19,Premium,Cancelled,2023-06-27,2023-06-01
U00341,2022-06-21,Premimum,Cancelled,2022-08-09,2022-08-01
U00342,2023-08-17,Basic,Cancelled,2024-07-04,2024-03-01
U00343,2024-12-15,Standrd,Active,---,2025-10-16
U00344,2023-03-12,Premimum,Active,---,2024-01-10
U00345,2022-06-10,Standrd,Active,---,2023-02-09
U00346,2022-06-16,Premimum,Active,---,2023-03-08
U00347,2023-03-22,Basic,Active,---,2023-05-21
U00348,2023-08-12,Premium,Active,---,2024-01-16
U00349,2024-10-10,Standard,Cancelled,2025-09-11,2025-03-24
U00350,2022-06-30,Premimum,Cancelled,2023-05-31,2022-12-14
U00351,2022-01-11,Basic,Active,---,2022-05-12
U00352,2024-05-11,Standrd,Cancelled,2025-11-05,2025-10-06
U00353,2025-01-29,Basic,Cancelled,2025-06-19,2025-04-28
U00354,2022-11-06,Premimum,Cancelled,2023-05-15,2023-03-06
U00355,2023-09-12,Standrd,Active,---,2024-11-26
U00356,2022-07-23,Premimum,Active,---,2023-03-27
U00357,2024-03-31,Basic,Active,---,2025-01-16
U00358,2023-11-19,Premimum,Active,---,2024-07-12
U00359,2022-01-15,Premium,Active,---,2022-02-19
U00360,2024-06-26,Standard,Cancelled,2024-10-17,2024-08-11
U00361,2023-03-14,Mobile,Active,---,2023-12-11
U00362,2022-01-22,Standard,Cancelled,2022-04-03,2022-03-30
U00363,2024-09-06,Standrd,Active,---,2025-04-17
U00364,2024-10-11,Basic,Active,---,2025-01-03
U00365,2022-01-11,Standard,Active,---,2022-05-31
U00366,2024-05-28,Premium,Active,---,2024-11-18
U00367,2022-02-02,Premimum,Cancelled,2022-05-21,2022-04-18
U00368,2024-03-06,Mobile,Active,---,2025-03-20
U00369,2022-12-29,Basic,Active,---,2023-02-01
U00370,2022-06-12,Standard,Active,---,2023-02-19
U00371,2023-04-24,Standrd,Cancelled,2024-03-10,2023-09-13
U00372,2022-07-28,Basic,Active,---,2023-02-25
U00373,2022-09-07,Standrd,Active,---,2023-01-12
U00374,2024-08-01,Standard,Active,---,2024-10-30
U00375,2025-04-04,Standard,Active,---,2025-11-28
U00376,2022-05-15,Premium,Active,---,2023-02-15
U00377,2024-02-22,Premimum,Active,---,2024-04-06
U00378,2022-01-13,Standard,Active,---,2022-07-25
U00379,2023-09-29,Standard,Active,---,2024-08-01
U00380,2022-01-25,Premium,Cancelled,2022-08-07,2022-08-07
U00381,2023-06-20,Standrd,Active,---,2024-02-27
U00382,2023-08-03,Basic,Active,---,2024-05-26
U00383,2025-06-02,Mobile,Cancelled,2025-05-17,2025-05-07
U00384,2022-12-27,Standard,Active,---,2023-10-10
U00385,2024-02-12,Standard,Active,---,2025-04-26
U00386,2022-02-18,Premimum,Cancelled,2022-05-26,2022-05-11
U00387,2023-12-01,Standard,Active,---,2024-07-16
U00388,2022-01-29,Standard,Active,---,2022-06-26
U00389,2023-01-07,Premimum,Active,---,2023-12-22
U00390,2024-06-16,Basic,Active,---,2025-05-08
U00391,2023-02-16,Standard,Active,---,2023-05-13
U00392,2022-01-06,Mobile,Cancelled,2022-06-14,2022-03-26
U00393,2023-10-23,Basic,Cancelled,2024-06-27,2024-04-08
U00394,2023-05-19,Premimum,Active,---,2023-12-29
U00395,2024-09-20,Basic,Active,---,2025-02-24
U00396,2022-11-22,Basic,Cancelled,2023-01-20,2022-12-27
U00397,2023-05-13,Basic,Active,---,2024-03-18
U00398,2023-03-12,Standard,Cancelled,2023-10-04,2023-08-22
U00399,2022-09-13,Premium,Cancelled,2023-08-14,2022-11-29
U00400,2023-10-21,Standard,Active,---,2024-04-29
U00401,2023-11-27,Premium,Active,---,2024-09-04
U00402,2023-05-27,Mobile,Cancelled,2024-01-04,2023-10-19
U00403,2023-02-01,Standard,Cancelled,2023-12-20,2023-03-01
U00404,2023-12-20,Premium,Active,---,2024-07-10
U00405,2023-01-03,Premium,Active,---,2023-08-06
U00406,2023-01-17,Standrd,Active,---,2023-08-26
U00407,2024-06-19,Premium,Active,---,2024-09-19
U00408,2024-05-20,Standard,Active,---,2024-09-07
U00409,2024-04-30,Premimum,Active,---,2024-07-26
U00410,2025-12-02,Mobile,Cancelled,2025-07-28,2025-05-15
U00411,2023-06-05,Basic,Active,---,2023-09-09
U00412,2022-05-20,Mobile,Cancelled,2023-04-16,2023-02-05
U00413,2023-01-16,Standard,Cancelled,2023-10-21,2023-03-24
U00414,2022-05-18,Standard,Active,---,2022-07-14
U00415,2023-02-08,Premium,Active,---,2023-09-28
U00416,2024-01-15,Standrd,Active,---,2024-05-01
U00417,2023-02-27,Standrd,Cancelled,2023-06-27,2023-04-02
U00418,2023-04-23,Premimum,Active,---,2024-04-17
U00419,2023-04-03,Premium,Cancelled,2024-01-12,2023-04-11
U00420,2024-04-18,Standrd,Cancelled,2024-10-24,2024-06-29
U00421,2023-03-01,Standrd,Active,---,2023-07-18
U00422,2023-10-31,Premimum,Cancelled,2024-01-28,2023-12-03
U00423,2023-05-07,Premium,Active,---,2023-09-25
U00424,2022-08-16,Basic,Active,---,2023-02-17
U00425,2022-03-06,Premium,Active,---,2023-05-04
U00426,2022-01-06,Premimum,Cancelled,2022-12-15,2022-12-14
U00427,2022-10-02,Mobile,Active,---,2023-02-11
U00428,2025-01-17,Standard,Active,---,2025-07-08
U00429,2024-11-28,Premimum,Active,---,2025-08-25
U00430,2024-02-25,Standard,Cancelled,2024-11-22,2024-11-05
U00431,2022-06-12,Standrd,Active,---,2023-01-01
U00432,2023-01-29,Premium,Active,---,2023-12-17
U00433,2022-04-01,Premium,Cancelled,2022-08-10,2022-01-13
U00434,2022-08-03,Premium,Cancelled,2022-04-13,2022-04-12
U00435,2022-02-03,Standrd,Active,---,2022-10-15
U00436,2022-02-23,Standard,Active,---,2022-08-05
U00437,2024-10-20,Premium,Active,---,2025-01-01
U00438,2022-07-13,Standard,Cancelled,2023-01-06,2022-07-28
U00439,2024-02-28,Standard,Cancelled,2024-07-08,2024-03-05
U00440,2024-06-26,Standard,Active,---,2025-05-23
U00441,2022-08-29,Standard,Active,---,2022-09-02
U00442,2022-11-09,Basic,Active,---,2023-01-22
U00443,2024-06-19,Standrd,Active,---,2025-05-13
U00444,2022-03-12,Basic,Cancelled,2023-11-09,2023-09-10
U00445,2022-05-20,Standard,Active,---,2022-10-26
U00446,2022-12-20,Premium,Cancelled,2023-10-11,2023-09-08
U00447,2023-06-13,Standard,Active,---,2023-07-11
U00448,2025-03-01,Premium,Cancelled,2025-02-24,2025-01-05
U00449,2022-09-07,Standrd,Active,---,2023-03-24
U00450,2022-11-25,Basic,Cancelled,2023-03-17,2023-03-16
U00451,2024-11-24,Premimum,Active,---,2025-11-14
U00452,2024-10-04,Standard,Active,---,2024-10-17
U00453,2025-09-03,Premimum,Cancelled,2025-04-16,2025-03-16
U00454,2024-05-06,Mobile,Cancelled,2025-04-22,2025-04-09
U00455,2022-04-17,Standrd,Active,---,2022-07-21
U00456,2024-10-30,Premimum,Cancelled,2025-04-21,2024-11-23
U00457,2022-02-20,Standard,Active,---,2022-04-07
U00458,2022-10-02,Standard,Cancelled,2023-03-25,2022-11-28
U00459,2023-12-05,Premium,Cancelled,2024-05-09,2023-09-22
U00460,2022-01-29,Premium,Active,---,2022-06-05
U00461,2024-08-17,Basic,Cancelled,2025-08-06,2025-07-14
U00462,2023-07-11,Standrd,Cancelled,2024-02-03,2023-12-28
U00463,2022-02-06,Standard,Cancelled,2022-08-23,2022-05-21
U00464,2023-04-11,Basic,Active,---,2024-01-17
U00465,2023-10-09,Standard,Active,---,2024-03-27
U00466,2024-04-10,Standrd,Active,---,2025-01-25
U00467,2022-11-17,Mobile,Active,---,2023-02-19
U00468,2023-08-17,Premium,Active,---,2024-01-27
U00469,2022-03-22,Premimum,Cancelled,2022-06-03,2022-03-22
U00470,2022-01-22,Premium,Active,---,2022-03-24
U00471,2024-04-17,Mobile,Active,---,2025-03-17
U00472,2023-03-09,Premimum,Active,---,2024-01-11
U00473,2024-04-23,Premimum,Cancelled,2025-01-26,2024-11-25
U00474,2022-06-05,Basic,Active,---,2023-05-04
U00475,2024-04-29,Premimum,Cancelled,2024-06-27,2024-05-24
U00476,2022-06-12,Premimum,Active,---,2023-03-13
U00477,2024-02-15,Basic,Cancelled,2024-09-15,2024-06-14
U00478,2023-10-07,Mobile,Active,---,2024-04-25
U00479,2023-05-09,Mobile,Active,---,2023-09-28
U00480,2024-12-23,Mobile,Cancelled,2025-09-21,2025-01-04
U00481,2023-10-03,Premium,Cancelled,2023-12-18,2023-10-08
U00482,2024-11-04,Premimum,Active,---,2024-05-04
U00483,2023-02-06,Mobile,Cancelled,2023-12-28,2023-06-09
U00484,2022-06-29,Basic,Cancelled,2023-04-30,2023-04-02
U00485,2023-05-04,Standrd,Cancelled,2023-05-21,2023-04-09
U00486,2024-07-21,Basic,Cancelled,2025-05-14,2024-08-15
U00487,2024-10-28,Premimum,Active,---,2025-02-09
U00488,2024-03-01,Standrd,Active,---,2024-07-26
U00489,2023-05-04,Mobile,Cancelled,2023-12-23,2023-07-08
U00490,2024-01-01,Premium,Cancelled,2024-06-03,2024-03-06
U00491,2023-07-04,Standrd,Active,---,2023-08-15
U00492,2023-03-13,Standard,Active,---,2023-10-08
U00493,2024-11-28,Standard,Active,---,2025-02-01
U00494,2024-10-10,Mobile,Active,---,2025-10-09
U00495,2022-03-20,Basic,Active,---,2023-03-08
U00496,2024-09-13,Standard,Active,---,2025-03-31
U00497,2023-09-20,Basic,Cancelled,2024-05-04,2023-12-13
U00498,2024-02-27,Mobile,Active,---,2024-05-29
U00499,2025-03-28,Standrd,Active,---,2025-07-02
U00500,2022-01-10,Basic,Cancelled,2023-02-01,2023-01-24
U00501,2025-03-18,Premium,Active,---,2026-02-02
U00502,2022-02-28,Standrd,Cancelled,2022-04-03,2022-03-02
U00503,2024-04-14,Standard,Active,---,2024-10-23
U00504,2024-07-15,Basic,Cancelled,2025-03-09,2024-09-01
U00505,2024-07-02,Standrd,Active,---,2024-07-22
U00506,2023-04-13,Mobile,Active,---,2023-06-18
U00507,2025-12-04,Standard,Active,---,2025-10-19
U00508,2025-03-31,Standrd,Active,---,2025-09-10
U00509,2024-12-08,Mobile,Active,---,2024-12-28
U00510,2023-09-28,Premium,Active,---,2024-07-17
U00511,2024-05-15,Mobile,Cancelled,2024-07-30,2024-07-17
U00512,2022-10-29,Standard,Active,---,2023-07-17
U00513,2023-10-07,Standrd,Active,---,2023-09-04
U00514,2023-02-23,Mobile,Active,---,2023-03-30
U00515,2024-01-06,Premium,Active,---,2024-08-04
U00516,2023-05-18,Premimum,Active,---,2024-02-16
U00517,2025-01-25,Premium,Active,---,2025-01-28
U00518,2022-03-12,Standrd,Cancelled,2023-10-12,2022-12-25
U00519,2025-03-22,Standard,Active,---,2025-12-20
U00520,2022-09-17,Mobile,Cancelled,2023-04-20,2022-10-27
U00521,2023-06-29,Mobile,Cancelled,2023-12-25,2023-07-18
U00522,2023-05-04,Premium,Cancelled,2023-07-29,2023-07-22
U00523,2022-08-21,Basic,Cancelled,2023-06-06,2023-03-22
U00524,2022-02-13,Basic,Cancelled,2022-07-29,2022-03-25
U00525,2024-06-19,Premimum,Cancelled,2024-12-19,2024-09-18
U00526,2022-07-04,Mobile,Cancelled,2023-03-06,2023-01-02
U00527,2023-02-19,Mobile,Cancelled,2024-01-13,2023-02-19
U00528,2023-12-25,Mobile,Cancelled,2024-05-02,2024-02-17
U00529,2023-05-09,Mobile,Active,---,2024-08-11
U00530,2024-10-04,Standrd,Active,---,2024-07-09
U00531,2025-06-01,Standrd,Cancelled,2025-10-28,2025-05-27
U00532,2025-03-14,Standard,Active,---,2025-05-16
U00533,2023-09-10,Premimum,Active,---,2023-11-03
U00534,2024-06-30,Premimum,Cancelled,2024-11-03,2024-07-15
U00535,2023-04-02,Premimum,Cancelled,2023-11-01,2023-09-02
U00536,2024-02-25,Mobile,Active,---,2025-01-02
U00537,2022-08-09,Premium,Cancelled,2023-08-11,2023-07-28
U00538,2024-10-19,Standard,Cancelled,2024-12-07,2024-11-27
U00539,2022-11-18,Mobile,Active,---,2023-09-18
U00540,2022-08-09,Mobile,Active,---,2023-06-12
U00541,2024-11-28,Basic,Active,---,2025-04-27
U00542,2022-09-02,Standrd,Active,---,2022-07-25
U00543,2024-11-03,Standrd,Active,---,2024-09-18
U00544,2023-04-03,Standrd,Cancelled,2023-11-11,2023-05-19
U00545,2023-05-12,Premium,Active,---,2024-03-02
U00546,2024-02-07,Standrd,Active,---,2024-12-05
U00547,2023-07-01,Premium,Cancelled,2023-07-26,2023-02-11
U00548,2023-09-18,Standrd,Active,---,2024-04-11
U00549,2024-01-01,Mobile,Active,---,2024-05-02
U00550,2022-07-05,Mobile,Active,---,2022-06-10
U00551,2025-04-06,Premimum,Cancelled,2026-01-17,2025-09-15
U00552,2022-05-06,Mobile,Active,---,2022-07-06
U00553,2022-09-11,Premimum,Active,---,2023-07-02
U00554,2023-12-01,Premium,Cancelled,2024-06-16,2024-06-16
U00555,2022-12-28,Standrd,Active,---,2023-06-29
U00556,2024-05-20,Premium,Active,---,2025-04-26
U00557,2023-05-25,Standard,Active,---,2023-08-13
U00558,2023-06-26,Standard,Cancelled,2023-10-04,2023-08-11
U00559,2023-09-09,Mobile,Active,---,2024-02-23
U00560,2024-06-05,Premimum,Active,---,2025-01-13
U00561,2023-06-29,Standard,Cancelled,2023-08-04,2023-07-28
U00562,2022-10-01,Standard,Active,---,2023-08-03
U00563,2023-01-28,Mobile,Cancelled,2023-04-12,2023-02-11
U00564,2022-09-09,Standard,Active,---,2023-01-17
U00565,2024-06-14,Mobile,Active,---,2025-05-08
U00566,2025-01-16,Mobile,Cancelled,2025-08-19,2025-04-07
U00567,2022-06-20,Premium,Active,---,2022-09-28
U00568,2023-02-22,Premimum,Active,---,2023-07-24
U00569,2022-09-05,Standard,Active,---,2023-03-19
U00570,2024-11-05,Basic,Active,---,2024-11-24
U00571,2023-11-21,Premimum,Active,---,2024-08-19
U00572,2023-03-18,Premimum,Cancelled,2023-05-10,2023-04-12
U00573,2023-01-10,Standrd,Active,---,2023-04-07
U00574,2024-09-27,Mobile,Active,---,2025-08-14
U00575,2023-10-17,Premium,Active,---,2024-04-25
U00576,2023-11-18,Standard,Active,---,2024-10-06
U00577,2024-04-06,Premium,Active,---,2025-01-06
U00578,2024-03-20,Standard,Cancelled,2024-08-05,2024-04-09
U00579,2022-12-25,Premimum,Cancelled,2023-07-01,2023-04-22
U00580,2022-11-17,Premimum,Cancelled,2023-10-14,2022-12-22
U00581,2024-12-15,Standrd,Active,---,2025-08-14
U00582,2025-03-03,Mobile,Active,---,2026-01-09
U00583,2025-01-02,Basic,Active,---,2025-03-18
U00584,2024-02-19,Standrd,Cancelled,2024-12-23,2024-11-27
U00585,2024-11-24,Premium,Active,---,2025-01-28
U00586,2022-09-03,Premium,Active,---,2022-09-06
U00587,2024-08-13,Standrd,Active,---,2025-05-13
U00588,2024-03-10,Premium,Active,---,2025-04-14
U00589,2023-05-02,Premimum,Cancelled,2023-04-05,2023-03-25
U00590,2023-04-14,Standard,Cancelled,2024-01-02,2023-11-25
U00591,2025-03-18,Mobile,Active,---,2025-12-25
U00592,2025-03-31,Mobile,Cancelled,2025-06-01,2025-05-19
U00593,2025-01-17,Mobile,Active,---,2025-01-26
U00594,2023-01-21,Premimum,Active,---,2023-11-05
U00595,2022-04-07,Mobile,Active,---,2022-10-03
U00596,2023-07-19,Basic,Active,---,2023-12-26
U00597,2023-09-20,Premium,Active,---,2024-03-14
U00598,2024-01-12,Mobile,Cancelled,2025-04-12,2025-01-03
U00599,2022-04-13,Basic,Cancelled,2022-10-16,2022-10-16
U00600,2022-01-01,Basic,Cancelled,2022-12-31,2022-12-12
U00601,2024-03-04,Basic,Cancelled,2025-01-22,2024-06-05
U00602,2024-03-30,Standard,Cancelled,2024-12-12,2024-06-10
U00603,2024-03-12,Mobile,Active,---,2024-11-02
U00604,2024-12-09,Mobile,Active,---,2025-07-29
U00605,2024-06-20,Premium,Active,---,2024-10-15
U00606,2022-06-14,Standrd,Cancelled,2022-08-25,2022-06-17
U00607,2023-01-05,Premium,Cancelled,2023-06-20,2023-01-13
U00608,2022-04-17,Standard,Active,---,2022-08-20
U00609,2022-11-17,Mobile,Active,---,2023-03-20
U00610,2023-02-16,Basic,Active,---,2023-06-27
U00611,2023-08-13,Standrd,Active,---,2024-02-26
U00612,2023-09-26,Standrd,Active,---,2024-05-20
U00613,2022-09-14,Basic,Active,---,2022-12-01
U00614,2022-04-28,Premimum,Cancelled,2022-06-03,2022-05-06
U00615,2024-10-18,Premimum,Active,---,2024-12-25
U00616,2022-07-24,Mobile,Active,---,2022-08-15
U00617,2022-12-26,Mobile,Active,---,2023-09-01
U00618,2023-02-03,Basic,Active,---,2023-05-24
U00619,2024-01-08,Basic,Active,---,2024-09-09
U00620,2022-12-05,Standard,Cancelled,2022-09-21,2022-08-24
U00621,2022-02-16,Premimum,Cancelled,2022-06-02,2022-03-24
U00622,2023-04-05,Premium,Active,---,2023-12-16
U00623,2024-07-02,Mobile,Active,---,2024-11-10
U00624,2022-01-23,Mobile,Active,---,2023-01-05
U00625,2022-10-29,Standard,Active,---,2023-10-10
U00626,2023-07-30,Standard,Active,---,2023-09-11
U00627,2022-10-25,Basic,Cancelled,2023-01-23,2022-11-07
U00628,2024-04-06,Standard,Active,---,2024-04-09
U00629,2023-09-11,Standrd,Active,---,2024-06-09
U00630,2022-06-01,Premium,Active,---,2022-01-23
U00631,2022-08-31,Basic,Active,---,2022-12-15
U00632,2022-10-02,Mobile,Active,---,2023-01-21
U00633,2023-02-18,Mobile,Active,---,2023-12-20
U00634,2023-11-20,Standrd,Active,---,2024-11-18
U00635,2023-04-27,Premimum,Active,---,2023-08-22
U00636,2022-01-09,Mobile,Active,---,2022-10-15
U00637,2023-09-08,Premium,Active,---,2024-02-01
U00638,2023-07-11,Standrd,Active,---,2024-01-19
U00639,2023-04-14,Basic,Active,---,2023-09-20
U00640,2022-05-13,Premimum,Cancelled,2022-12-14,2022-09-06
U00641,2024-08-27,Premium,Cancelled,2025-05-04,2024-11-16
U00642,2023-02-08,Standrd,Active,---,2023-09-08
U00643,2023-07-09,Mobile,Active,---,2023-10-20
U00644,2023-09-01,Premium,Active,---,2024-08-21
U00645,2022-10-29,Standard,Active,---,2023-07-24
U00646,2023-06-21,Mobile,Active,---,2023-11-11
U00647,2023-03-02,Standard,Active,---,2023-09-29
U00648,2025-03-22,Basic,Cancelled,2025-06-15,2025-05-30
U00649,2022-09-29,Basic,Active,---,2023-04-02
U00650,2023-04-11,Basic,Active,---,2023-06-30
U00651,2023-03-03,Premium,Active,---,2023-03-07
U00652,2023-04-27,Basic,Cancelled,2023-12-16,2023-10-06
U00653,2024-05-09,Standrd,Active,---,2024-10-18
U00654,2024-07-20,Premimum,Cancelled,2025-03-24,2024-10-04
U00655,2022-04-23,Premium,Cancelled,2022-07-30,2022-07-07
U00656,2022-04-26,Mobile,Active,---,2022-09-13
U00657,2023-06-18,Standrd,Cancelled,2024-05-24,2024-05-22
U00658,2024-12-23,Standrd,Active,---,2025-02-06
U00659,2023-11-28,Premimum,Cancelled,2024-01-23,2023-12-18
U00660,2024-11-12,Mobile,Cancelled,2025-07-05,2025-01-10
U00661,2022-02-22,Standrd,Active,---,2022-10-14
U00662,2022-05-06,Standard,Cancelled,2023-04-06,2022-12-22
U00663,2024-12-23,Basic,Active,---,2025-10-26
U00664,2025-07-01,Standard,Active,---,2025-08-10
U00665,2022-09-05,Standrd,Active,---,2023-03-29
U00666,2022-03-10,Standrd,Cancelled,2023-03-06,2023-02-13
U00667,2022-04-26,Standrd,Active,---,2022-11-03
U00668,2022-07-19,Standrd,Cancelled,2023-03-09,2023-02-04
U00669,2023-09-27,Standard,Cancelled,2024-02-04,2023-10-25
U00670,2024-01-27,Premimum,Active,---,2024-05-25
U00671,2023-02-14,Premium,Active,---,2023-09-24
U00672,2024-03-12,Standard,Active,---,2025-09-30
U00673,2023-07-28,Basic,Active,---,2023-09-19
U00674,2025-02-17,Premium,Active,---,2025-07-18
U00675,2022-09-25,Premium,Cancelled,2022-10-26,2022-10-23
U00676,2024-07-30,Premimum,Cancelled,2025-07-11,2025-04-20
U00677,2023-06-25,Standrd,Cancelled,2024-01-20,2023-09-25
U00678,2023-06-12,Standard,Active,---,2024-09-01
U00679,2022-12-30,Mobile,Active,---,2023-12-05
U00680,2024-11-14,Premimum,Active,---,2024-12-10
U00681,2023-04-28,Premimum,Cancelled,2023-08-21,2023-05-10
U00682,2022-11-08,Standrd,Cancelled,2023-07-21,2023-07-17
U00683,2022-05-29,Premium,Active,---,2022-09-30
U00684,2024-05-08,Premium,Cancelled,2025-01-24,2024-09-10
U00685,2023-06-12,Premium,Active,---,2023-11-21
U00686,2023-10-16,Premium,Active,---,2024-02-08
U00687,2023-11-15,Premium,Active,---,2024-01-22
U00688,2024-06-10,Standrd,Cancelled,2025-05-02,2024-12-12
U00689,2023-03-16,Premimum,Active,---,2023-06-11
U00690,2024-03-06,Premium,Active,---,2024-07-16
U00691,2023-05-28,Standrd,Active,---,2023-09-28
U00692,2024-05-25,Basic,Active,---,2024-08-30
U00693,2024-11-18,Basic,Active,---,2025-05-08
U00694,2022-06-27,Premimum,Active,---,2023-04-14
U00695,2024-09-16,Premimum,Active,---,2025-07-16
U00696,2022-01-04,Standrd,Active,---,2022-11-03
U00697,2023-12-14,Mobile,Cancelled,2024-04-05,2024-02-25
U00698,2025-05-01,Standard,Active,---,2025-04-06
U00699,2024-05-18,Premium,Active,---,2024-10-24
U00700,2022-05-20,Standard,Active,---,2023-04-23
U00701,2025-08-02,Premium,Active,---,2025-11-06
U00702,2025-01-02,Basic,Active,---,2025-06-12
U00703,2023-09-03,Premimum,Active,---,2023-06-16
U00704,2023-09-26,Premium,Active,---,2024-07-27
U00705,2024-07-05,Premium,Active,---,2025-02-17
U00706,2022-07-30,Mobile,Active,---,2023-02-06
U00707,2022-02-04,Premium,Cancelled,2022-07-04,2022-04-08
U00708,2022-09-24,Premium,Active,---,2022-10-01
U00709,2024-03-12,Premimum,Cancelled,2024-05-05,2024-03-25
U00710,2024-03-23,Premimum,Active,---,2024-09-29
U00711,2023-04-08,Standard,Cancelled,2024-07-01,2024-04-01
U00712,2022-03-01,Mobile,Cancelled,2022-09-19,2022-06-02
U00713,2022-04-21,Premium,Active,---,2023-01-11
U00714,2022-01-04,Basic,Active,---,2022-08-27
U00715,2024-03-30,Premium,Cancelled,2025-03-27,2025-01-30
U00716,2023-02-14,Basic,Active,---,2023-04-27
U00717,2023-09-02,Standard,Active,---,2023-12-14
U00718,2022-07-26,Mobile,Cancelled,2023-02-25,2022-12-11
U00719,2024-11-01,Standrd,Cancelled,2024-03-31,2024-01-21
U00720,2022-07-06,Standrd,Active,---,2023-03-08
U00721,2023-01-08,Standard,Cancelled,2024-03-06,2023-08-04
U00722,2023-11-13,Standard,Active,---,2024-05-07
U00723,2025-03-01,Premium,Active,---,2025-11-23
U00724,2022-09-16,Mobile,Cancelled,2023-06-11,2023-06-05
U00725,2024-02-04,Standard,Active,---,2024-05-11
U00726,2022-04-15,Premium,Active,---,2022-11-06
U00727,2022-01-28,Standrd,Cancelled,2022-08-05,2022-05-04
U00728,2023-06-01,Premium,Active,---,2023-06-12
U00729,2025-01-03,Standrd,Active,---,2025-07-19
U00730,2022-09-23,Standrd,Cancelled,2023-07-11,2023-04-25
U00731,2023-12-13,Standard,Active,---,2024-05-11
U00732,2024-12-10,Basic,Cancelled,2025-07-12,2024-10-31
U00733,2023-04-17,Standard,Active,---,2023-09-01
U00734,2024-08-07,Mobile,Active,---,2025-06-25
U00735,2023-12-06,Mobile,Active,---,2023-07-04
U00736,2025-10-02,Standard,Active,---,2025-03-11
U00737,2023-11-25,Basic,Active,---,2024-06-20
U00738,2023-04-17,Mobile,Active,---,2023-08-30
U00739,2025-03-21,Basic,Active,---,2025-10-26
U00740,2023-09-29,Premimum,Active,---,2024-02-18
U00741,2025-04-13,Premium,Active,---,2025-12-24
U00742,2024-04-15,Basic,Active,---,2024-05-21
U00743,2024-04-08,Standard,Cancelled,2024-12-11,2024-08-14
U00744,2024-02-19,Standrd,Cancelled,2024-08-10,2024-07-24
U00745,2023-09-17,Standrd,Active,---,2023-09-18
U00746,2023-05-29,Premimum,Active,---,2024-02-05
U00747,2023-09-16,Premimum,Cancelled,2024-03-04,2024-01-11
U00748,2022-12-30,Standrd,Active,---,2023-08-06
U00749,2024-10-15,Premimum,Active,---,2025-05-23
U00750,2023-07-27,Premimum,Active,---,2024-07-20
U00751,2022-04-29,Standard,Active,---,2022-05-18
U00752,2025-01-22,Standard,Active,---,2025-04-02
U00753,2025-04-01,Premium,Active,---,2026-02-01
U00754,2024-03-12,Standard,Active,---,2025-05-02
U00755,2022-12-13,Premium,Active,---,2023-12-02
U00756,2023-05-30,Premimum,Active,---,2024-04-20
U00757,2024-07-27,Basic,Cancelled,2025-04-22,2024-09-22
U00758,2022-08-23,Standrd,Cancelled,2022-10-31,2022-10-20
U00759,2023-09-19,Premimum,Active,---,2024-06-06
U00760,2024-02-25,Premimum,Active,---,2025-02-10
U00761,2023-10-27,Premium,Active,---,2024-06-24
U00762,2022-09-25,Standrd,Active,---,2023-03-25
U00763,2024-02-19,Mobile,Cancelled,2025-01-20,2024-07-21
U00764,2023-12-05,Basic,Active,---,2024-04-08
U00765,2023-11-16,Premimum,Active,---,2024-09-06
U00766,2024-03-28,Premium,Cancelled,2024-11-14,2024-07-30
U00767,2022-02-16,Standard,Active,---,2023-01-07
U00768,2023-06-05,Basic,Active,---,2024-04-25
U00769,2022-10-23,Basic,Cancelled,2023-05-17,2022-11-28
U00770,2022-06-28,Basic,Active,---,2023-03-05
U00771,2025-01-17,Standrd,Active,---,2025-08-02
U00772,2024-12-27,Basic,Active,---,2025-07-09
U00773,2022-01-15,Standrd,Active,---,2022-12-02
U00774,2022-03-11,Mobile,Cancelled,2023-02-22,2023-01-21
U00775,2022-04-24,Premimum,Active,---,2022-06-27
U00776,2022-09-06,Standard,Active,---,2022-10-29
U00777,2022-03-07,Basic,Active,---,2022-07-31
U00778,2022-06-16,Basic,Cancelled,2023-05-09,2023-01-03
U00779,2022-05-26,Premimum,Active,---,2023-03-24
U00780,2024-12-24,Mobile,Active,---,2025-02-28
U00781,2023-01-13,Mobile,Cancelled,2023-04-24,2023-01-29
U00782,2023-07-18,Premium,Active,---,2024-05-10
U00783,2023-11-19,Premium,Active,---,2023-12-09
U00784,2023-06-02,Standard,Active,---,2023-07-17
U00785,2024-08-03,Basic,Cancelled,2024-06-09,2024-03-26
U00786,2023-08-25,Standard,Cancelled,2023-11-02,2023-09-28
U00787,2022-01-19,Premium,Active,---,2022-05-19
U00788,2025-09-04,Premimum,Active,---,2026-03-13
U00789,2024-03-06,Standard,Active,---,2025-05-09
U00790,2022-04-29,Mobile,Active,---,2022-08-08
U00791,2023-01-19,Standrd,Active,---,2023-08-22
U00792,2024-02-05,Standard,Cancelled,2024-08-12,2024-06-30
U00793,2023-02-09,Premimum,Active,---,2023-09-27
U00794,2024-12-30,Mobile,Active,---,2025-04-09
U00795,2023-05-13,Basic,Cancelled,2023-11-16,2023-09-15
U00796,2022-07-20,Standrd,Active,---,2023-07-09
U00797,2023-05-02,Premium,Active,---,2023-10-12
U00798,2024-12-27,Mobile,Cancelled,2025-02-08,2025-02-05
U00799,2025-07-02,Standard,Cancelled,2025-08-23,2025-07-08
U00800,2024-01-23,Premium,Cancelled,2024-05-15,2024-04-21
U00801,2023-04-18,Mobile,Active,---,2023-07-11
U00802,2025-10-02,Premium,Cancelled,2025-04-25,2025-02-28
U00803,2024-11-28,Mobile,Active,---,2025-08-29
U00804,2023-11-23,Premium,Active,---,2024-11-01
U00805,2023-11-27,Basic,Active,---,2024-06-30
U00806,2025-03-07,Premium,Active,---,2025-07-06
U00807,2022-05-25,Standard,Active,---,2022-07-07
U00808,2023-06-12,Mobile,Cancelled,2024-08-23,2024-03-30
U00809,2023-08-17,Standard,Active,---,2024-06-04
U00810,2023-05-25,Basic,Active,---,2023-11-14
U00811,2024-05-07,Basic,Active,---,2024-09-29
U00812,2022-09-17,Basic,Cancelled,2022-11-22,2022-11-16
U00813,2022-08-12,Premium,Cancelled,2023-06-17,2023-02-18
U00814,2022-11-22,Mobile,Active,---,2023-01-23
U00815,2022-09-08,Standrd,Active,---,2023-02-02
U00816,2023-08-25,Basic,Active,---,2024-03-08
U00817,2023-01-01,Standrd,Active,---,2023-08-30
U00818,2024-02-25,Standrd,Active,---,2024-10-13
U00819,2024-04-27,Mobile,Active,---,2025-02-14
U00820,2023-03-02,Mobile,Active,---,2023-09-03
U00821,2022-04-02,Mobile,Active,---,2022-09-20
U00822,2023-01-07,Premimum,Active,---,2023-09-06
U00823,2024-10-03,Premium,Active,---,2025-07-28
U00824,2022-08-27,Basic,Active,---,2022-10-05
U00825,2023-04-06,Premimum,Active,---,2023-06-18
U00826,2024-07-30,Standard,Cancelled,2025-04-07,2024-09-24
U00827,2024-12-16,Standard,Cancelled,2025-06-26,2025-02-01
U00828,2022-04-25,Mobile,Active,---,2022-11-28
U00829,2024-12-24,Standrd,Cancelled,2025-05-02,2025-04-27
U00830,2024-01-22,Standard,Active,---,2024-09-16
U00831,2023-07-29,Mobile,Active,---,2024-02-08
U00832,2023-12-24,Premium,Active,---,2024-09-01
U00833,2025-03-25,Premium,Cancelled,2026-02-02,2025-06-25
U00834,2025-03-25,Basic,Cancelled,2025-12-03,2025-10-10
U00835,2023-01-15,Mobile,Active,---,2023-03-03
U00836,2022-12-25,Premium,Active,---,2023-06-04
U00837,2023-05-15,Basic,Active,---,2023-06-05
U00838,2023-03-28,Premium,Active,---,2024-02-10
U00839,2022-07-03,Premium,Cancelled,2023-04-12,2022-07-28
U00840,2022-03-16,Standard,Active,---,2022-09-14
U00841,2023-09-08,Premimum,Active,---,2024-07-30
U00842,2024-09-08,Basic,Active,---,2025-04-05
U00843,2022-09-11,Standard,Active,---,2023-07-10
U00844,2024-11-27,Basic,Active,---,2025-05-29
U00845,2022-01-15,Standard,Active,---,2022-05-07
U00846,2025-01-25,Standard,Active,---,2025-12-18
U00847,2023-01-11,Standrd,Cancelled,2023-04-23,2023-03-07
U00848,2024-06-29,Basic,Active,---,2024-12-12
U00849,2023-11-02,Standrd,Active,---,2023-11-27
U00850,2024-12-07,Standrd,Active,---,2024-07-25
U00851,2022-05-17,Mobile,Cancelled,2022-08-20,2022-07-11
U00852,2022-09-01,Standrd,Active,---,2022-04-06
U00853,2024-04-04,Premimum,Active,---,2024-08-07
U00854,2025-07-04,Standard,Active,---,2026-03-09
U00855,2023-10-13,Basic,Cancelled,2023-12-21,2023-11-25
U00856,2024-12-10,Premimum,Active,---,2025-04-30
U00857,2024-12-10,Premimum,Active,---,2024-11-20
U00858,2023-08-17,Mobile,Active,---,2024-01-02
U00859,2023-03-16,Standrd,Active,---,2023-10-27
U00860,2023-11-02,Standrd,Active,---,2024-01-24
U00861,2022-01-29,Standard,Active,---,2023-01-18
U00862,2024-03-08,Premimum,Cancelled,2025-01-22,2024-11-11
U00863,2024-08-18,Premimum,Active,---,2025-01-12
U00864,2024-01-04,Standard,Cancelled,2025-03-31,2024-07-11
U00865,2024-05-06,Mobile,Active,---,2024-09-08
U00866,2024-11-07,Basic,Active,---,2025-03-06
U00867,2022-10-16,Mobile,Active,---,2023-09-06
U00868,2023-12-02,Standard,Cancelled,2023-10-16,2023-06-03
U00869,2023-12-02,Premium,Active,---,2023-05-01
U00870,2022-01-08,Premimum,Active,---,2023-03-03
U00871,2025-03-18,Basic,Active,---,2025-08-16
U00872,2025-01-12,Premium,Cancelled,2025-07-22,2025-03-07
U00873,2022-12-02,Standard,Cancelled,2022-12-27,2022-10-10
U00874,2024-11-12,Standard,Active,---,2024-12-16
U00875,2023-03-04,Premium,Active,---,2023-09-01
U00876,2025-04-01,Standard,Active,---,2025-05-09
U00877,2025-04-12,Mobile,Cancelled,2026-03-11,2025-09-16
U00878,2024-09-18,Basic,Active,---,2024-09-24
U00879,2024-04-04,Premium,Active,---,2024-07-28
U00880,2024-04-01,Basic,Active,---,2024-04-26
U00881,2024-03-04,Premimum,Active,---,2024-11-07
U00882,2024-08-30,Mobile,Active,---,2025-08-12
U00883,2022-10-13,Premium,Active,---,2023-05-12
U00884,2022-11-10,Standrd,Active,---,2022-12-06
U00885,2025-04-03,Standrd,Active,---,2025-06-13
U00886,2022-08-10,Standard,Active,---,2022-10-24
U00887,2024-04-14,Premimum,Cancelled,2025-01-31,2025-01-28
U00888,2022-12-02,Premium,Active,---,2023-02-03
U00889,2024-03-07,Standard,Active,---,2024-03-25
U00890,2025-03-16,Mobile,Active,---,2025-10-15
U00891,2023-05-09,Standrd,Active,---,2024-07-04
U00892,2023-10-05,Standard,Active,---,2024-04-15
U00893,2025-02-07,Premimum,Cancelled,2025-05-25,2025-05-19
U00894,2025-03-07,Standard,Active,---,2025-12-10
U00895,2023-07-05,Mobile,Active,---,2023-10-28
U00896,2022-05-24,Premimum,Cancelled,2022-10-24,2022-09-25
U00897,2025-03-26,Premium,Cancelled,2025-12-20,2025-05-17
U00898,2024-07-31,Standrd,Active,---,2024-09-17
U00899,2022-05-17,Premium,Active,---,2022-09-13
U00900,2023-11-26,Premium,Active,---,2024-10-02
U00901,2024-08-08,Basic,Cancelled,2024-11-20,2024-11-13
U00902,2023-09-08,Standrd,Active,---,2024-05-13
U00903,2022-06-01,Premium,Active,---,2022-12-11
U00904,2022-03-26,Basic,Cancelled,2023-02-18,2022-11-01
U00905,2022-05-31,Standard,Cancelled,2022-11-24,2022-08-09
U00906,2024-11-07,Premium,Cancelled,2025-01-31,2024-10-25
U00907,2023-04-29,Mobile,Active,---,2023-12-31
U00908,2023-06-24,Mobile,Cancelled,2024-06-07,2023-10-23
U00909,2023-12-28,Basic,Active,---,2024-09-30
U00910,2023-06-03,Basic,Active,---,2023-12-07
U00911,2023-07-28,Standard,Active,---,2023-09-25
U00912,2024-03-21,Mobile,Active,---,2024-04-13
U00913,2022-12-17,Premium,Active,---,2023-12-17
U00914,2023-05-27,Standrd,Cancelled,2023-10-07,2023-09-28
U00915,2023-07-02,Standrd,Cancelled,2023-11-22,2023-03-12
U00916,2024-01-26,Premium,Active,---,2024-12-15
U00917,2023-12-20,Premimum,Active,---,2024-04-09
U00918,2025-09-03,Premimum,Cancelled,2025-08-02,2025-03-09
U00919,2022-05-10,Premimum,Cancelled,2023-03-14,2023-03-11
U00920,2022-12-02,Premimum,Cancelled,2022-04-06,2022-03-10
U00921,2024-06-08,Standard,Active,---,2024-11-29
U00922,2022-06-11,Premimum,Active,---,2023-02-10
U00923,2024-05-30,Standrd,Active,---,2024-08-01
U00924,2023-09-02,Standrd,Cancelled,2023-10-29,2023-10-06
U00925,2022-03-29,Premium,Cancelled,2022-05-10,2022-04-09
U00926,2024-01-03,Standrd,Cancelled,2024-04-20,2024-04-20
U00927,2022-11-07,Premium,Active,---,2022-07-22
U00928,2023-06-14,Premium,Active,---,2024-04-10
U00929,2025-08-03,Standard,Active,---,2025-11-29
U00930,2025-01-20,Standrd,Active,---,2025-06-15
U00931,2023-02-01,Premium,Active,---,2023-10-04
U00932,2024-03-21,Mobile,Active,---,2024-04-05
U00933,2022-04-09,Basic,Cancelled,2022-11-22,2022-07-21
U00934,2022-12-06,Mobile,Active,---,2023-02-19
U00935,2022-02-24,Premium,Active,---,2022-08-27
U00936,2022-04-10,Standard,Active,---,2023-07-28
U00937,2024-09-18,Premium,Active,---,2025-04-21
U00938,2022-02-18,Mobile,Cancelled,2022-04-29,2022-04-27
U00939,2022-09-28,Basic,Active,---,2023-07-05
U00940,2022-10-17,Standrd,Active,---,2023-09-23
U00941,2024-06-16,Standrd,Active,---,2024-08-21
U00942,2024-06-30,Mobile,Active,---,2025-03-19
U00943,2022-05-30,Premium,Cancelled,2023-01-20,2022-11-18
U00944,2025-09-01,Mobile,Active,---,2025-07-16
U00945,2022-03-09,Premimum,Cancelled,2023-03-21,2022-12-23
U00946,2022-07-02,Standrd,Active,---,2022-04-20
U00947,2022-10-06,Basic,Cancelled,2023-09-16,2023-01-15
U00948,2024-02-09,Mobile,Active,---,2025-03-21
U00949,2022-09-27,Basic,Active,---,2023-04-20
U00950,2022-07-27,Premimum,Active,---,2022-09-04
U00951,2024-07-20,Standrd,Active,---,2025-01-16
U00952,2025-04-01,Basic,Active,---,2025-10-12
U00953,2024-11-26,Premium,Active,---,2025-07-16
U00954,2024-11-06,Standrd,Active,---,2024-07-27
U00955,2024-07-25,Premimum,Active,---,2024-12-29
U00956,2024-03-21,Basic,Cancelled,2024-09-10,2024-03-28
U00957,2025-02-23,Premimum,Active,---,2025-06-03
U00958,2022-11-12,Basic,Cancelled,2023-08-25,2022-11-30
U00959,2023-08-07,Standrd,Cancelled,2023-12-23,2023-08-18
U00960,2022-08-31,Mobile,Cancelled,2023-07-30,2023-02-27
U00961,2024-02-13,Mobile,Cancelled,2024-10-20,2024-09-24
U00962,2023-09-29,Mobile,Cancelled,2023-12-08,2023-10-19
U00963,2024-10-20,Premimum,Cancelled,2025-04-16,2024-12-19
U00964,2022-09-27,Basic,Active,---,2023-01-23
U00965,2023-05-29,Basic,Active,---,2023-08-31
U00966,2023-10-04,Premium,Active,---,2023-12-31
U00967,2022-02-21,Premium,Cancelled,2022-09-30,2022-07-22
U00968,2025-02-18,Standard,Cancelled,2025-07-16,2025-05-10
U00969,2023-10-28,Standrd,Active,---,2024-01-05
U00970,2024-10-28,Premimum,Active,---,2025-01-04
U00971,2024-12-14,Premium,Active,---,2025-02-16
U00972,2023-09-05,Standrd,Active,---,2024-08-26
U00973,2024-12-19,Basic,Active,---,2025-06-21
U00974,2023-09-14,Standrd,Active,---,2024-06-20
U00975,2024-01-27,Premium,Active,---,2024-02-25
U00976,2022-02-25,Premimum,Cancelled,2022-10-21,2022-08-06
U00977,2023-05-17,Standard,Cancelled,2023-06-26,2023-06-08
U00978,2022-07-12,Mobile,Active,---,2023-07-01
U00979,2025-06-02,Premium,Active,---,2025-09-09
U00980,2024-05-13,Standrd,Active,---,2024-09-28
U00981,2022-02-10,Basic,Cancelled,2022-10-10,2022-09-18
U00982,2022-10-06,Mobile,Cancelled,2022-12-08,2022-10-10
U00983,2024-04-02,Mobile,Active,---,2025-01-19
U00984,2024-10-28,Mobile,Cancelled,2025-02-14,2025-01-23
U00985,2022-06-23,Basic,Active,---,2022-08-21
U00986,2024-02-08,Standard,Active,---,2025-04-26
U00987,2022-11-30,Premimum,Active,---,2023-03-30
U00988,2024-02-27,Mobile,Active,---,2025-01-26
U00989,2022-06-18,Premimum,Cancelled,2023-04-30,2022-10-08
U00990,2024-03-02,Standrd,Active,---,2024-10-22
U00991,2022-07-26,Premium,Active,---,2023-02-03
U00992,2023-06-05,Standard,Cancelled,2024-04-19,2024-03-07
U00993,2023-11-06,Standrd,Active,---,2023-10-25
U00994,2023-07-21,Mobile,Active,---,2024-01-23
U00995,2024-08-14,Premimum,Active,---,2024-09-24
U00996,2023-11-22,Standrd,Active,---,2024-01-12
U00997,2024-09-22,Standrd,Cancelled,2025-01-11,2025-01-06
U00998,2024-09-20,Standrd,Cancelled,2025-08-10,2024-10-10
U00999,2023-12-20,Basic,Active,---,2024-07-09
U01000,2023-06-03,Premimum,Active,---,2024-01-15
U01001,2022-12-31,Premimum,Active,---,2023-03-06
U01002,2024-08-15,Standard,Active,---,2025-04-20
U01003,2024-04-29,Basic,Active,---,2024-09-27
U01004,2024-01-31,Standrd,Active,---,2024-08-27
U01005,2025-12-03,Standrd,Active,---,2025-09-23
U01006,2024-08-02,Premimum,Active,---,2024-11-10
U01007,2022-01-04,Premium,Cancelled,2022-09-03,2022-07-24
U01008,2023-01-20,Premimum,Active,---,2023-08-29
U01009,2024-04-16,Basic,Cancelled,2024-10-12,2024-06-03
U01010,2022-11-19,Premium,Active,---,2023-10-25
U01011,2024-10-09,Mobile,Active,---,2025-08-20
U01012,2022-01-15,Premimum,Cancelled,2022-04-04,2022-04-04
U01013,2022-04-30,Standrd,Active,---,2022-08-02
U01014,2023-04-10,Standard,Active,---,2023-12-17
U01015,2022-07-08,Premimum,Active,---,2023-05-31
U01016,2023-12-17,Mobile,Active,---,2024-07-20
U01017,2023-07-20,Mobile,Cancelled,2024-01-06,2023-09-10
U01018,2024-06-30,Premimum,Active,---,2024-07-17
U01019,2022-03-15,Basic,Active,---,2022-12-07
U01020,2024-08-04,Mobile,Cancelled,2025-01-19,2024-10-12
U01021,2023-04-22,Mobile,Active,---,2023-07-03
U01022,2022-04-13,Standard,Cancelled,2023-01-14,2022-09-28
U01023,2024-11-29,Premimum,Cancelled,2025-09-27,2025-08-29
U01024,2024-06-10,Mobile,Active,---,2024-09-15
U01025,2023-05-24,Premimum,Active,---,2024-03-20
U01026,2024-09-17,Standard,Active,---,2025-05-26
U01027,2023-09-19,Basic,Cancelled,2024-01-12,2023-12-27
U01028,2022-12-01,Premimum,Active,---,2022-09-10
U01029,2022-01-27,Premimum,Active,---,2022-11-16
U01030,2024-11-15,Standard,Active,---,2025-08-05
U01031,2024-09-28,Mobile,Active,---,2024-11-17
U01032,2022-04-17,Standard,Active,---,2023-03-13
U01033,2022-07-11,Standrd,Active,---,2022-09-18
U01034,2024-05-08,Mobile,Active,---,2024-08-27
U01035,2025-06-04,Mobile,Active,---,2025-12-24
U01036,2022-03-31,Basic,Active,---,2022-05-08
U01037,2022-10-18,Premium,Cancelled,2023-02-01,2023-01-12
U01038,2022-05-11,Standard,Active,---,2022-12-25
U01039,2023-10-16,Mobile,Active,---,2024-07-11
U01040,2023-12-13,Mobile,Active,---,2024-07-03
U01041,2022-10-20,Standard,Active,---,2023-03-16
U01042,2023-02-22,Mobile,Active,---,2023-03-02
U01043,2024-05-13,Standrd,Cancelled,2024-11-27,2024-06-17
U01044,2023-09-07,Mobile,Active,---,2024-05-29
U01045,2022-09-19,Standard,Active,---,2023-01-26
U01046,2024-02-28,Standard,Active,---,2024-05-17
U01047,2022-02-19,Premimum,Active,---,2022-12-24
U01048,2023-06-06,Basic,Active,---,2024-04-17
U01049,2024-04-08,Standrd,Cancelled,2025-02-19,2024-11-07
U01050,2022-05-28,Premimum,Cancelled,2022-11-06,2022-08-12
U01051,2022-06-04,Mobile,Active,---,2023-02-04
U01052,2023-05-24,Premium,Active,---,2023-10-12
U01053,2024-05-10,Mobile,Cancelled,2024-10-21,2024-06-30
U01054,2024-07-10,Mobile,Active,---,2025-02-15
U01055,2023-11-17,Standrd,Active,---,2024-06-01
U01056,2023-07-11,Premium,Active,---,2023-10-24
U01057,2023-03-26,Premium,Active,---,2023-06-10
U01058,2024-01-15,Mobile,Cancelled,2025-01-02,2024-01-30
U01059,2024-01-31,Premimum,Active,---,2024-08-16
U01060,2023-04-06,Premium,Active,---,2024-03-20
U01061,2022-12-18,Premium,Active,---,2023-08-10
U01062,2022-09-08,Premium,Cancelled,2022-12-24,2022-09-23
U01063,2025-02-06,Basic,Active,---,2025-10-24
U01064,2024-12-24,Standard,Active,---,2025-10-10
U01065,2023-01-16,Standard,Active,---,2023-04-23
U01066,2022-07-28,Premium,Active,---,2023-05-10
U01067,2024-09-26,Standrd,Active,---,2024-11-10
U01068,2023-09-05,Premimum,Cancelled,2023-10-08,2023-09-24
U01069,2025-04-01,Premimum,Active,---,2025-09-26
U01070,2024-06-18,Mobile,Active,---,2024-10-16
U01071,2022-07-11,Standrd,Cancelled,2022-12-25,2022-07-20
U01072,2023-11-15,Basic,Cancelled,2024-10-31,2024-07-07
U01073,2022-08-16,Premium,Active,---,2023-05-28
U01074,2025-01-01,Premium,Cancelled,2025-09-12,2025-06-24
U01075,2023-01-07,Premimum,Active,---,2024-05-19
U01076,2022-04-22,Mobile,Cancelled,2022-10-27,2022-08-13
U01077,2025-04-04,Basic,Cancelled,2026-01-10,2025-08-14
U01078,2025-01-21,Standard,Active,---,2025-05-21
U01079,2024-10-17,Mobile,Cancelled,2024-11-25,2024-11-19
U01080,2022-09-12,Mobile,Active,---,2023-05-28
U01081,2025-04-03,Mobile,Active,---,2026-01-02
U01082,2025-02-02,Basic,Active,---,2025-10-17
U01083,2024-05-13,Premimum,Active,---,2025-02-23
U01084,2022-08-14,Premimum,Active,---,2023-03-04
U01085,2022-04-10,Premimum,Active,---,2023-05-03
U01086,2025-01-22,Mobile,Active,---,2025-02-01
U01087,2024-10-17,Premium,Active,---,2024-12-18
U01088,2022-05-03,Mobile,Active,---,2022-05-22
U01089,2024-09-20,Premium,Active,---,2025-01-25
U01090,2024-04-01,Premium,Active,---,2024-06-29
U01091,2024-09-24,Premimum,Active,---,2025-08-26
U01092,2022-11-11,Premimum,Active,---,2023-07-08
U01093,2024-11-14,Mobile,Active,---,2025-03-16
U01094,2024-03-09,Basic,Active,---,2025-03-21
U01095,2024-02-04,Basic,Cancelled,2025-01-22,2024-10-29
U01096,2023-03-13,Standard,Cancelled,2023-05-21,2023-04-01
U01097,2022-11-30,Premium,Active,---,2022-12-05
U01098,2025-03-02,Premium,Active,---,2026-01-05
U01099,2024-11-06,Basic,Cancelled,2024-07-17,2024-07-03
U01100,2024-06-23,Mobile,Active,---,2025-02-12
U01101,2022-12-18,Standrd,Active,---,2023-09-23
U01102,2022-07-14,Premimum,Cancelled,2023-04-15,2022-11-15
U01103,2023-01-19,Premimum,Active,---,2023-03-17
U01104,2022-05-16,Standrd,Cancelled,2023-04-05,2022-08-18
U01105,2024-10-11,Premium,Active,---,2025-04-25
U01106,2023-08-19,Standrd,Active,---,2024-06-26
U01107,2022-11-24,Premium,Cancelled,2023-04-24,2023-03-14
U01108,2024-09-06,Mobile,Active,---,2024-08-09
U01109,2023-09-08,Mobile,Active,---,2024-02-10
U01110,2023-03-16,Basic,Active,---,2023-11-15
U01111,2025-02-25,Mobile,Cancelled,2025-06-13,2025-04-11
U01112,2023-01-22,Mobile,Active,---,2023-08-25
U01113,2022-07-05,Standrd,Active,---,2022-07-31
U01114,2022-05-30,Premimum,Cancelled,2022-08-01,2022-07-13
U01115,2022-01-19,Basic,Active,---,2022-04-10
U01116,2022-12-01,Standard,Active,---,2023-04-26
U01117,2023-05-09,Mobile,Active,---,2024-01-30
U01118,2024-08-08,Premimum,Cancelled,2025-01-30,2025-01-18
U01119,2024-03-19,Mobile,Cancelled,2024-08-12,2024-04-19
U01120,2023-11-03,Standard,Active,---,2023-05-24
U01121,2023-12-08,Premium,Cancelled,2024-04-16,2023-11-04
U01122,2022-05-17,Premimum,Cancelled,2022-07-31,2022-07-01
U01123,2023-09-30,Basic,Active,---,2023-11-27
U01124,2023-10-27,Premimum,Active,---,2024-06-21
U01125,2023-05-01,Basic,Active,---,2023-07-26
U01126,2022-04-23,Basic,Active,---,2022-05-27
U01127,2024-02-14,Premium,Cancelled,2024-08-04,2024-07-31
U01128,2023-02-13,Basic,Cancelled,2024-01-25,2023-03-31
U01129,2023-06-29,Basic,Cancelled,2023-12-01,2023-11-17
U01130,2024-07-13,Premium,Active,---,2024-10-08
U01131,2022-05-30,Premium,Active,---,2023-02-04
U01132,2022-04-17,Premimum,Active,---,2022-12-17
U01133,2022-10-26,Premimum,Active,---,2022-10-29
U01134,2023-08-27,Standard,Cancelled,2024-01-30,2023-10-15
U01135,2023-11-15,Premimum,Cancelled,2024-03-24,2024-02-01
U01136,2022-07-01,Standrd,Active,---,2022-07-09
U01137,2022-06-17,Premimum,Cancelled,2022-08-11,2022-06-28
U01138,2024-04-23,Premimum,Active,---,2025-02-28
U01139,2024-01-04,Premimum,Active,---,2024-05-12
U01140,2023-08-03,Premium,Active,---,2024-03-01
U01141,2025-02-15,Mobile,Cancelled,2025-04-15,2025-03-13
U01142,2023-06-01,Premium,Cancelled,2023-07-07,2023-06-08
U01143,2022-04-19,Premium,Cancelled,2023-01-16,2022-09-12
U01144,2022-05-04,Standrd,Cancelled,2022-09-04,2022-07-02
U01145,2023-12-07,Standard,Active,---,2024-03-08
U01146,2023-02-02,Standrd,Active,---,2023-05-20
U01147,2022-02-17,Mobile,Active,---,2022-09-22
U01148,2022-04-30,Premimum,Cancelled,2023-04-28,2022-12-05
U01149,2023-11-17,Premium,Active,---,2024-10-09
U01150,2024-04-07,Standrd,Cancelled,2025-03-03,2024-08-25
U01151,2025-02-24,Basic,Active,---,2025-11-02
U01152,2023-02-05,Premimum,Cancelled,2023-08-26,2023-05-18
U01153,2023-10-25,Standard,Cancelled,2024-10-03,2024-08-30
U01154,2025-01-01,Standrd,Active,---,2025-08-11
U01155,2023-11-25,Mobile,Active,---,2024-11-06
U01156,2022-08-04,Premium,Cancelled,2022-06-14,2022-05-07
U01157,2022-09-18,Standard,Active,---,2023-01-20
U01158,2022-12-23,Basic,Cancelled,2023-12-13,2023-11-30
U01159,2022-09-23,Standrd,Active,---,2023-02-23
U01160,2025-04-14,Basic,Cancelled,2025-08-25,2025-05-12
U01161,2022-07-18,Mobile,Active,---,2023-07-03
U01162,2024-11-22,Standrd,Cancelled,2025-08-28,2025-04-04
U01163,2024-10-13,Standard,Active,---,2024-10-31
U01164,2022-06-30,Premium,Active,---,2022-07-07
U01165,2024-12-27,Premimum,Cancelled,2025-04-18,2025-02-22
U01166,2023-09-07,Standrd,Cancelled,2023-10-24,2023-09-09
U01167,2023-04-19,Standard,Cancelled,2024-01-20,2023-06-18
U01168,2023-09-28,Premium,Active,---,2024-08-09
U01169,2023-10-05,Premium,Active,---,2023-08-10
U01170,2022-11-07,Standard,Cancelled,2023-05-12,2022-08-22
U01171,2023-07-20,Mobile,Cancelled,2023-08-24,2023-08-05
U01172,2022-09-18,Standard,Cancelled,2023-01-17,2022-11-05
U01173,2023-04-02,Basic,Active,---,2023-05-20
U01174,2023-02-18,Mobile,Active,---,2023-04-28
U01175,2023-03-04,Standrd,Cancelled,2023-12-13,2023-08-05
U01176,2022-06-15,Basic,Cancelled,2023-01-07,2022-12-01
U01177,2022-08-18,Premimum,Active,---,2022-09-17
U01178,2024-09-30,Basic,Active,---,2025-02-25
U01179,2024-09-23,Standard,Cancelled,2024-12-31,2024-11-07
U01180,2022-11-06,Premimum,Cancelled,2022-08-01,2022-07-08
U01181,2022-07-24,Standard,Cancelled,2023-01-04,2023-01-01
U01182,2022-02-17,Basic,Cancelled,2022-06-07,2022-05-31
U01183,2022-09-11,Standard,Active,---,2023-08-15
U01184,2022-06-21,Mobile,Active,---,2023-01-15
U01185,2022-12-11,Standrd,Active,---,2023-08-30
U01186,2023-12-20,Mobile,Cancelled,2024-06-30,2023-12-22
U01187,2023-10-15,Basic,Active,---,2024-07-22
U01188,2024-05-09,Premimum,Active,---,2025-04-20
U01189,2023-05-15,Standrd,Active,---,2023-09-14
U01190,2023-05-27,Standrd,Active,---,2023-07-24
U01191,2024-03-31,Mobile,Active,---,2024-07-13
U01192,2023-10-22,Premium,Active,---,2024-03-04
U01193,2024-11-23,Mobile,Cancelled,2025-06-13,2025-03-21
U01194,2024-02-22,Standard,Active,---,2025-01-31
U01195,2022-08-28,Basic,Active,---,2022-11-23
U01196,2022-08-06,Basic,Cancelled,2023-05-31,2023-03-08
U01197,2024-12-22,Premium,Active,---,2025-08-10
U01198,2023-09-06,Premimum,Active,---,2023-07-15
U01199,2023-08-21,Standard,Active,---,2024-05-07
U01200,2024-05-26,Premimum,Cancelled,2024-09-27,2024-06-03
U01201,2022-09-30,Standrd,Cancelled,2023-04-05,2022-12-05
U01202,2022-08-06,Basic,Active,---,2022-12-28
U01203,2022-01-26,Mobile,Active,---,2022-02-05
U01204,2022-03-07,Premimum,Cancelled,2022-10-09,2022-06-02
U01205,2022-03-09,Standrd,Active,---,2022-04-20
U01206,2023-03-24,Basic,Active,---,2023-05-27
U01207,2022-11-07,Basic,Cancelled,2022-08-25,2022-08-13
U01208,2025-03-26,Basic,Active,---,2025-06-10
U01209,2022-04-15,Basic,Cancelled,2022-08-17,2022-04-17
U01210,2022-10-27,Mobile,Cancelled,2023-03-29,2023-02-12
U01211,2023-10-27,Premium,Active,---,2024-09-11
U01212,2025-03-30,Standard,Active,---,2025-05-02
U01213,2023-11-06,Premimum,Active,---,2024-05-28
U01214,2024-07-20,Premimum,Active,---,2025-07-20
U01215,2024-06-04,Premium,Active,---,2024-10-12
U01216,2023-04-13,Basic,Active,---,2024-02-22
U01217,2024-05-29,Standard,Cancelled,2024-11-14,2024-09-22
U01218,2024-12-19,Standard,Active,---,2025-06-08
U01219,2023-04-06,Premimum,Active,---,2024-04-14
U01220,2024-08-16,Premimum,Active,---,2024-10-19
U01221,2024-12-16,Standard,Active,---,2025-04-29
U01222,2025-03-25,Standard,Cancelled,2025-07-12,2025-06-28
U01223,2025-01-31,Premium,Active,---,2025-12-31
U01224,2023-12-19,Mobile,Active,---,2024-10-31
U01225,2024-12-08,Standrd,Cancelled,2025-04-22,2025-01-09
U01226,2022-11-17,Standard,Active,---,2023-09-05
U01227,2022-03-24,Standrd,Active,---,2022-07-12
U01228,2022-11-29,Premium,Active,---,2023-03-15
U01229,2025-03-14,Premimum,Active,---,2025-12-17
U01230,2022-08-06,Mobile,Active,---,2023-06-07
U01231,2022-12-11,Premimum,Active,---,2023-03-29
U01232,2023-06-12,Mobile,Active,---,2024-01-16
U01233,2023-07-02,Premium,Active,---,2023-04-06
U01234,2024-02-11,Mobile,Active,---,2025-10-17
U01235,2022-06-13,Mobile,Active,---,2022-07-07
U01236,2024-11-08,Premimum,Active,---,2025-03-31
U01237,2022-08-03,Premium,Active,---,2022-05-02
U01238,2024-04-05,Standrd,Active,---,2025-01-26
U01239,2023-05-03,Premimum,Cancelled,2023-05-24,2023-04-16
U01240,2024-07-03,Standrd,Active,---,2025-01-29
U01241,2023-08-01,Premium,Active,---,2023-12-27
U01242,2023-04-17,Premium,Cancelled,2023-05-29,2023-05-11
U01243,2022-05-04,Premimum,Cancelled,2022-06-10,2022-05-22
U01244,2023-01-21,Basic,Active,---,2023-02-18
U01245,2023-01-05,Mobile,Active,---,2024-04-14
U01246,2024-04-23,Standrd,Active,---,2024-09-25
U01247,2022-06-04,Premimum,Cancelled,2023-03-04,2022-06-23
U01248,2023-01-14,Premimum,Active,---,2023-04-02
U01249,2023-05-12,Basic,Active,---,2024-07-07
U01250,2023-03-08,Premimum,Active,---,2024-07-28
U01251,2022-06-09,Standrd,Active,---,2023-07-26
U01252,2024-01-17,Basic,Cancelled,2024-11-04,2024-02-04
U01253,2023-11-01,Mobile,Active,---,2023-03-05
U01254,2022-03-31,Standrd,Active,---,2022-05-25
U01255,2024-02-04,Basic,Active,---,2025-01-01
U01256,2024-04-12,Premium,Active,---,2025-06-27
U01257,2022-02-10,Standrd,Active,---,2023-04-03
U01258,2023-04-01,Mobile,Active,---,2023-04-07
U01259,2024-05-08,Premium,Active,---,2024-11-21
U01260,2023-02-22,Premium,Active,---,2023-05-20
U01261,2024-11-09,Basic,Cancelled,2025-07-20,2024-10-09
U01262,2023-10-11,Mobile,Active,---,2024-04-03
U01263,2023-12-17,Mobile,Active,---,2024-11-18
U01264,2025-07-01,Mobile,Active,---,2025-02-16
U01265,2022-07-19,Premimum,Active,---,2022-09-15
U01266,2024-09-26,Standrd,Active,---,2025-01-30
U01267,2023-02-04,Standard,Cancelled,2023-09-08,2023-08-20
U01268,2022-07-16,Mobile,Cancelled,2023-02-13,2022-10-28
U01269,2022-06-16,Basic,Active,---,2022-07-17
U01270,2024-11-01,Premimum,Active,---,2024-11-24
U01271,2025-02-06,Standrd,Cancelled,2026-01-01,2025-08-21
U01272,2025-03-18,Standrd,Cancelled,2025-10-11,2025-04-01
U01273,2024-03-05,Premimum,Cancelled,2024-06-13,2024-05-30
U01274,2022-06-28,Premium,Cancelled,2023-02-07,2022-10-16
U01275,2022-08-30,Basic,Active,---,2023-03-13
U01276,2022-12-02,Standrd,Cancelled,2022-09-05,2022-03-04
U01277,2025-12-01,Standrd,Active,---,2025-03-29
U01278,2025-01-31,Basic,Active,---,2025-02-13
U01279,2024-12-22,Mobile,Active,---,2025-04-09
U01280,2022-03-17,Premium,Active,---,2022-07-15
U01281,2023-05-12,Standard,Cancelled,2024-10-09,2024-07-25
U01282,2023-10-16,Standard,Active,---,2024-02-10
U01283,2024-12-06,Standrd,Cancelled,2025-01-10,2024-11-17
U01284,2024-02-18,Standrd,Active,---,2024-08-20
U01285,2023-06-08,Standrd,Active,---,2024-03-06
U01286,2022-11-08,Standrd,Cancelled,2023-04-15,2022-10-26
U01287,2024-06-11,Premium,Active,---,2025-09-11
U01288,2024-01-04,Basic,Cancelled,2024-07-09,2024-07-04
U01289,2024-08-26,Basic,Cancelled,2024-11-28,2024-09-01
U01290,2022-08-05,Standrd,Cancelled,2023-05-10,2023-03-23
U01291,2022-08-15,Mobile,Active,---,2023-03-07
U01292,2023-01-28,Mobile,Active,---,2023-10-14
U01293,2022-10-21,Standard,Cancelled,2023-08-20,2023-01-01
U01294,2022-12-13,Mobile,Active,---,2023-05-02
U01295,2022-02-12,Mobile,Active,---,2022-05-23
U01296,2025-02-15,Standard,Active,---,2026-01-31
U01297,2024-12-25,Standrd,Active,---,2025-11-10
U01298,2022-12-13,Mobile,Cancelled,2023-03-09,2023-03-08
U01299,2022-04-02,Mobile,Active,---,2022-05-30
U01300,2023-10-31,Standrd,Active,---,2024-03-24
U01301,2024-08-27,Mobile,Cancelled,2024-11-07,2024-09-04
U01302,2022-07-18,Standrd,Active,---,2023-01-18
U01303,2024-06-30,Standard,Active,---,2025-06-14
U01304,2024-08-20,Basic,Cancelled,2024-11-19,2024-09-05
U01305,2024-01-13,Standrd,Active,---,2024-03-02
U01306,2023-03-20,Premimum,Active,---,2024-02-13
U01307,2024-03-02,Standrd,Cancelled,2024-12-23,2024-06-10
U01308,2023-08-28,Standrd,Cancelled,2023-12-13,2023-12-05
U01309,2023-12-21,Basic,Active,---,2024-05-24
U01310,2022-07-12,Standard,Cancelled,2023-05-29,2023-02-09
U01311,2023-02-22,Basic,Cancelled,2023-04-18,2023-03-13
U01312,2023-08-13,Standrd,Active,---,2024-06-02
U01313,2025-02-03,Standrd,Active,---,2025-07-12
U01314,2024-05-01,Basic,Active,---,2024-08-08
U01315,2024-08-24,Basic,Active,---,2024-12-27
U01316,2022-05-20,Standrd,Cancelled,2022-10-26,2022-06-05
U01317,2025-03-30,Premium,Active,---,2025-05-27
U01318,2023-06-28,Premimum,Active,---,2024-02-26
U01319,2022-09-03,Premimum,Active,---,2022-11-01
U01320,2022-04-02,Premium,Active,---,2022-11-24
U01321,2022-01-19,Standrd,Active,---,2022-03-16
U01322,2022-11-01,Standard,Active,---,2022-06-28
U01323,2022-07-08,Standard,Cancelled,2022-09-11,2022-08-11
U01324,2022-07-27,Basic,Active,---,2023-06-10
U01325,2023-12-13,Standrd,Active,---,2024-09-17
U01326,2022-03-30,Basic,Cancelled,2022-06-17,2022-05-07
U01327,2025-01-13,Premimum,Cancelled,2025-08-08,2025-02-03
U01328,2022-02-09,Basic,Active,---,2022-03-01
U01329,2024-04-29,Standrd,Cancelled,2025-04-02,2024-07-10
U01330,2022-05-01,Mobile,Active,---,2022-06-03
U01331,2024-03-15,Standard,Cancelled,2024-06-11,2024-05-03
U01332,2023-12-01,Mobile,Active,---,2023-12-04
U01333,2024-04-28,Premium,Active,---,2025-04-10
U01334,2022-10-04,Premimum,Active,---,2023-03-20
U01335,2025-03-02,Premium,Active,---,2025-06-12
U01336,2025-02-11,Mobile,Cancelled,2026-01-22,2025-04-21
U01337,2022-07-22,Mobile,Active,---,2022-08-10
U01338,2025-01-12,Mobile,Cancelled,2025-04-08,2025-04-08
U01339,2024-04-01,Premium,Active,---,2024-09-20
U01340,2023-12-09,Standard,Cancelled,2024-03-25,2024-03-04
U01341,2022-03-22,Premimum,Cancelled,2022-07-06,2022-06-17
U01342,2024-02-15,Premium,Active,---,2024-09-28
U01343,2025-04-10,Standrd,Cancelled,2026-04-09,2025-07-22
U01344,2025-01-02,Mobile,Active,---,2025-05-20
U01345,2025-11-01,Premimum,Cancelled,2025-03-06,2025-01-29
U01346,2023-01-29,Standard,Active,---,2023-05-21
U01347,2024-02-26,Premium,Active,---,2024-12-12
U01348,2022-06-14,Standrd,Active,---,2022-07-05
U01349,2022-06-04,Premimum,Active,---,2023-01-20
U01350,2023-06-28,Premimum,Active,---,2023-07-07
U01351,2022-02-16,Premimum,Active,---,2023-01-15
U01352,2022-11-21,Standard,Active,---,2023-07-30
U01353,2022-07-27,Premium,Active,---,2022-11-16
U01354,2024-10-31,Premimum,Cancelled,2025-10-18,2025-07-12
U01355,2023-12-25,Mobile,Active,---,2024-12-20
U01356,2023-02-16,Mobile,Active,---,2023-05-19
U01357,2022-07-24,Premium,Active,---,2022-08-17
U01358,2022-04-13,Standrd,Active,---,2022-10-29
U01359,2022-02-10,Standrd,Active,---,2023-07-27
U01360,2024-07-17,Premimum,Cancelled,2024-08-31,2024-08-12
U01361,2024-08-14,Premimum,Cancelled,2025-05-02,2024-11-24
U01362,2024-03-20,Basic,Active,---,2024-11-19
U01363,2023-08-03,Premium,Active,---,2023-08-22
U01364,2023-04-03,Premium,Active,---,2023-05-29
U01365,2023-07-22,Standard,Active,---,2024-06-08
U01366,2023-03-17,Mobile,Active,---,2023-06-29
U01367,2022-09-17,Premium,Cancelled,2022-11-08,2022-10-21
U01368,2024-04-07,Basic,Active,---,2024-10-14
U01369,2024-08-09,Standrd,Active,---,2024-10-12
U01370,2024-05-08,Mobile,Active,---,2024-12-26
U01371,2022-12-03,Basic,Active,---,2022-07-17
U01372,2023-10-13,Basic,Active,---,2024-02-18
U01373,2023-03-07,Standrd,Active,---,2023-09-25
U01374,2024-08-03,Mobile,Active,---,2024-08-18
U01375,2023-10-14,Premium,Cancelled,2024-06-05,2023-12-28
U01376,2022-05-19,Standrd,Active,---,2022-05-28
U01377,2025-10-02,Premium,Cancelled,2025-09-06,2025-06-12
U01378,2022-07-10,Premium,Active,---,2023-04-30
U01379,2022-01-27,Premimum,Active,---,2022-12-07
U01380,2025-01-23,Mobile,Active,---,2025-09-12
U01381,2022-10-24,Mobile,Active,---,2023-07-27
U01382,2022-06-24,Standrd,Cancelled,2023-05-15,2022-08-08
U01383,2023-04-23,Standard,Active,---,2024-03-14
U01384,2023-05-11,Premium,Active,---,2024-04-01
U01385,2023-10-08,Premimum,Active,---,2023-10-16
U01386,2022-05-22,Mobile,Cancelled,2023-01-07,2022-10-31
U01387,2023-12-21,Basic,Active,---,2024-09-12
U01388,2023-06-13,Mobile,Cancelled,2023-07-20,2023-06-13
U01389,2023-03-09,Standard,Cancelled,2024-04-06,2023-11-20
U01390,2024-02-03,Mobile,Active,---,2024-09-05
U01391,2023-07-28,Standard,Active,---,2024-03-21
U01392,2025-03-31,Premimum,Cancelled,2025-07-18,2025-05-18
U01393,2022-01-22,Standrd,Cancelled,2022-09-13,2022-05-06
U01394,2023-05-13,Standard,Cancelled,2023-11-26,2023-10-24
U01395,2024-11-16,Basic,Active,---,2025-01-29
U01396,2022-01-27,Standrd,Active,---,2022-10-22
U01397,2022-01-17,Standrd,Cancelled,2022-11-26,2022-04-30
U01398,2024-02-22,Standrd,Cancelled,2025-01-26,2025-01-11
U01399,2024-10-18,Premimum,Active,---,2025-05-13
U01400,2022-10-03,Mobile,Cancelled,2023-07-26,2023-06-13
U01401,2022-08-30,Premimum,Active,---,2023-08-13
U01402,2025-03-31,Mobile,Cancelled,2025-05-25,2025-04-15
U01403,2024-05-18,Basic,Active,---,2024-10-16
U01404,2025-06-02,Standrd,Active,---,2026-01-02
U01405,2024-10-27,Premimum,Active,---,2024-11-01
U01406,2024-09-09,Mobile,Active,---,2025-01-25
U01407,2025-04-01,Premimum,Active,---,2025-07-15
U01408,2025-03-24,Mobile,Active,---,2025-04-05
U01409,2022-06-30,Standrd,Active,---,2023-05-02
U01410,2024-02-23,Standard,Active,---,2024-06-19
U01411,2023-05-25,Mobile,Cancelled,2023-07-08,2023-06-09
U01412,2024-03-06,Premium,Active,---,2025-04-18
U01413,2024-08-28,Standard,Active,---,2024-12-18
U01414,2022-03-19,Premimum,Active,---,2023-02-20
U01415,2023-07-30,Premimum,Active,---,2023-12-12
U01416,2024-10-03,Basic,Cancelled,2025-04-14,2024-11-18
U01417,2023-09-20,Premium,Active,---,2024-06-25
U01418,2023-08-23,Standard,Active,---,2024-02-08
U01419,2023-07-24,Premimum,Active,---,2024-04-18
U01420,2024-10-26,Premimum,Active,---,2025-05-17
U01421,2025-04-02,Standard,Active,---,2025-11-21
U01422,2023-11-23,Premium,Active,---,2024-01-20
U01423,2025-03-14,Basic,Active,---,2026-02-02
U01424,2025-03-13,Basic,Active,---,2025-10-31
U01425,2022-05-25,Standard,Active,---,2022-07-26
U01426,2025-08-04,Premimum,Active,---,2025-05-17
U01427,2024-12-15,Premimum,Active,---,2025-05-20
U01428,2025-10-03,Premimum,Active,---,2025-08-25
U01429,2022-06-09,Mobile,Cancelled,2023-04-10,2022-10-28
U01430,2023-08-09,Basic,Active,---,2024-06-14
U01431,2023-06-23,Premium,Cancelled,2024-04-07,2023-11-19
U01432,2024-01-16,Standrd,Cancelled,2024-09-23,2024-03-11
U01433,2023-12-03,Standard,Active,---,2024-07-17
U01434,2023-05-31,Mobile,Active,---,2023-12-08
U01435,2024-08-30,Premium,Active,---,2024-12-22
U01436,2022-07-30,Mobile,Active,---,2023-04-30
U01437,2024-12-12,Premimum,Cancelled,2025-06-17,2025-05-20
U01438,2023-01-09,Premium,Active,---,2024-04-03
U01439,2024-02-19,Premimum,Cancelled,2024-08-05,2024-06-06
U01440,2024-08-18,Standard,Active,---,2024-12-28
U01441,2024-01-19,Premimum,Cancelled,2025-01-11,2024-09-15
U01442,2024-05-25,Premimum,Active,---,2024-07-23
U01443,2022-12-11,Mobile,Cancelled,2023-01-03,2022-11-12
U01444,2022-12-23,Premium,Cancelled,2023-12-20,2023-04-21
U01445,2023-05-26,Premimum,Cancelled,2023-12-02,2023-10-22
U01446,2025-10-03,Premium,Active,---,2025-06-10
U01447,2024-01-01,Premimum,Active,---,2024-10-10
U01448,2024-01-18,Basic,Cancelled,2024-08-28,2024-07-15
U01449,2024-06-09,Premimum,Active,---,2025-02-28
U01450,2025-04-15,Premimum,Cancelled,2025-10-15,2025-08-05
U01451,2024-04-01,Premium,Active,---,2024-11-17
U01452,2022-04-19,Standrd,Active,---,2022-04-23
U01453,2025-02-01,Mobile,Cancelled,2026-01-23,2025-04-12
U01454,2024-10-02,Mobile,Active,---,2024-05-13
U01455,2024-07-16,Premium,Cancelled,2025-01-24,2024-10-03
U01456,2022-04-20,Basic,Active,---,2022-08-07
U01457,2023-05-22,Premium,Active,---,2024-04-26
U01458,2024-05-15,Standard,Active,---,2024-09-24
U01459,2024-06-25,Basic,Active,---,2025-03-07
U01460,2023-08-04,Standard,Active,---,2024-01-12
U01461,2022-09-21,Standard,Cancelled,2023-08-30,2023-03-29
U01462,2022-08-16,Mobile,Active,---,2023-03-05
U01463,2022-11-17,Premium,Cancelled,2023-09-16,2023-04-19
U01464,2022-05-11,Standard,Active,---,2023-06-13
U01465,2022-10-14,Standrd,Active,---,2023-06-20
U01466,2022-05-18,Premium,Cancelled,2022-06-21,2022-06-06
U01467,2023-05-04,Standrd,Active,---,2023-11-04
U01468,2024-01-19,Standard,Active,---,2024-12-11
U01469,2022-08-09,Premimum,Active,---,2023-03-14
U01470,2023-11-01,Standard,Cancelled,2023-12-31,2023-02-16
U01471,2022-02-16,Basic,Active,---,2022-08-22
U01472,2023-05-27,Premium,Cancelled,2024-03-02,2023-08-19
U01473,2022-03-28,Premimum,Cancelled,2022-12-12,2022-12-10
U01474,2023-08-29,Basic,Cancelled,2024-01-12,2023-12-23
U01475,2022-04-08,Premium,Cancelled,2023-04-30,2022-11-02
U01476,2022-12-12,Premimum,Active,---,2023-04-21
U01477,2023-09-14,Mobile,Cancelled,2023-10-16,2023-10-16
U01478,2022-08-29,Mobile,Cancelled,2023-04-15,2023-03-17
U01479,2022-08-24,Premimum,Cancelled,2022-12-27,2022-10-21
U01480,2023-04-01,Premimum,Cancelled,2023-11-02,2023-04-10
U01481,2022-06-01,Premium,Active,---,2022-02-11
U01482,2022-10-22,Standard,Active,---,2023-02-23
U01483,2024-04-15,Standard,Active,---,2024-12-25
U01484,2023-10-13,Standard,Active,---,2024-08-04
U01485,2023-08-08,Standrd,Cancelled,2023-10-29,2023-10-24
U01486,2024-08-12,Premimum,Active,---,2025-01-14
U01487,2022-11-12,Standard,Active,---,2023-10-21
U01488,2024-01-25,Standrd,Active,---,2025-01-10
U01489,2023-03-06,Standard,Active,---,2023-12-11
U01490,2023-03-20,Mobile,Active,---,2023-07-04
U01491,2023-08-12,Mobile,Active,---,2024-08-10
U01492,2023-03-04,Standard,Cancelled,2023-08-09,2023-05-10
U01493,2023-08-08,Premium,Cancelled,2024-06-23,2024-05-03
U01494,2024-12-06,Standard,Cancelled,2024-11-29,2024-11-06
U01495,2023-08-20,Standard,Active,---,2023-12-09
U01496,2023-10-24,Standard,Active,---,2023-11-10
U01497,2024-10-26,Standrd,Active,---,2025-03-22
U01498,2022-12-22,Basic,Cancelled,2023-11-03,2023-08-29
U01499,2022-04-13,Premimum,Active,---,2022-08-27
U01500,2022-08-11,Premimum,Active,---,2022-12-19
U01501,2024-04-19,Basic,Cancelled,2024-10-21,2024-06-16
U01502,2023-11-26,Standard,Active,---,2024-07-10
U01503,2022-06-28,Standard,Cancelled,2023-04-20,2022-11-22
U01504,2025-03-31,Premimum,Active,---,2026-01-05
U01505,2023-12-18,Premium,Active,---,2024-09-07
U01506,2024-07-18,Basic,Active,---,2024-12-13
U01507,2022-09-03,Premium,Active,---,2022-06-07
U01508,2024-10-02,Standard,Cancelled,2025-01-25,2024-05-26
U01509,2025-01-03,Premimum,Active,---,2025-04-06
U01510,2022-10-08,Basic,Cancelled,2022-12-10,2022-12-10
U01511,2023-09-26,Basic,Active,---,2024-02-27
U01512,2022-12-16,Standrd,Active,---,2023-02-07
U01513,2022-05-15,Standard,Active,---,2022-07-09
U01514,2023-03-05,Mobile,Active,---,2023-04-19
U01515,2023-05-21,Premimum,Cancelled,2023-08-23,2023-08-22
U01516,2022-02-26,Basic,Cancelled,2022-04-08,2022-03-13
U01517,2022-03-10,Standard,Active,---,2023-07-11
U01518,2022-08-13,Premium,Cancelled,2023-05-16,2023-02-23
U01519,2024-12-27,Premium,Active,---,2025-10-19
U01520,2025-03-22,Basic,Active,---,2025-08-24
U01521,2022-05-19,Standard,Active,---,2022-08-21
U01522,2023-05-14,Basic,Cancelled,2023-07-24,2023-07-18
U01523,2022-11-24,Basic,Cancelled,2023-11-14,2023-06-06
U01524,2022-06-12,Standrd,Active,---,2023-03-30
U01525,2023-07-29,Standrd,Cancelled,2023-10-19,2023-08-23
U01526,2025-12-03,Standard,Active,---,2025-11-02
U01527,2024-08-14,Basic,Active,---,2024-10-11
U01528,2023-09-05,Standrd,Cancelled,2024-03-12,2023-08-31
U01529,2024-01-13,Premimum,Active,---,2024-05-17
U01530,2025-07-04,Standard,Active,---,2025-11-28
U01531,2022-04-28,Standrd,Active,---,2022-09-14
U01532,2025-04-03,Premimum,Cancelled,2026-02-16,2025-10-04
U01533,2024-08-11,Premium,Active,---,2025-03-23
U01534,2023-03-17,Mobile,Active,---,2023-08-19
U01535,2023-04-07,Premimum,Active,---,2023-05-24
U01536,2022-02-28,Premimum,Active,---,2022-10-16
U01537,2022-12-17,Mobile,Active,---,2023-09-23
U01538,2023-11-23,Mobile,Active,---,2024-10-28
U01539,2025-02-02,Standrd,Active,---,2025-10-08
U01540,2023-11-14,Mobile,Cancelled,2024-04-03,2024-01-26
U01541,2024-11-19,Basic,Cancelled,2025-02-15,2025-01-03
U01542,2022-02-25,Standard,Active,---,2022-05-08
U01543,2023-06-26,Mobile,Active,---,2023-11-01
U01544,2023-11-19,Premium,Cancelled,2024-10-31,2023-12-05
U01545,2025-01-27,Mobile,Active,---,2025-12-05
U01546,2023-07-02,Basic,Active,---,2023-02-12
U01547,2023-12-04,Premium,Cancelled,2024-03-16,2024-02-23
U01548,2022-08-11,Standrd,Active,---,2023-04-05
U01549,2023-05-23,Basic,Active,---,2023-08-13
U01550,2022-06-14,Standrd,Active,---,2023-05-07
U01551,2022-08-06,Basic,Active,---,2023-02-13
U01552,2022-03-30,Premium,Active,---,2022-11-23
U01553,2022-01-10,Basic,Cancelled,2022-11-04,2022-10-20
U01554,2024-07-03,Standard,Active,---,2025-03-05
U01555,2024-12-31,Standrd,Active,---,2025-06-26
U01556,2025-03-16,Standrd,Active,---,2026-01-11
U01557,2022-08-24,Premimum,Active,---,2023-02-12
U01558,2024-07-23,Mobile,Active,---,2025-07-23
U01559,2024-02-24,Standrd,Active,---,2025-02-12
U01560,2024-03-23,Basic,Cancelled,2024-12-26,2024-04-26
U01561,2024-11-03,Premimum,Cancelled,2025-02-20,2024-05-21
U01562,2025-11-04,Standrd,Active,---,2026-04-09
U01563,2023-01-19,Premium,Active,---,2023-03-16
U01564,2024-07-17,Mobile,Active,---,2025-06-03
U01565,2025-01-13,Mobile,Cancelled,2025-09-06,2025-06-02
U01566,2023-01-11,Premium,Active,---,2024-08-01
U01567,2024-02-20,Standrd,Active,---,2024-07-08
U01568,2024-05-22,Premimum,Active,---,2025-04-25
U01569,2024-02-02,Standard,Active,---,2024-04-08
U01570,2024-04-20,Standrd,Active,---,2024-06-20
U01571,2024-07-02,Mobile,Active,---,2025-01-15
U01572,2022-07-06,Mobile,Cancelled,2022-07-21,2022-07-19
U01573,2023-06-21,Basic,Cancelled,2023-11-05,2023-09-03
U01574,2024-01-07,Mobile,Cancelled,2025-06-28,2024-12-11
U01575,2023-12-06,Premimum,Active,---,2023-09-30
U01576,2023-11-20,Mobile,Active,---,2024-04-01
U01577,2023-10-12,Premium,Active,---,2024-04-13
U01578,2025-01-25,Premimum,Active,---,2025-07-22
U01579,2023-01-09,Standard,Cancelled,2023-10-11,2023-09-09
U01580,2024-05-13,Premium,Active,---,2024-05-23
U01581,2023-09-07,Standrd,Active,---,2024-07-23
U01582,2025-04-01,Mobile,Active,---,2025-05-27
U01583,2022-07-05,Standard,Active,---,2023-02-02
U01584,2022-10-04,Standard,Active,---,2023-08-04
U01585,2023-02-03,Premium,Cancelled,2023-08-23,2023-05-02
U01586,2024-07-18,Premimum,Cancelled,2024-08-31,2024-08-12
U01587,2022-05-10,Premimum,Active,---,2023-01-14
U01588,2023-12-05,Premimum,Active,---,2023-06-07
U01589,2023-07-09,Basic,Active,---,2024-06-09
U01590,2023-11-06,Basic,Cancelled,2023-11-09,2023-10-19
U01591,2024-10-01,Standrd,Cancelled,2025-02-14,2025-01-15
U01592,2023-10-24,Standard,Active,---,2024-01-20
U01593,2023-07-12,Mobile,Active,---,2024-01-27
U01594,2025-02-01,Premium,Active,---,2025-11-08
U01595,2024-07-09,Basic,Cancelled,2025-06-14,2025-02-20
U01596,2023-12-01,Premimum,Active,---,2023-09-14
U01597,2023-01-19,Premium,Active,---,2023-12-09
U01598,2024-07-11,Standrd,Cancelled,2025-07-04,2025-02-27
U01599,2023-06-19,Mobile,Cancelled,2023-10-06,2023-07-03
U01600,2022-10-26,Premimum,Active,---,2023-05-15
U01601,2025-06-01,Mobile,Active,---,2025-01-26
U01602,2025-01-12,Premium,Active,---,2025-10-21
U01603,2022-10-13,Standrd,Active,---,2023-07-09
U01604,2022-04-29,Premium,Active,---,2022-10-10
U01605,2023-03-04,Premium,Cancelled,2023-10-14,2023-04-20
U01606,2022-01-17,Standrd,Cancelled,2022-02-27,2022-02-03
U01607,2024-12-17,Standard,Active,---,2025-03-06
U01608,2022-10-18,Basic,Active,---,2023-04-30
U01609,2025-02-24,Standrd,Active,---,2025-08-15
U01610,2022-02-15,Premimum,Active,---,2023-01-14
U01611,2023-01-29,Basic,Cancelled,2023-03-08,2023-02-18
U01612,2022-10-13,Standrd,Active,---,2023-06-19
U01613,2024-12-14,Standard,Cancelled,2025-03-22,2025-01-17
U01614,2023-08-06,Standard,Cancelled,2023-09-10,2023-08-17
U01615,2023-02-07,Premimum,Active,---,2024-02-05
U01616,2022-07-01,Basic,Active,---,2022-09-14
U01617,2024-08-01,Basic,Active,---,2024-10-12
U01618,2022-06-07,Standard,Active,---,2022-10-28
U01619,2023-03-22,Premimum,Active,---,2023-09-15
U01620,2023-11-27,Standrd,Cancelled,2024-02-07,2023-11-28
U01621,2023-10-14,Standrd,Cancelled,2023-12-12,2023-11-24
U01622,2025-02-26,Standrd,Active,---,2025-12-14
U01623,2023-03-15,Premium,Cancelled,2024-02-29,2023-12-20
U01624,2024-12-15,Mobile,Active,---,2025-03-05
U01625,2022-07-04,Mobile,Active,---,2022-12-14
U01626,2023-11-17,Premium,Active,---,2024-02-25
U01627,2023-10-15,Premimum,Active,---,2024-03-11
U01628,2022-09-23,Standard,Active,---,2023-01-15
U01629,2023-09-19,Standard,Active,---,2024-06-15
U01630,2025-03-03,Premimum,Active,---,2025-11-05
U01631,2024-03-20,Basic,Cancelled,2024-07-01,2024-05-10
U01632,2025-03-28,Standard,Active,---,2025-11-03
U01633,2022-01-17,Mobile,Active,---,2022-07-06
U01634,2024-10-14,Premium,Cancelled,2025-05-25,2024-11-15
U01635,2023-12-18,Standard,Cancelled,2024-05-11,2023-12-21
U01636,2024-05-22,Standrd,Active,---,2025-03-03
U01637,2024-07-08,Standrd,Active,---,2025-02-25
U01638,2023-05-10,Mobile,Active,---,2024-01-10
U01639,2022-07-19,Mobile,Active,---,2023-01-25
U01640,2022-04-21,Standrd,Cancelled,2023-02-10,2022-08-12
U01641,2023-08-14,Standard,Active,---,2024-04-19
U01642,2024-01-03,Standrd,Cancelled,2024-10-09,2024-03-14
U01643,2022-01-27,Premimum,Active,---,2022-04-01
U01644,2022-01-17,Premimum,Active,---,2022-02-22
U01645,2023-07-09,Mobile,Active,---,2024-04-03
U01646,2022-12-03,Mobile,Active,---,2022-10-03
U01647,2022-04-18,Basic,Cancelled,2022-07-29,2022-06-20
U01648,2024-11-15,Mobile,Cancelled,2025-05-31,2025-05-08
U01649,2022-10-07,Standrd,Active,---,2022-08-13
U01650,2022-07-28,Premium,Active,---,2023-02-15
U01651,2024-02-08,Basic,Cancelled,2024-09-07,2024-08-30
U01652,2024-08-08,Standard,Cancelled,2024-11-24,2024-10-03
U01653,2022-04-03,Premium,Cancelled,2022-12-23,2022-06-29
U01654,2023-01-25,Standrd,Active,---,2023-07-01
U01655,2022-10-02,Mobile,Active,---,2022-11-21
U01656,2023-05-14,Basic,Active,---,2024-02-20
U01657,2024-07-29,Basic,Active,---,2025-03-17
U01658,2023-05-05,Basic,Active,---,2023-05-28
U01659,2023-01-24,Standard,Active,---,2023-08-30
U01660,2022-01-15,Premium,Active,---,2022-12-14
U01661,2024-12-03,Basic,Cancelled,2025-07-01,2025-05-06
U01662,2023-04-04,Premimum,Cancelled,2024-02-09,2023-10-19
U01663,2022-07-10,Standard,Active,---,2023-02-23
U01664,2022-02-28,Standrd,Cancelled,2022-12-25,2022-05-05
U01665,2022-11-16,Standrd,Active,---,2023-06-16
U01666,2024-05-15,Standrd,Active,---,2025-04-20
U01667,2024-08-29,Basic,Cancelled,2025-02-04,2024-09-29
U01668,2022-09-27,Standrd,Active,---,2022-12-12
U01669,2023-08-10,Premimum,Active,---,2024-01-06
U01670,2024-09-19,Basic,Active,---,2025-02-09
U01671,2024-07-17,Basic,Active,---,2025-04-22
U01672,2023-01-24,Basic,Cancelled,2023-12-21,2023-08-18
U01673,2023-08-01,Mobile,Cancelled,2023-03-22,2023-03-11
U01674,2022-01-30,Basic,Active,---,2022-05-18
U01675,2024-07-29,Standrd,Active,---,2025-01-04
U01676,2022-10-15,Premimum,Active,---,2023-03-25
U01677,2024-07-20,Mobile,Cancelled,2025-04-22,2024-10-03
U01678,2024-07-15,Basic,Active,---,2025-01-04
U01679,2024-04-09,Standard,Cancelled,2025-08-11,2025-06-17
U01680,2024-12-07,Basic,Active,---,2024-09-05
U01681,2025-02-14,Basic,Active,---,2025-02-22
U01682,2023-09-15,Premium,Cancelled,2023-12-21,2023-11-23
U01683,2022-09-24,Basic,Active,---,2022-10-01
U01684,2024-04-06,Premimum,Active,---,2024-08-04
U01685,2022-01-14,Mobile,Active,---,2022-09-01
U01686,2022-12-24,Basic,Active,---,2023-10-23
U01687,2023-06-18,Standrd,Active,---,2023-12-04
U01688,2024-12-27,Standrd,Active,---,2025-04-11
U01689,2024-06-09,Premium,Cancelled,2025-03-17,2024-12-31
U01690,2023-03-18,Standard,Cancelled,2023-10-06,2023-07-15
U01691,2024-10-26,Basic,Cancelled,2025-10-17,2024-11-04
U01692,2024-04-05,Mobile,Active,---,2025-03-24
U01693,2022-11-04,Standrd,Active,---,2022-11-30
U01694,2025-03-09,Premium,Cancelled,2025-05-31,2025-03-12
U01695,2022-07-11,Basic,Active,---,2023-01-12
U01696,2022-12-28,Premium,Active,---,2023-01-07
U01697,2022-02-26,Premium,Active,---,2022-09-07
U01698,2023-02-01,Premium,Active,---,2023-08-17
U01699,2022-12-07,Premimum,Active,---,2022-08-15
U01700,2022-04-03,Premium,Active,---,2022-04-27
U01701,2022-10-20,Standard,Active,---,2023-06-23
U01702,2023-06-13,Mobile,Cancelled,2023-09-07,2023-07-02
U01703,2023-06-27,Premium,Active,---,2023-12-03
U01704,2024-09-15,Premium,Active,---,2025-07-04
U01705,2024-05-23,Basic,Active,---,2024-07-16
U01706,2022-01-23,Standard,Cancelled,2022-10-28,2022-04-10
U01707,2024-11-13,Standard,Active,---,2025-07-16
U01708,2023-10-12,Standard,Active,---,2024-01-25
U01709,2022-10-02,Premium,Active,---,2023-07-21
U01710,2023-11-13,Basic,Active,---,2024-06-23
U01711,2023-02-27,Standard,Active,---,2023-10-31
U01712,2023-09-04,Premimum,Active,---,2023-09-18
U01713,2022-05-01,Standrd,Cancelled,2022-05-12,2022-03-06
U01714,2023-08-07,Standard,Active,---,2024-04-22
U01715,2023-02-08,Mobile,Active,---,2024-03-09
U01716,2023-03-02,Premimum,Active,---,2023-03-16
U01717,2023-07-21,Premimum,Active,---,2024-06-27
U01718,2022-01-26,Standrd,Cancelled,2022-10-13,2022-08-20
U01719,2023-05-30,Standard,Active,---,2023-07-01
U01720,2022-07-29,Premimum,Cancelled,2023-06-05,2022-08-21
U01721,2022-01-26,Basic,Active,---,2022-07-24
U01722,2022-06-08,Mobile,Cancelled,2023-03-29,2023-02-22
U01723,2023-03-26,Premium,Active,---,2023-08-27
U01724,2024-09-16,Basic,Active,---,2025-05-07
U01725,2023-09-06,Standrd,Cancelled,2024-03-03,2024-03-02
U01726,2023-07-13,Basic,Cancelled,2024-02-19,2024-01-06
U01727,2022-02-06,Standrd,Active,---,2022-08-02
U01728,2023-03-21,Premimum,Cancelled,2023-11-03,2023-09-04
U01729,2024-04-24,Premium,Cancelled,2025-02-05,2024-08-28
U01730,2022-06-09,Standard,Cancelled,2023-05-02,2022-11-03
U01731,2023-06-12,Basic,Cancelled,2023-11-18,2023-07-19
U01732,2022-05-13,Premimum,Active,---,2022-06-13
U01733,2023-08-08,Basic,Active,---,2023-09-04
U01734,2023-07-27,Basic,Active,---,2023-11-12
U01735,2023-11-07,Mobile,Active,---,2024-02-15
U01736,2023-09-18,Premimum,Cancelled,2024-06-16,2024-05-30
U01737,2022-12-28,Premium,Active,---,2023-08-04
U01738,2024-03-14,Mobile,Cancelled,2024-06-25,2024-03-28
U01739,2023-01-17,Basic,Cancelled,2023-03-23,2023-02-16
U01740,2024-01-09,Premium,Active,---,2024-09-29
U01741,2024-11-03,Premium,Active,---,2024-06-18
U01742,2024-03-20,Standard,Active,---,2024-06-20
U01743,2022-03-14,Standrd,Active,---,2023-03-06
U01744,2024-10-29,Premimum,Cancelled,2025-10-20,2025-07-05
U01745,2023-01-21,Premium,Cancelled,2023-10-27,2023-06-07
U01746,2024-09-24,Standrd,Cancelled,2025-04-18,2024-12-13
U01747,2024-02-07,Premium,Active,---,2025-05-10
U01748,2024-11-04,Premimum,Cancelled,2025-01-15,2024-12-19
U01749,2022-11-28,Premium,Active,---,2023-02-01
U01750,2022-04-15,Standrd,Cancelled,2022-12-20,2022-06-01
U01751,2024-04-17,Mobile,Active,---,2024-11-02
U01752,2024-08-02,Premium,Active,---,2025-01-03
U01753,2024-01-18,Standrd,Active,---,2024-03-12
U01754,2023-10-28,Premimum,Active,---,2024-08-12
U01755,2023-04-24,Premium,Active,---,2023-09-04
U01756,2022-03-20,Mobile,Active,---,2022-12-05
U01757,2024-11-11,Standrd,Active,---,2025-01-21
U01758,2023-06-01,Mobile,Active,---,2023-03-25
U01759,2024-03-15,Basic,Active,---,2024-12-30
U01760,2024-06-09,Mobile,Active,---,2024-09-13
U01761,2022-12-29,Standard,Cancelled,2023-10-24,2023-05-29
U01762,2023-04-14,Standard,Cancelled,2024-01-05,2023-05-25
U01763,2024-01-17,Standrd,Active,---,2024-04-12
U01764,2024-09-05,Premium,Cancelled,2025-05-04,2024-12-09
U01765,2024-10-10,Premium,Active,---,2025-08-07
U01766,2024-04-16,Mobile,Active,---,2024-06-01
U01767,2024-05-16,Standard,Active,---,2024-06-27
U01768,2024-09-02,Standrd,Active,---,2024-10-31
U01769,2024-02-05,Standard,Active,---,2025-02-20
U01770,2024-02-12,Standard,Active,---,2024-12-11
U01771,2023-02-11,Premimum,Cancelled,2024-02-01,2023-12-17
U01772,2022-06-04,Basic,Active,---,2022-08-08
U01773,2023-05-26,Premium,Cancelled,2023-07-05,2023-05-26
U01774,2024-02-12,Standard,Active,---,2025-04-17
U01775,2024-03-24,Standard,Active,---,2024-09-23
U01776,2024-01-07,Basic,Active,---,2024-07-16
U01777,2025-03-23,Standard,Active,---,2025-04-20
U01778,2024-12-13,Premium,Active,---,2025-09-06
U01779,2023-03-25,Standard,Active,---,2023-11-04
U01780,2023-12-27,Premimum,Active,---,2024-12-17
U01781,2022-10-12,Mobile,Active,---,2023-02-01
U01782,2023-07-08,Mobile,Active,---,2024-05-10
U01783,2023-04-07,Premium,Active,---,2024-03-26
U01784,2024-08-23,Premimum,Active,---,2024-12-28
U01785,2023-05-22,Standrd,Active,---,2023-05-27
U01786,2023-02-24,Basic,Active,---,2023-10-16
U01787,2022-11-04,Mobile,Active,---,2023-10-08
U01788,2024-04-15,Standard,Cancelled,2024-08-01,2024-05-28
U01789,2023-12-07,Premimum,Active,---,2023-12-24
U01790,2024-04-09,Basic,Cancelled,2025-07-15,2024-11-02
U01791,2023-10-19,Standrd,Active,---,2024-03-02
U01792,2023-05-23,Premium,Active,---,2024-05-03
U01793,2023-11-17,Standard,Active,---,2024-02-06
U01794,2023-09-27,Standard,Active,---,2024-07-25
U01795,2024-04-03,Standard,Active,---,2024-07-10
U01796,2023-05-11,Basic,Cancelled,2024-01-30,2024-01-21
U01797,2023-10-02,Basic,Active,---,2023-02-13
U01798,2024-05-21,Standrd,Cancelled,2025-01-28,2024-07-21
U01799,2022-06-08,Basic,Cancelled,2023-02-15,2022-11-24
U01800,2022-11-05,Standrd,Active,---,2022-11-11
U01801,2024-11-12,Basic,Active,---,2025-10-30
U01802,2024-01-30,Standard,Cancelled,2024-12-04,2024-04-02
U01803,2023-07-07,Standard,Cancelled,2023-10-15,2023-09-23
U01804,2022-05-08,Standard,Cancelled,2023-01-26,2022-09-10
U01805,2023-02-14,Premimum,Active,---,2023-03-13
U01806,2024-04-10,Standrd,Active,---,2025-03-01
U01807,2023-02-02,Standard,Cancelled,2023-08-31,2023-08-05
U01808,2022-11-16,Basic,Cancelled,2022-12-24,2022-12-09
U01809,2024-04-09,Basic,Active,---,2024-12-10
U01810,2024-01-23,Standrd,Active,---,2024-04-04
U01811,2023-10-23,Premimum,Active,---,2023-12-27
U01812,2023-12-07,Premium,Cancelled,2024-06-05,2023-08-20
U01813,2022-09-01,Standard,Active,---,2022-05-25
U01814,2022-04-23,Premimum,Active,---,2023-02-25
U01815,2022-08-08,Premimum,Cancelled,2023-05-22,2023-05-03
U01816,2022-06-20,Mobile,Active,---,2022-10-07
U01817,2023-07-31,Basic,Active,---,2023-12-20
U01818,2024-08-11,Standrd,Active,---,2025-06-30
U01819,2023-04-27,Basic,Cancelled,2023-12-29,2023-12-09
U01820,2023-02-14,Premimum,Active,---,2023-04-08
U01821,2024-02-17,Premium,Active,---,2025-01-28
U01822,2022-01-22,Mobile,Active,---,2022-05-09
U01823,2024-09-21,Premium,Cancelled,2025-01-29,2025-01-26
U01824,2022-04-10,Standard,Active,---,2023-08-03
U01825,2022-07-01,Standrd,Cancelled,2022-08-10,2022-04-27
U01826,2022-02-02,Standard,Active,---,2022-03-29
U01827,2022-04-02,Premimum,Cancelled,2022-11-02,2022-05-10
U01828,2023-08-09,Premium,Cancelled,2024-03-03,2023-11-08
U01829,2025-05-03,Standrd,Cancelled,2026-03-01,2025-06-14
U01830,2023-12-22,Standrd,Cancelled,2024-10-06,2024-08-13
U01831,2023-09-05,Premium,Active,---,2023-09-08
U01832,2024-05-28,Standrd,Active,---,2024-07-31
U01833,2023-05-20,Mobile,Active,---,2024-03-31
U01834,2023-08-17,Standard,Cancelled,2024-05-27,2023-12-25
U01835,2023-05-15,Standard,Active,---,2024-04-02
U01836,2025-03-22,Basic,Active,---,2025-08-09
U01837,2024-10-05,Standard,Active,---,2025-04-11
U01838,2024-06-08,Standrd,Active,---,2025-05-10
U01839,2022-12-10,Standrd,Cancelled,2023-08-28,2023-01-21
U01840,2023-05-17,Premimum,Active,---,2024-03-01
U01841,2023-10-05,Mobile,Active,---,2023-07-24
U01842,2023-02-28,Basic,Active,---,2024-01-08
U01843,2022-09-11,Premium,Active,---,2022-11-20
U01844,2023-09-23,Mobile,Cancelled,2024-07-28,2023-11-29
U01845,2022-03-26,Standrd,Active,---,2023-03-25
U01846,2023-06-23,Standrd,Active,---,2024-05-31
U01847,2023-07-20,Premium,Active,---,2024-06-07
U01848,2023-11-09,Mobile,Active,---,2024-01-14
U01849,2024-02-21,Premimum,Active,---,2024-05-18
U01850,2023-05-14,Standrd,Active,---,2024-03-10
U01851,2023-05-22,Mobile,Cancelled,2023-11-25,2023-09-20
U01852,2024-04-28,Basic,Cancelled,2025-03-06,2024-11-01
U01853,2024-10-06,Basic,Cancelled,2025-04-13,2024-11-23
U01854,2024-01-25,Premimum,Active,---,2024-10-10
U01855,2024-01-31,Premimum,Active,---,2024-07-11
U01856,2024-12-04,Standrd,Cancelled,2024-11-04,2024-08-20
U01857,2024-06-05,Standrd,Cancelled,2025-04-13,2024-08-04
U01858,2023-12-27,Premium,Cancelled,2024-03-29,2024-03-21
U01859,2024-11-23,Standard,Active,---,2025-10-06
U01860,2024-08-13,Standrd,Cancelled,2024-11-11,2024-09-17
U01861,2025-03-10,Premium,Active,---,2025-10-20
U01862,2024-03-28,Premimum,Active,---,2024-10-05
U01863,2023-03-26,Standard,Active,---,2023-09-22
U01864,2022-02-15,Mobile,Active,---,2022-08-07
U01865,2022-12-14,Mobile,Cancelled,2023-08-31,2023-07-26
U01866,2023-08-28,Basic,Active,---,2024-02-06
U01867,2022-08-14,Standrd,Active,---,2022-12-22
U01868,2024-06-24,Standrd,Cancelled,2025-03-22,2025-02-28
U01869,2024-12-01,Basic,Active,---,2024-06-02
U01870,2022-09-25,Standard,Active,---,2022-10-29
U01871,2022-12-24,Premium,Active,---,2023-10-04
U01872,2023-05-28,Premium,Cancelled,2023-08-01,2023-07-22
U01873,2023-05-06,Premium,Cancelled,2023-10-26,2023-07-13
U01874,2025-02-28,Standard,Cancelled,2025-12-31,2025-11-26
U01875,2022-04-12,Basic,Cancelled,2022-09-10,2022-05-24
U01876,2025-01-02,Premimum,Active,---,2025-11-15
U01877,2024-01-31,Premium,Active,---,2024-11-26
U01878,2023-12-16,Premium,Active,---,2024-03-15
U01879,2025-03-24,Mobile,Active,---,2025-09-22
U01880,2023-04-10,Mobile,Active,---,2024-06-19
U01881,2023-10-18,Standrd,Active,---,2024-09-24
U01882,2022-06-25,Basic,Active,---,2023-04-22
U01883,2022-06-29,Premimum,Active,---,2023-03-21
U01884,2023-07-27,Basic,Active,---,2023-10-28
U01885,2022-04-22,Standrd,Active,---,2022-06-17
U01886,2023-09-21,Standrd,Active,---,2023-11-06
U01887,2024-07-07,Premimum,Cancelled,2024-12-07,2024-09-04
U01888,2024-11-30,Standard,Active,---,2024-12-30
U01889,2025-01-16,Mobile,Active,---,2025-07-13
U01890,2023-03-05,Premimum,Active,---,2024-01-24
U01891,2024-03-25,Premium,Active,---,2024-04-01
U01892,2024-01-18,Basic,Active,---,2024-06-16
U01893,2024-08-18,Basic,Cancelled,2025-06-06,2025-04-12
U01894,2022-09-10,Mobile,Cancelled,2023-10-03,2023-07-14
U01895,2022-02-10,Standrd,Cancelled,2022-03-24,2022-02-23
U01896,2023-05-31,Basic,Cancelled,2024-03-15,2023-11-19
U01897,2022-07-24,Standard,Active,---,2022-09-17
U01898,2024-07-13,Standard,Active,---,2025-07-05
U01899,2022-03-05,Basic,Active,---,2022-07-22
U01900,2023-08-07,Mobile,Cancelled,2023-11-15,2023-08-12
U01901,2022-02-18,Standard,Cancelled,2022-11-12,2022-07-15
U01902,2022-01-12,Premimum,Active,---,2023-05-12
U01903,2024-06-14,Basic,Active,---,2024-10-30
U01904,2022-10-21,Basic,Cancelled,2023-10-06,2023-06-23
U01905,2024-12-04,Standrd,Active,---,2024-05-07
U01906,2024-09-29,Premimum,Active,---,2025-07-07
U01907,2022-07-03,Basic,Active,---,2022-07-01
U01908,2022-01-20,Basic,Cancelled,2022-07-19,2022-05-11
U01909,2023-07-21,Basic,Cancelled,2024-02-03,2023-09-04
U01910,2023-09-22,Standrd,Active,---,2024-02-01
U01911,2025-02-28,Premium,Active,---,2026-02-27
U01912,2024-12-18,Basic,Cancelled,2025-06-30,2025-02-13
U01913,2023-01-15,Standard,Active,---,2023-11-12
U01914,2022-05-15,Basic,Cancelled,2022-09-04,2022-05-25
U01915,2022-02-03,Premium,Cancelled,2022-10-04,2022-03-23
U01916,2023-07-30,Standrd,Active,---,2024-07-18
U01917,2023-08-16,Premium,Active,---,2024-05-01
U01918,2022-05-14,Premimum,Active,---,2023-02-28
U01919,2025-03-22,Standard,Active,---,2025-05-18
U01920,2023-08-26,Standrd,Cancelled,2024-03-16,2023-11-15
U01921,2024-07-06,Basic,Active,---,2025-03-21
U01922,2022-02-15,Premimum,Active,---,2022-03-07
U01923,2024-02-18,Premium,Active,---,2024-11-18
U01924,2024-05-12,Premium,Active,---,2025-10-01
U01925,2025-09-04,Premimum,Active,---,2025-04-29
U01926,2024-12-06,Premimum,Cancelled,2025-06-09,2025-05-25
U01927,2023-08-08,Mobile,Active,---,2023-08-31
U01928,2022-10-15,Basic,Cancelled,2023-07-03,2023-02-28
U01929,2022-02-08,Premium,Cancelled,2023-07-22,2022-09-18
U01930,2023-06-17,Standard,Active,---,2023-10-04
U01931,2025-01-24,Standrd,Active,---,2025-05-03
U01932,2022-02-01,Mobile,Active,---,2022-06-04
U01933,2022-07-30,Basic,Cancelled,2023-01-16,2022-12-13
U01934,2024-11-28,Standrd,Active,---,2025-05-12
U01935,2025-02-24,Basic,Active,---,2025-12-04
U01936,2023-11-14,Premimum,Cancelled,2024-03-06,2023-11-30
U01937,2022-01-27,Mobile,Active,---,2022-09-24
U01938,2022-03-15,Basic,Active,---,2022-05-20
U01939,2025-09-03,Mobile,Cancelled,2025-04-30,2025-04-17
U01940,2025-03-26,Premimum,Cancelled,2025-12-26,2025-11-07
U01941,2022-01-20,Mobile,Active,---,2022-03-03
U01942,2022-12-04,Basic,Active,---,2022-12-17
U01943,2022-09-30,Premium,Active,---,2023-08-25
U01944,2022-04-28,Premimum,Active,---,2023-03-11
U01945,2023-11-01,Standrd,Cancelled,2023-05-23,2023-02-02
U01946,2025-01-16,Standrd,Active,---,2025-05-23
U01947,2022-06-03,Standrd,Active,---,2022-06-28
U01948,2023-04-12,Standrd,Active,---,2024-03-01
U01949,2025-02-03,Standard,Active,---,2025-09-13
U01950,2024-04-13,Mobile,Active,---,2024-07-11
U01951,2025-01-12,Mobile,Cancelled,2025-07-14,2025-02-28
U01952,2022-09-27,Premium,Active,---,2023-02-26
U01953,2024-03-19,Premimum,Active,---,2024-05-08
U01954,2024-02-01,Premium,Active,---,2024-01-31
U01955,2024-12-22,Premium,Cancelled,2025-11-21,2025-05-16
U01956,2023-01-21,Basic,Active,---,2023-04-02
U01957,2022-07-15,Premium,Active,---,2023-04-27
U01958,2022-03-22,Basic,Active,---,2022-05-20
U01959,2023-01-01,Standard,Active,---,2023-07-30
U01960,2023-12-12,Mobile,Active,---,2024-01-14
U01961,2025-11-02,Basic,Cancelled,2025-06-03,2025-05-27
U01962,2024-03-05,Standrd,Cancelled,2025-01-16,2024-06-13
U01963,2024-07-30,Mobile,Active,---,2024-08-17
U01964,2024-10-27,Mobile,Active,---,2025-07-30
U01965,2024-08-04,Premimum,Active,---,2024-09-29
U01966,2025-02-28,Premimum,Cancelled,2025-04-02,2025-03-08
U01967,2023-01-15,Standrd,Active,---,2024-01-01
U01968,2023-09-07,Mobile,Active,---,2024-04-30
U01969,2022-01-15,Premimum,Active,---,2022-11-26
U01970,2022-12-28,Standard,Active,---,2023-03-05
U01971,2022-04-18,Premimum,Active,---,2023-02-25
U01972,2024-12-02,Standrd,Cancelled,2024-05-02,2024-04-27
U01973,2023-10-30,Premium,Active,---,2024-07-08
U01974,2024-05-09,Premium,Cancelled,2025-01-02,2024-12-18
U01975,2024-09-10,Standrd,Active,---,2024-10-14
U01976,2024-08-30,Premium,Active,---,2025-06-02
U01977,2023-12-07,Standard,Active,---,2024-06-06
U01978,2023-07-28,Premimum,Active,---,2024-04-17
U01979,2022-07-27,Standard,Active,---,2022-11-23
U01980,2023-01-28,Premium,Active,---,2023-11-23
U01981,2022-09-14,Premium,Cancelled,2022-11-11,2022-10-20
U01982,2022-09-02,Standrd,Active,---,2022-12-03
U01983,2024-06-14,Premimum,Active,---,2024-12-29
U01984,2024-10-30,Mobile,Active,---,2025-10-29
U01985,2022-10-05,Standard,Active,---,2022-10-13
U01986,2023-05-05,Premimum,Active,---,2023-06-03
U01987,2023-02-03,Standard,Cancelled,2023-11-03,2023-09-06
U01988,2023-07-14,Premimum,Active,---,2024-05-25
U01989,2025-04-04,Standrd,Active,---,2025-06-02
U01990,2022-05-25,Mobile,Cancelled,2023-02-24,2022-07-11
U01991,2022-07-08,Standard,Active,---,2023-05-12
U01992,2024-08-18,Mobile,Active,---,2024-10-17
U01993,2022-09-30,Premium,Active,---,2023-03-16
U01994,2024-02-04,Premium,Cancelled,2025-01-20,2024-12-10
U01995,2024-12-27,Mobile,Cancelled,2025-05-31,2025-05-19
U01996,2024-01-09,Premimum,Cancelled,2025-05-23,2025-01-09
U01997,2024-07-23,Basic,Active,---,2025-06-05
U01998,2023-05-31,Premimum,Cancelled,2024-02-15,2023-07-18
U01999,2024-10-08,Standrd,Active,---,2024-11-08
U02000,2023-09-10,Mobile,Cancelled,2024-07-04,2024-04-02
